# Timestamp: 2026-09-09T03:18:33+0000
# Pod: meta-lla-888e33f1-instruct-router-epp-c7cd7485b-ndldb
# PodIP: 10.131.9.174
# Source: epp_prometheus_metrics

# HELP certwatcher_read_certificate_errors_total Total number of certificate read errors
# TYPE certwatcher_read_certificate_errors_total counter
certwatcher_read_certificate_errors_total 0
# HELP certwatcher_read_certificate_total Total number of certificate reads
# TYPE certwatcher_read_certificate_total counter
certwatcher_read_certificate_total 0
# HELP controller_runtime_active_workers Number of currently used workers per controller
# TYPE controller_runtime_active_workers gauge
controller_runtime_active_workers{controller="inferencemodelrewrite"} 0
controller_runtime_active_workers{controller="inferenceobjective"} 0
controller_runtime_active_workers{controller="inferencepool"} 0
controller_runtime_active_workers{controller="pod"} 0
# HELP controller_runtime_conversion_webhook_panics_total Total number of conversion webhook panics
# TYPE controller_runtime_conversion_webhook_panics_total counter
controller_runtime_conversion_webhook_panics_total 0
# HELP controller_runtime_max_concurrent_reconciles Maximum number of concurrent reconciles per controller
# TYPE controller_runtime_max_concurrent_reconciles gauge
controller_runtime_max_concurrent_reconciles{controller="inferencemodelrewrite"} 1
controller_runtime_max_concurrent_reconciles{controller="inferenceobjective"} 1
controller_runtime_max_concurrent_reconciles{controller="inferencepool"} 1
controller_runtime_max_concurrent_reconciles{controller="pod"} 1
# HELP controller_runtime_reconcile_errors_total Total number of reconciliation errors per controller
# TYPE controller_runtime_reconcile_errors_total counter
controller_runtime_reconcile_errors_total{controller="inferencemodelrewrite"} 0
controller_runtime_reconcile_errors_total{controller="inferenceobjective"} 0
controller_runtime_reconcile_errors_total{controller="inferencepool"} 0
controller_runtime_reconcile_errors_total{controller="pod"} 0
# HELP controller_runtime_reconcile_panics_total Total number of reconciliation panics per controller
# TYPE controller_runtime_reconcile_panics_total counter
controller_runtime_reconcile_panics_total{controller="inferencemodelrewrite"} 0
controller_runtime_reconcile_panics_total{controller="inferenceobjective"} 0
controller_runtime_reconcile_panics_total{controller="inferencepool"} 0
controller_runtime_reconcile_panics_total{controller="pod"} 0
# HELP controller_runtime_reconcile_time_seconds Length of time per reconciliation per controller
# TYPE controller_runtime_reconcile_time_seconds histogram
controller_runtime_reconcile_time_seconds_bucket{controller="inferenceobjective",le="0.005"} 1
controller_runtime_reconcile_time_seconds_bucket{controller="inferenceobjective",le="0.01"} 1
controller_runtime_reconcile_time_seconds_bucket{controller="inferenceobjective",le="0.025"} 1
controller_runtime_reconcile_time_seconds_bucket{controller="inferenceobjective",le="0.05"} 1
controller_runtime_reconcile_time_seconds_bucket{controller="inferenceobjective",le="0.1"} 1
controller_runtime_reconcile_time_seconds_bucket{controller="inferenceobjective",le="0.15"} 1
controller_runtime_reconcile_time_seconds_bucket{controller="inferenceobjective",le="0.2"} 1
controller_runtime_reconcile_time_seconds_bucket{controller="inferenceobjective",le="0.25"} 1
controller_runtime_reconcile_time_seconds_bucket{controller="inferenceobjective",le="0.3"} 1
controller_runtime_reconcile_time_seconds_bucket{controller="inferenceobjective",le="0.35"} 1
controller_runtime_reconcile_time_seconds_bucket{controller="inferenceobjective",le="0.4"} 1
controller_runtime_reconcile_time_seconds_bucket{controller="inferenceobjective",le="0.45"} 1
controller_runtime_reconcile_time_seconds_bucket{controller="inferenceobjective",le="0.5"} 1
controller_runtime_reconcile_time_seconds_bucket{controller="inferenceobjective",le="0.6"} 1
controller_runtime_reconcile_time_seconds_bucket{controller="inferenceobjective",le="0.7"} 1
controller_runtime_reconcile_time_seconds_bucket{controller="inferenceobjective",le="0.8"} 1
controller_runtime_reconcile_time_seconds_bucket{controller="inferenceobjective",le="0.9"} 1
controller_runtime_reconcile_time_seconds_bucket{controller="inferenceobjective",le="1"} 1
controller_runtime_reconcile_time_seconds_bucket{controller="inferenceobjective",le="1.25"} 1
controller_runtime_reconcile_time_seconds_bucket{controller="inferenceobjective",le="1.5"} 1
controller_runtime_reconcile_time_seconds_bucket{controller="inferenceobjective",le="1.75"} 1
controller_runtime_reconcile_time_seconds_bucket{controller="inferenceobjective",le="2"} 1
controller_runtime_reconcile_time_seconds_bucket{controller="inferenceobjective",le="2.5"} 1
controller_runtime_reconcile_time_seconds_bucket{controller="inferenceobjective",le="3"} 1
controller_runtime_reconcile_time_seconds_bucket{controller="inferenceobjective",le="3.5"} 1
controller_runtime_reconcile_time_seconds_bucket{controller="inferenceobjective",le="4"} 1
controller_runtime_reconcile_time_seconds_bucket{controller="inferenceobjective",le="4.5"} 1
controller_runtime_reconcile_time_seconds_bucket{controller="inferenceobjective",le="5"} 1
controller_runtime_reconcile_time_seconds_bucket{controller="inferenceobjective",le="6"} 1
controller_runtime_reconcile_time_seconds_bucket{controller="inferenceobjective",le="7"} 1
controller_runtime_reconcile_time_seconds_bucket{controller="inferenceobjective",le="8"} 1
controller_runtime_reconcile_time_seconds_bucket{controller="inferenceobjective",le="9"} 1
controller_runtime_reconcile_time_seconds_bucket{controller="inferenceobjective",le="10"} 1
controller_runtime_reconcile_time_seconds_bucket{controller="inferenceobjective",le="15"} 1
controller_runtime_reconcile_time_seconds_bucket{controller="inferenceobjective",le="20"} 1
controller_runtime_reconcile_time_seconds_bucket{controller="inferenceobjective",le="25"} 1
controller_runtime_reconcile_time_seconds_bucket{controller="inferenceobjective",le="30"} 1
controller_runtime_reconcile_time_seconds_bucket{controller="inferenceobjective",le="40"} 1
controller_runtime_reconcile_time_seconds_bucket{controller="inferenceobjective",le="50"} 1
controller_runtime_reconcile_time_seconds_bucket{controller="inferenceobjective",le="60"} 1
controller_runtime_reconcile_time_seconds_bucket{controller="inferenceobjective",le="+Inf"} 1
controller_runtime_reconcile_time_seconds_sum{controller="inferenceobjective"} 0.000163956
controller_runtime_reconcile_time_seconds_count{controller="inferenceobjective"} 1
controller_runtime_reconcile_time_seconds_bucket{controller="inferencepool",le="0.005"} 1
controller_runtime_reconcile_time_seconds_bucket{controller="inferencepool",le="0.01"} 1
controller_runtime_reconcile_time_seconds_bucket{controller="inferencepool",le="0.025"} 1
controller_runtime_reconcile_time_seconds_bucket{controller="inferencepool",le="0.05"} 1
controller_runtime_reconcile_time_seconds_bucket{controller="inferencepool",le="0.1"} 1
controller_runtime_reconcile_time_seconds_bucket{controller="inferencepool",le="0.15"} 1
controller_runtime_reconcile_time_seconds_bucket{controller="inferencepool",le="0.2"} 1
controller_runtime_reconcile_time_seconds_bucket{controller="inferencepool",le="0.25"} 1
controller_runtime_reconcile_time_seconds_bucket{controller="inferencepool",le="0.3"} 1
controller_runtime_reconcile_time_seconds_bucket{controller="inferencepool",le="0.35"} 1
controller_runtime_reconcile_time_seconds_bucket{controller="inferencepool",le="0.4"} 1
controller_runtime_reconcile_time_seconds_bucket{controller="inferencepool",le="0.45"} 1
controller_runtime_reconcile_time_seconds_bucket{controller="inferencepool",le="0.5"} 1
controller_runtime_reconcile_time_seconds_bucket{controller="inferencepool",le="0.6"} 1
controller_runtime_reconcile_time_seconds_bucket{controller="inferencepool",le="0.7"} 1
controller_runtime_reconcile_time_seconds_bucket{controller="inferencepool",le="0.8"} 1
controller_runtime_reconcile_time_seconds_bucket{controller="inferencepool",le="0.9"} 1
controller_runtime_reconcile_time_seconds_bucket{controller="inferencepool",le="1"} 1
controller_runtime_reconcile_time_seconds_bucket{controller="inferencepool",le="1.25"} 1
controller_runtime_reconcile_time_seconds_bucket{controller="inferencepool",le="1.5"} 1
controller_runtime_reconcile_time_seconds_bucket{controller="inferencepool",le="1.75"} 1
controller_runtime_reconcile_time_seconds_bucket{controller="inferencepool",le="2"} 1
controller_runtime_reconcile_time_seconds_bucket{controller="inferencepool",le="2.5"} 1
controller_runtime_reconcile_time_seconds_bucket{controller="inferencepool",le="3"} 1
controller_runtime_reconcile_time_seconds_bucket{controller="inferencepool",le="3.5"} 1
controller_runtime_reconcile_time_seconds_bucket{controller="inferencepool",le="4"} 1
controller_runtime_reconcile_time_seconds_bucket{controller="inferencepool",le="4.5"} 1
controller_runtime_reconcile_time_seconds_bucket{controller="inferencepool",le="5"} 1
controller_runtime_reconcile_time_seconds_bucket{controller="inferencepool",le="6"} 1
controller_runtime_reconcile_time_seconds_bucket{controller="inferencepool",le="7"} 1
controller_runtime_reconcile_time_seconds_bucket{controller="inferencepool",le="8"} 1
controller_runtime_reconcile_time_seconds_bucket{controller="inferencepool",le="9"} 1
controller_runtime_reconcile_time_seconds_bucket{controller="inferencepool",le="10"} 1
controller_runtime_reconcile_time_seconds_bucket{controller="inferencepool",le="15"} 1
controller_runtime_reconcile_time_seconds_bucket{controller="inferencepool",le="20"} 1
controller_runtime_reconcile_time_seconds_bucket{controller="inferencepool",le="25"} 1
controller_runtime_reconcile_time_seconds_bucket{controller="inferencepool",le="30"} 1
controller_runtime_reconcile_time_seconds_bucket{controller="inferencepool",le="40"} 1
controller_runtime_reconcile_time_seconds_bucket{controller="inferencepool",le="50"} 1
controller_runtime_reconcile_time_seconds_bucket{controller="inferencepool",le="60"} 1
controller_runtime_reconcile_time_seconds_bucket{controller="inferencepool",le="+Inf"} 1
controller_runtime_reconcile_time_seconds_sum{controller="inferencepool"} 0.000353301
controller_runtime_reconcile_time_seconds_count{controller="inferencepool"} 1
controller_runtime_reconcile_time_seconds_bucket{controller="pod",le="0.005"} 7
controller_runtime_reconcile_time_seconds_bucket{controller="pod",le="0.01"} 7
controller_runtime_reconcile_time_seconds_bucket{controller="pod",le="0.025"} 7
controller_runtime_reconcile_time_seconds_bucket{controller="pod",le="0.05"} 7
controller_runtime_reconcile_time_seconds_bucket{controller="pod",le="0.1"} 7
controller_runtime_reconcile_time_seconds_bucket{controller="pod",le="0.15"} 7
controller_runtime_reconcile_time_seconds_bucket{controller="pod",le="0.2"} 7
controller_runtime_reconcile_time_seconds_bucket{controller="pod",le="0.25"} 7
controller_runtime_reconcile_time_seconds_bucket{controller="pod",le="0.3"} 7
controller_runtime_reconcile_time_seconds_bucket{controller="pod",le="0.35"} 7
controller_runtime_reconcile_time_seconds_bucket{controller="pod",le="0.4"} 7
controller_runtime_reconcile_time_seconds_bucket{controller="pod",le="0.45"} 7
controller_runtime_reconcile_time_seconds_bucket{controller="pod",le="0.5"} 7
controller_runtime_reconcile_time_seconds_bucket{controller="pod",le="0.6"} 7
controller_runtime_reconcile_time_seconds_bucket{controller="pod",le="0.7"} 7
controller_runtime_reconcile_time_seconds_bucket{controller="pod",le="0.8"} 7
controller_runtime_reconcile_time_seconds_bucket{controller="pod",le="0.9"} 7
controller_runtime_reconcile_time_seconds_bucket{controller="pod",le="1"} 7
controller_runtime_reconcile_time_seconds_bucket{controller="pod",le="1.25"} 7
controller_runtime_reconcile_time_seconds_bucket{controller="pod",le="1.5"} 7
controller_runtime_reconcile_time_seconds_bucket{controller="pod",le="1.75"} 7
controller_runtime_reconcile_time_seconds_bucket{controller="pod",le="2"} 7
controller_runtime_reconcile_time_seconds_bucket{controller="pod",le="2.5"} 7
controller_runtime_reconcile_time_seconds_bucket{controller="pod",le="3"} 7
controller_runtime_reconcile_time_seconds_bucket{controller="pod",le="3.5"} 7
controller_runtime_reconcile_time_seconds_bucket{controller="pod",le="4"} 7
controller_runtime_reconcile_time_seconds_bucket{controller="pod",le="4.5"} 7
controller_runtime_reconcile_time_seconds_bucket{controller="pod",le="5"} 7
controller_runtime_reconcile_time_seconds_bucket{controller="pod",le="6"} 7
controller_runtime_reconcile_time_seconds_bucket{controller="pod",le="7"} 7
controller_runtime_reconcile_time_seconds_bucket{controller="pod",le="8"} 7
controller_runtime_reconcile_time_seconds_bucket{controller="pod",le="9"} 7
controller_runtime_reconcile_time_seconds_bucket{controller="pod",le="10"} 7
controller_runtime_reconcile_time_seconds_bucket{controller="pod",le="15"} 7
controller_runtime_reconcile_time_seconds_bucket{controller="pod",le="20"} 7
controller_runtime_reconcile_time_seconds_bucket{controller="pod",le="25"} 7
controller_runtime_reconcile_time_seconds_bucket{controller="pod",le="30"} 7
controller_runtime_reconcile_time_seconds_bucket{controller="pod",le="40"} 7
controller_runtime_reconcile_time_seconds_bucket{controller="pod",le="50"} 7
controller_runtime_reconcile_time_seconds_bucket{controller="pod",le="60"} 7
controller_runtime_reconcile_time_seconds_bucket{controller="pod",le="+Inf"} 7
controller_runtime_reconcile_time_seconds_sum{controller="pod"} 0.001162413
controller_runtime_reconcile_time_seconds_count{controller="pod"} 7
# HELP controller_runtime_reconcile_timeouts_total Total number of reconciliation timeouts per controller
# TYPE controller_runtime_reconcile_timeouts_total counter
controller_runtime_reconcile_timeouts_total{controller="inferencemodelrewrite"} 0
controller_runtime_reconcile_timeouts_total{controller="inferenceobjective"} 0
controller_runtime_reconcile_timeouts_total{controller="inferencepool"} 0
controller_runtime_reconcile_timeouts_total{controller="pod"} 0
# HELP controller_runtime_reconcile_total Total number of reconciliations per controller
# TYPE controller_runtime_reconcile_total counter
controller_runtime_reconcile_total{controller="inferencemodelrewrite",result="error"} 0
controller_runtime_reconcile_total{controller="inferencemodelrewrite",result="requeue"} 0
controller_runtime_reconcile_total{controller="inferencemodelrewrite",result="requeue_after"} 0
controller_runtime_reconcile_total{controller="inferencemodelrewrite",result="success"} 0
controller_runtime_reconcile_total{controller="inferenceobjective",result="error"} 0
controller_runtime_reconcile_total{controller="inferenceobjective",result="requeue"} 0
controller_runtime_reconcile_total{controller="inferenceobjective",result="requeue_after"} 0
controller_runtime_reconcile_total{controller="inferenceobjective",result="success"} 1
controller_runtime_reconcile_total{controller="inferencepool",result="error"} 0
controller_runtime_reconcile_total{controller="inferencepool",result="requeue"} 0
controller_runtime_reconcile_total{controller="inferencepool",result="requeue_after"} 0
controller_runtime_reconcile_total{controller="inferencepool",result="success"} 1
controller_runtime_reconcile_total{controller="pod",result="error"} 0
controller_runtime_reconcile_total{controller="pod",result="requeue"} 0
controller_runtime_reconcile_total{controller="pod",result="requeue_after"} 0
controller_runtime_reconcile_total{controller="pod",result="success"} 7
# HELP controller_runtime_terminal_reconcile_errors_total Total number of terminal reconciliation errors per controller
# TYPE controller_runtime_terminal_reconcile_errors_total counter
controller_runtime_terminal_reconcile_errors_total{controller="inferencemodelrewrite"} 0
controller_runtime_terminal_reconcile_errors_total{controller="inferenceobjective"} 0
controller_runtime_terminal_reconcile_errors_total{controller="inferencepool"} 0
controller_runtime_terminal_reconcile_errors_total{controller="pod"} 0
# HELP controller_runtime_webhook_panics_total Total number of webhook panics
# TYPE controller_runtime_webhook_panics_total counter
controller_runtime_webhook_panics_total 0
# HELP go_cgo_go_to_c_calls_calls_total Count of calls made from Go to C by the current process. Sourced from /cgo/go-to-c-calls:calls.
# TYPE go_cgo_go_to_c_calls_calls_total counter
go_cgo_go_to_c_calls_calls_total 0
# HELP go_cpu_classes_gc_mark_assist_cpu_seconds_total Estimated total CPU time goroutines spent performing GC tasks to assist the GC and prevent it from falling behind the application. This metric is an overestimate, and not directly comparable to system CPU time measurements. Compare only with other /cpu/classes metrics. Sourced from /cpu/classes/gc/mark/assist:cpu-seconds.
# TYPE go_cpu_classes_gc_mark_assist_cpu_seconds_total counter
go_cpu_classes_gc_mark_assist_cpu_seconds_total 0.071787903
# HELP go_cpu_classes_gc_mark_dedicated_cpu_seconds_total Estimated total CPU time spent performing GC tasks on processors (as defined by GOMAXPROCS) dedicated to those tasks. This metric is an overestimate, and not directly comparable to system CPU time measurements. Compare only with other /cpu/classes metrics. Sourced from /cpu/classes/gc/mark/dedicated:cpu-seconds.
# TYPE go_cpu_classes_gc_mark_dedicated_cpu_seconds_total counter
go_cpu_classes_gc_mark_dedicated_cpu_seconds_total 27.619937647
# HELP go_cpu_classes_gc_mark_idle_cpu_seconds_total Estimated total CPU time spent performing GC tasks on spare CPU resources that the Go scheduler could not otherwise find a use for. This should be subtracted from the total GC CPU time to obtain a measure of compulsory GC CPU time. This metric is an overestimate, and not directly comparable to system CPU time measurements. Compare only with other /cpu/classes metrics. Sourced from /cpu/classes/gc/mark/idle:cpu-seconds.
# TYPE go_cpu_classes_gc_mark_idle_cpu_seconds_total counter
go_cpu_classes_gc_mark_idle_cpu_seconds_total 3.172158761
# HELP go_cpu_classes_gc_pause_cpu_seconds_total Estimated total CPU time spent with the application paused by the GC. Even if only one thread is running during the pause, this is computed as GOMAXPROCS times the pause latency because nothing else can be executing. This is the exact sum of samples in /sched/pauses/total/gc:seconds if each sample is multiplied by GOMAXPROCS at the time it is taken. This metric is an overestimate, and not directly comparable to system CPU time measurements. Compare only with other /cpu/classes metrics. Sourced from /cpu/classes/gc/pause:cpu-seconds.
# TYPE go_cpu_classes_gc_pause_cpu_seconds_total counter
go_cpu_classes_gc_pause_cpu_seconds_total 27.31420647
# HELP go_cpu_classes_gc_total_cpu_seconds_total Estimated total CPU time spent performing GC tasks. This metric is an overestimate, and not directly comparable to system CPU time measurements. Compare only with other /cpu/classes metrics. Sum of all metrics in /cpu/classes/gc. Sourced from /cpu/classes/gc/total:cpu-seconds.
# TYPE go_cpu_classes_gc_total_cpu_seconds_total counter
go_cpu_classes_gc_total_cpu_seconds_total 58.178090781
# HELP go_cpu_classes_idle_cpu_seconds_total Estimated total available CPU time not spent executing any Go or Go runtime code. In other words, the part of /cpu/classes/total:cpu-seconds that was unused. This metric is an overestimate, and not directly comparable to system CPU time measurements. Compare only with other /cpu/classes metrics. Sourced from /cpu/classes/idle:cpu-seconds.
# TYPE go_cpu_classes_idle_cpu_seconds_total counter
go_cpu_classes_idle_cpu_seconds_total 51263.49422602
# HELP go_cpu_classes_scavenge_assist_cpu_seconds_total Estimated total CPU time spent returning unused memory to the underlying platform in response eagerly to memory pressure. This metric is an overestimate, and not directly comparable to system CPU time measurements. Compare only with other /cpu/classes metrics. Sourced from /cpu/classes/scavenge/assist:cpu-seconds.
# TYPE go_cpu_classes_scavenge_assist_cpu_seconds_total counter
go_cpu_classes_scavenge_assist_cpu_seconds_total 1.859e-06
# HELP go_cpu_classes_scavenge_background_cpu_seconds_total Estimated total CPU time spent performing background tasks to return unused memory to the underlying platform. This metric is an overestimate, and not directly comparable to system CPU time measurements. Compare only with other /cpu/classes metrics. Sourced from /cpu/classes/scavenge/background:cpu-seconds.
# TYPE go_cpu_classes_scavenge_background_cpu_seconds_total counter
go_cpu_classes_scavenge_background_cpu_seconds_total 0.067029665
# HELP go_cpu_classes_scavenge_total_cpu_seconds_total Estimated total CPU time spent performing tasks that return unused memory to the underlying platform. This metric is an overestimate, and not directly comparable to system CPU time measurements. Compare only with other /cpu/classes metrics. Sum of all metrics in /cpu/classes/scavenge. Sourced from /cpu/classes/scavenge/total:cpu-seconds.
# TYPE go_cpu_classes_scavenge_total_cpu_seconds_total counter
go_cpu_classes_scavenge_total_cpu_seconds_total 0.067031524
# HELP go_cpu_classes_total_cpu_seconds_total Estimated total available CPU time for user Go code or the Go runtime, as defined by GOMAXPROCS. In other words, GOMAXPROCS integrated over the wall-clock duration this process has been executing for. This metric is an overestimate, and not directly comparable to system CPU time measurements. Compare only with other /cpu/classes metrics. Sum of all metrics in /cpu/classes. Sourced from /cpu/classes/total:cpu-seconds.
# TYPE go_cpu_classes_total_cpu_seconds_total counter
go_cpu_classes_total_cpu_seconds_total 51370.283039264
# HELP go_cpu_classes_user_cpu_seconds_total Estimated total CPU time spent running user Go code. This may also include some small amount of time spent in the Go runtime. This metric is an overestimate, and not directly comparable to system CPU time measurements. Compare only with other /cpu/classes metrics. Sourced from /cpu/classes/user:cpu-seconds.
# TYPE go_cpu_classes_user_cpu_seconds_total counter
go_cpu_classes_user_cpu_seconds_total 48.543690939
# HELP go_gc_cleanups_executed_cleanups_total Approximate total count of cleanup functions (created by runtime.AddCleanup) executed by the runtime. Subtract /gc/cleanups/queued:cleanups to approximate cleanup queue length. Useful for detecting slow cleanups holding up the queue. Sourced from /gc/cleanups/executed:cleanups.
# TYPE go_gc_cleanups_executed_cleanups_total counter
go_gc_cleanups_executed_cleanups_total 0
# HELP go_gc_cleanups_queued_cleanups_total Approximate total count of cleanup functions (created by runtime.AddCleanup) queued by the runtime for execution. Subtract from /gc/cleanups/executed:cleanups to approximate cleanup queue length. Useful for detecting slow cleanups holding up the queue. Sourced from /gc/cleanups/queued:cleanups.
# TYPE go_gc_cleanups_queued_cleanups_total counter
go_gc_cleanups_queued_cleanups_total 0
# HELP go_gc_cycles_automatic_gc_cycles_total Count of completed GC cycles generated by the Go runtime. Sourced from /gc/cycles/automatic:gc-cycles.
# TYPE go_gc_cycles_automatic_gc_cycles_total counter
go_gc_cycles_automatic_gc_cycles_total 633
# HELP go_gc_cycles_forced_gc_cycles_total Count of completed GC cycles forced by the application. Sourced from /gc/cycles/forced:gc-cycles.
# TYPE go_gc_cycles_forced_gc_cycles_total counter
go_gc_cycles_forced_gc_cycles_total 0
# HELP go_gc_cycles_total_gc_cycles_total Count of all completed GC cycles. Sourced from /gc/cycles/total:gc-cycles.
# TYPE go_gc_cycles_total_gc_cycles_total counter
go_gc_cycles_total_gc_cycles_total 633
# HELP go_gc_duration_seconds A summary of the wall-time pause (stop-the-world) duration in garbage collection cycles.
# TYPE go_gc_duration_seconds summary
go_gc_duration_seconds{quantile="0"} 0.000316143
go_gc_duration_seconds{quantile="0.25"} 0.000387482
go_gc_duration_seconds{quantile="0.5"} 0.000418925
go_gc_duration_seconds{quantile="0.75"} 0.000461674
go_gc_duration_seconds{quantile="1"} 0.002047481
go_gc_duration_seconds_sum 0.268420203
go_gc_duration_seconds_count 633
# HELP go_gc_finalizers_executed_finalizers_total Total count of finalizer functions (created by runtime.SetFinalizer) executed by the runtime. Subtract /gc/finalizers/queued:finalizers to approximate finalizer queue length. Useful for detecting finalizers overwhelming the queue, either by being too slow, or by there being too many of them. Sourced from /gc/finalizers/executed:finalizers.
# TYPE go_gc_finalizers_executed_finalizers_total counter
go_gc_finalizers_executed_finalizers_total 0
# HELP go_gc_finalizers_queued_finalizers_total Total count of finalizer functions (created by runtime.SetFinalizer) and queued by the runtime for execution. Subtract from /gc/finalizers/executed:finalizers to approximate finalizer queue length. Useful for detecting slow finalizers holding up the queue. Sourced from /gc/finalizers/queued:finalizers.
# TYPE go_gc_finalizers_queued_finalizers_total counter
go_gc_finalizers_queued_finalizers_total 0
# HELP go_gc_gogc_percent Heap size target percentage configured by the user, otherwise 100. This value is set by the GOGC environment variable, and the runtime/debug.SetGCPercent function. Sourced from /gc/gogc:percent.
# TYPE go_gc_gogc_percent gauge
go_gc_gogc_percent 100
# HELP go_gc_gomemlimit_bytes Go runtime memory limit configured by the user, otherwise math.MaxInt64. This value is set by the GOMEMLIMIT environment variable, and the runtime/debug.SetMemoryLimit function. Sourced from /gc/gomemlimit:bytes.
# TYPE go_gc_gomemlimit_bytes gauge
go_gc_gomemlimit_bytes 9.223372036854776e+18
# HELP go_gc_heap_allocs_by_size_bytes Distribution of heap allocations by approximate size. Bucket counts increase monotonically. Note that this does not include tiny objects as defined by /gc/heap/tiny/allocs:objects, only tiny blocks. Sourced from /gc/heap/allocs-by-size:bytes.
# TYPE go_gc_heap_allocs_by_size_bytes histogram
go_gc_heap_allocs_by_size_bytes_bucket{le="8.999999999999998"} 8.259132e+06
go_gc_heap_allocs_by_size_bytes_bucket{le="24.999999999999996"} 1.48233321e+08
go_gc_heap_allocs_by_size_bytes_bucket{le="64.99999999999999"} 2.01178747e+08
go_gc_heap_allocs_by_size_bytes_bucket{le="144.99999999999997"} 2.14815682e+08
go_gc_heap_allocs_by_size_bytes_bucket{le="320.99999999999994"} 2.20819305e+08
go_gc_heap_allocs_by_size_bytes_bucket{le="704.9999999999999"} 2.21182083e+08
go_gc_heap_allocs_by_size_bytes_bucket{le="1536.9999999999998"} 2.21427048e+08
go_gc_heap_allocs_by_size_bytes_bucket{le="3200.9999999999995"} 2.21455753e+08
go_gc_heap_allocs_by_size_bytes_bucket{le="6528.999999999999"} 2.21483353e+08
go_gc_heap_allocs_by_size_bytes_bucket{le="13568.999999999998"} 2.21483852e+08
go_gc_heap_allocs_by_size_bytes_bucket{le="27264.999999999996"} 2.21484267e+08
go_gc_heap_allocs_by_size_bytes_bucket{le="+Inf"} 2.21490919e+08
go_gc_heap_allocs_by_size_bytes_sum 8.95223192e+09
go_gc_heap_allocs_by_size_bytes_count 2.21490919e+08
# HELP go_gc_heap_allocs_bytes_total Cumulative sum of memory allocated to the heap by the application. Sourced from /gc/heap/allocs:bytes.
# TYPE go_gc_heap_allocs_bytes_total counter
go_gc_heap_allocs_bytes_total 8.95223192e+09
# HELP go_gc_heap_allocs_objects_total Cumulative count of heap allocations triggered by the application. Note that this does not include tiny objects as defined by /gc/heap/tiny/allocs:objects, only tiny blocks. Sourced from /gc/heap/allocs:objects.
# TYPE go_gc_heap_allocs_objects_total counter
go_gc_heap_allocs_objects_total 2.21490919e+08
# HELP go_gc_heap_frees_by_size_bytes Distribution of freed heap allocations by approximate size. Bucket counts increase monotonically. Note that this does not include tiny objects as defined by /gc/heap/tiny/allocs:objects, only tiny blocks. Sourced from /gc/heap/frees-by-size:bytes.
# TYPE go_gc_heap_frees_by_size_bytes histogram
go_gc_heap_frees_by_size_bytes_bucket{le="8.999999999999998"} 8.255017e+06
go_gc_heap_frees_by_size_bytes_bucket{le="24.999999999999996"} 1.48144858e+08
go_gc_heap_frees_by_size_bytes_bucket{le="64.99999999999999"} 2.01048907e+08
go_gc_heap_frees_by_size_bytes_bucket{le="144.99999999999997"} 2.14671946e+08
go_gc_heap_frees_by_size_bytes_bucket{le="320.99999999999994"} 2.2066841e+08
go_gc_heap_frees_by_size_bytes_bucket{le="704.9999999999999"} 2.21028303e+08
go_gc_heap_frees_by_size_bytes_bucket{le="1536.9999999999998"} 2.21271929e+08
go_gc_heap_frees_by_size_bytes_bucket{le="3200.9999999999995"} 2.2130001e+08
go_gc_heap_frees_by_size_bytes_bucket{le="6528.999999999999"} 2.21327378e+08
go_gc_heap_frees_by_size_bytes_bucket{le="13568.999999999998"} 2.21327776e+08
go_gc_heap_frees_by_size_bytes_bucket{le="27264.999999999996"} 2.21327928e+08
go_gc_heap_frees_by_size_bytes_bucket{le="+Inf"} 2.21334511e+08
go_gc_heap_frees_by_size_bytes_sum 8.931487768e+09
go_gc_heap_frees_by_size_bytes_count 2.21334511e+08
# HELP go_gc_heap_frees_bytes_total Cumulative sum of heap memory freed by the garbage collector. Sourced from /gc/heap/frees:bytes.
# TYPE go_gc_heap_frees_bytes_total counter
go_gc_heap_frees_bytes_total 8.931487768e+09
# HELP go_gc_heap_frees_objects_total Cumulative count of heap allocations whose storage was freed by the garbage collector. Note that this does not include tiny objects as defined by /gc/heap/tiny/allocs:objects, only tiny blocks. Sourced from /gc/heap/frees:objects.
# TYPE go_gc_heap_frees_objects_total counter
go_gc_heap_frees_objects_total 2.21334511e+08
# HELP go_gc_heap_goal_bytes Heap size target for the end of the GC cycle. Sourced from /gc/heap/goal:bytes.
# TYPE go_gc_heap_goal_bytes gauge
go_gc_heap_goal_bytes 3.4314146e+07
# HELP go_gc_heap_live_bytes Heap memory occupied by live objects that were marked by the previous GC. Sourced from /gc/heap/live:bytes.
# TYPE go_gc_heap_live_bytes gauge
go_gc_heap_live_bytes 1.6766928e+07
# HELP go_gc_heap_objects_objects Number of objects, live or unswept, occupying heap memory. Sourced from /gc/heap/objects:objects.
# TYPE go_gc_heap_objects_objects gauge
go_gc_heap_objects_objects 156408
# HELP go_gc_heap_tiny_allocs_objects_total Count of small allocations that are packed together into blocks. These allocations are counted separately from other allocations because each individual allocation is not tracked by the runtime, only their block. Each block is already accounted for in allocs-by-size and frees-by-size. Sourced from /gc/heap/tiny/allocs:objects.
# TYPE go_gc_heap_tiny_allocs_objects_total counter
go_gc_heap_tiny_allocs_objects_total 2.0130014e+07
# HELP go_gc_limiter_last_enabled_gc_cycle GC cycle the last time the GC CPU limiter was enabled. This metric is useful for diagnosing the root cause of an out-of-memory error, because the limiter trades memory for CPU time when the GC's CPU time gets too high. This is most likely to occur with use of SetMemoryLimit. The first GC cycle is cycle 1, so a value of 0 indicates that it was never enabled. Sourced from /gc/limiter/last-enabled:gc-cycle.
# TYPE go_gc_limiter_last_enabled_gc_cycle gauge
go_gc_limiter_last_enabled_gc_cycle 0
# HELP go_gc_pauses_seconds Deprecated. Prefer the identical /sched/pauses/total/gc:seconds. Sourced from /gc/pauses:seconds.
# TYPE go_gc_pauses_seconds histogram
go_gc_pauses_seconds_bucket{le="6.399999999999999e-08"} 0
go_gc_pauses_seconds_bucket{le="6.399999999999999e-07"} 0
go_gc_pauses_seconds_bucket{le="7.167999999999999e-06"} 0
go_gc_pauses_seconds_bucket{le="8.191999999999999e-05"} 9
go_gc_pauses_seconds_bucket{le="0.0009175039999999999"} 1264
go_gc_pauses_seconds_bucket{le="0.010485759999999998"} 1266
go_gc_pauses_seconds_bucket{le="0.11744051199999998"} 1266
go_gc_pauses_seconds_bucket{le="+Inf"} 1266
go_gc_pauses_seconds_sum 0.10470912
go_gc_pauses_seconds_count 1266
# HELP go_gc_scan_globals_bytes The total amount of global variable space that is scannable. Sourced from /gc/scan/globals:bytes.
# TYPE go_gc_scan_globals_bytes gauge
go_gc_scan_globals_bytes 566026
# HELP go_gc_scan_heap_bytes The total amount of heap space that is scannable. Sourced from /gc/scan/heap:bytes.
# TYPE go_gc_scan_heap_bytes gauge
go_gc_scan_heap_bytes 1.591728e+07
# HELP go_gc_scan_stack_bytes The number of bytes of stack that were scanned last GC cycle. Sourced from /gc/scan/stack:bytes.
# TYPE go_gc_scan_stack_bytes gauge
go_gc_scan_stack_bytes 214264
# HELP go_gc_scan_total_bytes The total amount space that is scannable. Sum of all metrics in /gc/scan. Sourced from /gc/scan/total:bytes.
# TYPE go_gc_scan_total_bytes gauge
go_gc_scan_total_bytes 1.669757e+07
# HELP go_gc_stack_starting_size_bytes The stack size of new goroutines. Sourced from /gc/stack/starting-size:bytes.
# TYPE go_gc_stack_starting_size_bytes gauge
go_gc_stack_starting_size_bytes 2048
# HELP go_godebug_non_default_behavior_allowmultiplevcs_events_total The number of non-default behaviors executed by the cmd/go package due to a non-default GODEBUG=allowmultiplevcs=... setting. Sourced from /godebug/non-default-behavior/allowmultiplevcs:events.
# TYPE go_godebug_non_default_behavior_allowmultiplevcs_events_total counter
go_godebug_non_default_behavior_allowmultiplevcs_events_total 0
# HELP go_godebug_non_default_behavior_asynctimerchan_events_total The number of non-default behaviors executed by the time package due to a non-default GODEBUG=asynctimerchan=... setting. Sourced from /godebug/non-default-behavior/asynctimerchan:events.
# TYPE go_godebug_non_default_behavior_asynctimerchan_events_total counter
go_godebug_non_default_behavior_asynctimerchan_events_total 0
# HELP go_godebug_non_default_behavior_containermaxprocs_events_total The number of non-default behaviors executed by the runtime package due to a non-default GODEBUG=containermaxprocs=... setting. Sourced from /godebug/non-default-behavior/containermaxprocs:events.
# TYPE go_godebug_non_default_behavior_containermaxprocs_events_total counter
go_godebug_non_default_behavior_containermaxprocs_events_total 0
# HELP go_godebug_non_default_behavior_cryptocustomrand_events_total The number of non-default behaviors executed by the crypto package due to a non-default GODEBUG=cryptocustomrand=... setting. Sourced from /godebug/non-default-behavior/cryptocustomrand:events.
# TYPE go_godebug_non_default_behavior_cryptocustomrand_events_total counter
go_godebug_non_default_behavior_cryptocustomrand_events_total 0
# HELP go_godebug_non_default_behavior_embedfollowsymlinks_events_total The number of non-default behaviors executed by the cmd/go package due to a non-default GODEBUG=embedfollowsymlinks=... setting. Sourced from /godebug/non-default-behavior/embedfollowsymlinks:events.
# TYPE go_godebug_non_default_behavior_embedfollowsymlinks_events_total counter
go_godebug_non_default_behavior_embedfollowsymlinks_events_total 0
# HELP go_godebug_non_default_behavior_execerrdot_events_total The number of non-default behaviors executed by the os/exec package due to a non-default GODEBUG=execerrdot=... setting. Sourced from /godebug/non-default-behavior/execerrdot:events.
# TYPE go_godebug_non_default_behavior_execerrdot_events_total counter
go_godebug_non_default_behavior_execerrdot_events_total 0
# HELP go_godebug_non_default_behavior_fips140ems_events_total The number of non-default behaviors executed by the crypto/tls package due to a non-default GODEBUG=fips140ems=... setting. Sourced from /godebug/non-default-behavior/fips140ems:events.
# TYPE go_godebug_non_default_behavior_fips140ems_events_total counter
go_godebug_non_default_behavior_fips140ems_events_total 0
# HELP go_godebug_non_default_behavior_gocachehash_events_total The number of non-default behaviors executed by the cmd/go package due to a non-default GODEBUG=gocachehash=... setting. Sourced from /godebug/non-default-behavior/gocachehash:events.
# TYPE go_godebug_non_default_behavior_gocachehash_events_total counter
go_godebug_non_default_behavior_gocachehash_events_total 0
# HELP go_godebug_non_default_behavior_gocachetest_events_total The number of non-default behaviors executed by the cmd/go package due to a non-default GODEBUG=gocachetest=... setting. Sourced from /godebug/non-default-behavior/gocachetest:events.
# TYPE go_godebug_non_default_behavior_gocachetest_events_total counter
go_godebug_non_default_behavior_gocachetest_events_total 0
# HELP go_godebug_non_default_behavior_gocacheverify_events_total The number of non-default behaviors executed by the cmd/go package due to a non-default GODEBUG=gocacheverify=... setting. Sourced from /godebug/non-default-behavior/gocacheverify:events.
# TYPE go_godebug_non_default_behavior_gocacheverify_events_total counter
go_godebug_non_default_behavior_gocacheverify_events_total 0
# HELP go_godebug_non_default_behavior_gotestjsonbuildtext_events_total The number of non-default behaviors executed by the cmd/go package due to a non-default GODEBUG=gotestjsonbuildtext=... setting. Sourced from /godebug/non-default-behavior/gotestjsonbuildtext:events.
# TYPE go_godebug_non_default_behavior_gotestjsonbuildtext_events_total counter
go_godebug_non_default_behavior_gotestjsonbuildtext_events_total 0
# HELP go_godebug_non_default_behavior_gotypesalias_events_total The number of non-default behaviors executed by the go/types package due to a non-default GODEBUG=gotypesalias=... setting. Sourced from /godebug/non-default-behavior/gotypesalias:events.
# TYPE go_godebug_non_default_behavior_gotypesalias_events_total counter
go_godebug_non_default_behavior_gotypesalias_events_total 0
# HELP go_godebug_non_default_behavior_htmlmetacontenturlescape_events_total The number of non-default behaviors executed by the html/template package due to a non-default GODEBUG=htmlmetacontenturlescape=... setting. Sourced from /godebug/non-default-behavior/htmlmetacontenturlescape:events.
# TYPE go_godebug_non_default_behavior_htmlmetacontenturlescape_events_total counter
go_godebug_non_default_behavior_htmlmetacontenturlescape_events_total 0
# HELP go_godebug_non_default_behavior_http2client_events_total The number of non-default behaviors executed by the net/http package due to a non-default GODEBUG=http2client=... setting. Sourced from /godebug/non-default-behavior/http2client:events.
# TYPE go_godebug_non_default_behavior_http2client_events_total counter
go_godebug_non_default_behavior_http2client_events_total 0
# HELP go_godebug_non_default_behavior_http2server_events_total The number of non-default behaviors executed by the net/http package due to a non-default GODEBUG=http2server=... setting. Sourced from /godebug/non-default-behavior/http2server:events.
# TYPE go_godebug_non_default_behavior_http2server_events_total counter
go_godebug_non_default_behavior_http2server_events_total 0
# HELP go_godebug_non_default_behavior_httpcookiemaxnum_events_total The number of non-default behaviors executed by the net/http package due to a non-default GODEBUG=httpcookiemaxnum=... setting. Sourced from /godebug/non-default-behavior/httpcookiemaxnum:events.
# TYPE go_godebug_non_default_behavior_httpcookiemaxnum_events_total counter
go_godebug_non_default_behavior_httpcookiemaxnum_events_total 0
# HELP go_godebug_non_default_behavior_httplaxcontentlength_events_total The number of non-default behaviors executed by the net/http package due to a non-default GODEBUG=httplaxcontentlength=... setting. Sourced from /godebug/non-default-behavior/httplaxcontentlength:events.
# TYPE go_godebug_non_default_behavior_httplaxcontentlength_events_total counter
go_godebug_non_default_behavior_httplaxcontentlength_events_total 0
# HELP go_godebug_non_default_behavior_httpmuxgo121_events_total The number of non-default behaviors executed by the net/http package due to a non-default GODEBUG=httpmuxgo121=... setting. Sourced from /godebug/non-default-behavior/httpmuxgo121:events.
# TYPE go_godebug_non_default_behavior_httpmuxgo121_events_total counter
go_godebug_non_default_behavior_httpmuxgo121_events_total 0
# HELP go_godebug_non_default_behavior_httpservecontentkeepheaders_events_total The number of non-default behaviors executed by the net/http package due to a non-default GODEBUG=httpservecontentkeepheaders=... setting. Sourced from /godebug/non-default-behavior/httpservecontentkeepheaders:events.
# TYPE go_godebug_non_default_behavior_httpservecontentkeepheaders_events_total counter
go_godebug_non_default_behavior_httpservecontentkeepheaders_events_total 0
# HELP go_godebug_non_default_behavior_installgoroot_events_total The number of non-default behaviors executed by the go/build package due to a non-default GODEBUG=installgoroot=... setting. Sourced from /godebug/non-default-behavior/installgoroot:events.
# TYPE go_godebug_non_default_behavior_installgoroot_events_total counter
go_godebug_non_default_behavior_installgoroot_events_total 0
# HELP go_godebug_non_default_behavior_multipartmaxheaders_events_total The number of non-default behaviors executed by the mime/multipart package due to a non-default GODEBUG=multipartmaxheaders=... setting. Sourced from /godebug/non-default-behavior/multipartmaxheaders:events.
# TYPE go_godebug_non_default_behavior_multipartmaxheaders_events_total counter
go_godebug_non_default_behavior_multipartmaxheaders_events_total 0
# HELP go_godebug_non_default_behavior_multipartmaxparts_events_total The number of non-default behaviors executed by the mime/multipart package due to a non-default GODEBUG=multipartmaxparts=... setting. Sourced from /godebug/non-default-behavior/multipartmaxparts:events.
# TYPE go_godebug_non_default_behavior_multipartmaxparts_events_total counter
go_godebug_non_default_behavior_multipartmaxparts_events_total 0
# HELP go_godebug_non_default_behavior_multipathtcp_events_total The number of non-default behaviors executed by the net package due to a non-default GODEBUG=multipathtcp=... setting. Sourced from /godebug/non-default-behavior/multipathtcp:events.
# TYPE go_godebug_non_default_behavior_multipathtcp_events_total counter
go_godebug_non_default_behavior_multipathtcp_events_total 0
# HELP go_godebug_non_default_behavior_netedns0_events_total The number of non-default behaviors executed by the net package due to a non-default GODEBUG=netedns0=... setting. Sourced from /godebug/non-default-behavior/netedns0:events.
# TYPE go_godebug_non_default_behavior_netedns0_events_total counter
go_godebug_non_default_behavior_netedns0_events_total 0
# HELP go_godebug_non_default_behavior_panicnil_events_total The number of non-default behaviors executed by the runtime package due to a non-default GODEBUG=panicnil=... setting. Sourced from /godebug/non-default-behavior/panicnil:events.
# TYPE go_godebug_non_default_behavior_panicnil_events_total counter
go_godebug_non_default_behavior_panicnil_events_total 0
# HELP go_godebug_non_default_behavior_randautoseed_events_total The number of non-default behaviors executed by the math/rand package due to a non-default GODEBUG=randautoseed=... setting. Sourced from /godebug/non-default-behavior/randautoseed:events.
# TYPE go_godebug_non_default_behavior_randautoseed_events_total counter
go_godebug_non_default_behavior_randautoseed_events_total 0
# HELP go_godebug_non_default_behavior_randseednop_events_total The number of non-default behaviors executed by the math/rand package due to a non-default GODEBUG=randseednop=... setting. Sourced from /godebug/non-default-behavior/randseednop:events.
# TYPE go_godebug_non_default_behavior_randseednop_events_total counter
go_godebug_non_default_behavior_randseednop_events_total 0
# HELP go_godebug_non_default_behavior_rsa1024min_events_total The number of non-default behaviors executed by the crypto/rsa package due to a non-default GODEBUG=rsa1024min=... setting. Sourced from /godebug/non-default-behavior/rsa1024min:events.
# TYPE go_godebug_non_default_behavior_rsa1024min_events_total counter
go_godebug_non_default_behavior_rsa1024min_events_total 0
# HELP go_godebug_non_default_behavior_tarinsecurepath_events_total The number of non-default behaviors executed by the archive/tar package due to a non-default GODEBUG=tarinsecurepath=... setting. Sourced from /godebug/non-default-behavior/tarinsecurepath:events.
# TYPE go_godebug_non_default_behavior_tarinsecurepath_events_total counter
go_godebug_non_default_behavior_tarinsecurepath_events_total 0
# HELP go_godebug_non_default_behavior_tls10server_events_total The number of non-default behaviors executed by the crypto/tls package due to a non-default GODEBUG=tls10server=... setting. Sourced from /godebug/non-default-behavior/tls10server:events.
# TYPE go_godebug_non_default_behavior_tls10server_events_total counter
go_godebug_non_default_behavior_tls10server_events_total 0
# HELP go_godebug_non_default_behavior_tls3des_events_total The number of non-default behaviors executed by the crypto/tls package due to a non-default GODEBUG=tls3des=... setting. Sourced from /godebug/non-default-behavior/tls3des:events.
# TYPE go_godebug_non_default_behavior_tls3des_events_total counter
go_godebug_non_default_behavior_tls3des_events_total 0
# HELP go_godebug_non_default_behavior_tlsmaxrsasize_events_total The number of non-default behaviors executed by the crypto/tls package due to a non-default GODEBUG=tlsmaxrsasize=... setting. Sourced from /godebug/non-default-behavior/tlsmaxrsasize:events.
# TYPE go_godebug_non_default_behavior_tlsmaxrsasize_events_total counter
go_godebug_non_default_behavior_tlsmaxrsasize_events_total 0
# HELP go_godebug_non_default_behavior_tlsrsakex_events_total The number of non-default behaviors executed by the crypto/tls package due to a non-default GODEBUG=tlsrsakex=... setting. Sourced from /godebug/non-default-behavior/tlsrsakex:events.
# TYPE go_godebug_non_default_behavior_tlsrsakex_events_total counter
go_godebug_non_default_behavior_tlsrsakex_events_total 0
# HELP go_godebug_non_default_behavior_tlssha1_events_total The number of non-default behaviors executed by the crypto/tls package due to a non-default GODEBUG=tlssha1=... setting. Sourced from /godebug/non-default-behavior/tlssha1:events.
# TYPE go_godebug_non_default_behavior_tlssha1_events_total counter
go_godebug_non_default_behavior_tlssha1_events_total 0
# HELP go_godebug_non_default_behavior_tlsunsafeekm_events_total The number of non-default behaviors executed by the crypto/tls package due to a non-default GODEBUG=tlsunsafeekm=... setting. Sourced from /godebug/non-default-behavior/tlsunsafeekm:events.
# TYPE go_godebug_non_default_behavior_tlsunsafeekm_events_total counter
go_godebug_non_default_behavior_tlsunsafeekm_events_total 0
# HELP go_godebug_non_default_behavior_updatemaxprocs_events_total The number of non-default behaviors executed by the runtime package due to a non-default GODEBUG=updatemaxprocs=... setting. Sourced from /godebug/non-default-behavior/updatemaxprocs:events.
# TYPE go_godebug_non_default_behavior_updatemaxprocs_events_total counter
go_godebug_non_default_behavior_updatemaxprocs_events_total 0
# HELP go_godebug_non_default_behavior_urlmaxqueryparams_events_total The number of non-default behaviors executed by the net/url package due to a non-default GODEBUG=urlmaxqueryparams=... setting. Sourced from /godebug/non-default-behavior/urlmaxqueryparams:events.
# TYPE go_godebug_non_default_behavior_urlmaxqueryparams_events_total counter
go_godebug_non_default_behavior_urlmaxqueryparams_events_total 0
# HELP go_godebug_non_default_behavior_urlstrictcolons_events_total The number of non-default behaviors executed by the net/url package due to a non-default GODEBUG=urlstrictcolons=... setting. Sourced from /godebug/non-default-behavior/urlstrictcolons:events.
# TYPE go_godebug_non_default_behavior_urlstrictcolons_events_total counter
go_godebug_non_default_behavior_urlstrictcolons_events_total 0
# HELP go_godebug_non_default_behavior_winreadlinkvolume_events_total The number of non-default behaviors executed by the os package due to a non-default GODEBUG=winreadlinkvolume=... setting. Sourced from /godebug/non-default-behavior/winreadlinkvolume:events.
# TYPE go_godebug_non_default_behavior_winreadlinkvolume_events_total counter
go_godebug_non_default_behavior_winreadlinkvolume_events_total 0
# HELP go_godebug_non_default_behavior_winsymlink_events_total The number of non-default behaviors executed by the os package due to a non-default GODEBUG=winsymlink=... setting. Sourced from /godebug/non-default-behavior/winsymlink:events.
# TYPE go_godebug_non_default_behavior_winsymlink_events_total counter
go_godebug_non_default_behavior_winsymlink_events_total 0
# HELP go_godebug_non_default_behavior_x509keypairleaf_events_total The number of non-default behaviors executed by the crypto/tls package due to a non-default GODEBUG=x509keypairleaf=... setting. Sourced from /godebug/non-default-behavior/x509keypairleaf:events.
# TYPE go_godebug_non_default_behavior_x509keypairleaf_events_total counter
go_godebug_non_default_behavior_x509keypairleaf_events_total 0
# HELP go_godebug_non_default_behavior_x509negativeserial_events_total The number of non-default behaviors executed by the crypto/x509 package due to a non-default GODEBUG=x509negativeserial=... setting. Sourced from /godebug/non-default-behavior/x509negativeserial:events.
# TYPE go_godebug_non_default_behavior_x509negativeserial_events_total counter
go_godebug_non_default_behavior_x509negativeserial_events_total 0
# HELP go_godebug_non_default_behavior_x509rsacrt_events_total The number of non-default behaviors executed by the crypto/x509 package due to a non-default GODEBUG=x509rsacrt=... setting. Sourced from /godebug/non-default-behavior/x509rsacrt:events.
# TYPE go_godebug_non_default_behavior_x509rsacrt_events_total counter
go_godebug_non_default_behavior_x509rsacrt_events_total 0
# HELP go_godebug_non_default_behavior_x509sha256skid_events_total The number of non-default behaviors executed by the crypto/x509 package due to a non-default GODEBUG=x509sha256skid=... setting. Sourced from /godebug/non-default-behavior/x509sha256skid:events.
# TYPE go_godebug_non_default_behavior_x509sha256skid_events_total counter
go_godebug_non_default_behavior_x509sha256skid_events_total 0
# HELP go_godebug_non_default_behavior_x509usefallbackroots_events_total The number of non-default behaviors executed by the crypto/x509 package due to a non-default GODEBUG=x509usefallbackroots=... setting. Sourced from /godebug/non-default-behavior/x509usefallbackroots:events.
# TYPE go_godebug_non_default_behavior_x509usefallbackroots_events_total counter
go_godebug_non_default_behavior_x509usefallbackroots_events_total 0
# HELP go_godebug_non_default_behavior_x509usepolicies_events_total The number of non-default behaviors executed by the crypto/x509 package due to a non-default GODEBUG=x509usepolicies=... setting. Sourced from /godebug/non-default-behavior/x509usepolicies:events.
# TYPE go_godebug_non_default_behavior_x509usepolicies_events_total counter
go_godebug_non_default_behavior_x509usepolicies_events_total 0
# HELP go_godebug_non_default_behavior_zipinsecurepath_events_total The number of non-default behaviors executed by the archive/zip package due to a non-default GODEBUG=zipinsecurepath=... setting. Sourced from /godebug/non-default-behavior/zipinsecurepath:events.
# TYPE go_godebug_non_default_behavior_zipinsecurepath_events_total counter
go_godebug_non_default_behavior_zipinsecurepath_events_total 0
# HELP go_goroutines Number of goroutines that currently exist.
# TYPE go_goroutines gauge
go_goroutines 168
# HELP go_info Information about the Go environment.
# TYPE go_info gauge
go_info{version="go1.26.6"} 1
# HELP go_memory_classes_heap_free_bytes Memory that is completely free and eligible to be returned to the underlying system, but has not been. This metric is the runtime's estimate of free address space that is backed by physical memory. Sourced from /memory/classes/heap/free:bytes.
# TYPE go_memory_classes_heap_free_bytes gauge
go_memory_classes_heap_free_bytes 1.4065664e+07
# HELP go_memory_classes_heap_objects_bytes Memory occupied by live objects and dead objects that have not yet been marked free by the garbage collector. Sourced from /memory/classes/heap/objects:bytes.
# TYPE go_memory_classes_heap_objects_bytes gauge
go_memory_classes_heap_objects_bytes 2.0744152e+07
# HELP go_memory_classes_heap_released_bytes Memory that is completely free and has been returned to the underlying system. This metric is the runtime's estimate of free address space that is still mapped into the process, but is not backed by physical memory. Sourced from /memory/classes/heap/released:bytes.
# TYPE go_memory_classes_heap_released_bytes gauge
go_memory_classes_heap_released_bytes 1.9226624e+07
# HELP go_memory_classes_heap_stacks_bytes Memory allocated from the heap that is reserved for stack space, whether or not it is currently in-use. Currently, this represents all stack memory for goroutines. It also includes all OS thread stacks in non-cgo programs. Note that stacks may be allocated differently in the future, and this may change. Sourced from /memory/classes/heap/stacks:bytes.
# TYPE go_memory_classes_heap_stacks_bytes gauge
go_memory_classes_heap_stacks_bytes 5.505024e+06
# HELP go_memory_classes_heap_unused_bytes Memory that is reserved for heap objects but is not currently used to hold heap objects. Sourced from /memory/classes/heap/unused:bytes.
# TYPE go_memory_classes_heap_unused_bytes gauge
go_memory_classes_heap_unused_bytes 7.5674e+06
# HELP go_memory_classes_metadata_mcache_free_bytes Memory that is reserved for runtime mcache structures, but not in-use. Sourced from /memory/classes/metadata/mcache/free:bytes.
# TYPE go_memory_classes_metadata_mcache_free_bytes gauge
go_memory_classes_metadata_mcache_free_bytes 0
# HELP go_memory_classes_metadata_mcache_inuse_bytes Memory that is occupied by runtime mcache structures that are currently being used. Sourced from /memory/classes/metadata/mcache/inuse:bytes.
# TYPE go_memory_classes_metadata_mcache_inuse_bytes gauge
go_memory_classes_metadata_mcache_inuse_bytes 514304
# HELP go_memory_classes_metadata_mspan_free_bytes Memory that is reserved for runtime mspan structures, but not in-use. Sourced from /memory/classes/metadata/mspan/free:bytes.
# TYPE go_memory_classes_metadata_mspan_free_bytes gauge
go_memory_classes_metadata_mspan_free_bytes 198720
# HELP go_memory_classes_metadata_mspan_inuse_bytes Memory that is occupied by runtime mspan structures that are currently being used. Sourced from /memory/classes/metadata/mspan/inuse:bytes.
# TYPE go_memory_classes_metadata_mspan_inuse_bytes gauge
go_memory_classes_metadata_mspan_inuse_bytes 862080
# HELP go_memory_classes_metadata_other_bytes Memory that is reserved for or used to hold runtime metadata. Sourced from /memory/classes/metadata/other:bytes.
# TYPE go_memory_classes_metadata_other_bytes gauge
go_memory_classes_metadata_other_bytes 7.045376e+06
# HELP go_memory_classes_os_stacks_bytes Stack memory allocated by the underlying operating system. In non-cgo programs this metric is currently zero. This may change in the future.In cgo programs this metric includes OS thread stacks allocated directly from the OS. Currently, this only accounts for one stack in c-shared and c-archive build modes, and other sources of stacks from the OS are not measured. This too may change in the future. Sourced from /memory/classes/os-stacks:bytes.
# TYPE go_memory_classes_os_stacks_bytes gauge
go_memory_classes_os_stacks_bytes 0
# HELP go_memory_classes_other_bytes Memory used by execution trace buffers, structures for debugging the runtime, finalizer and profiler specials, and more. Sourced from /memory/classes/other:bytes.
# TYPE go_memory_classes_other_bytes gauge
go_memory_classes_other_bytes 1.6009721e+07
# HELP go_memory_classes_profiling_buckets_bytes Memory that is used by the stack trace hash map used for profiling. Sourced from /memory/classes/profiling/buckets:bytes.
# TYPE go_memory_classes_profiling_buckets_bytes gauge
go_memory_classes_profiling_buckets_bytes 1.684831e+06
# HELP go_memory_classes_total_bytes All memory mapped by the Go runtime into the current process as read-write. Note that this does not include memory mapped by code called via cgo or via the syscall package. Sum of all metrics in /memory/classes. Sourced from /memory/classes/total:bytes.
# TYPE go_memory_classes_total_bytes gauge
go_memory_classes_total_bytes 9.3423896e+07
# HELP go_memstats_alloc_bytes Number of bytes allocated in heap and currently in use. Equals to /memory/classes/heap/objects:bytes.
# TYPE go_memstats_alloc_bytes gauge
go_memstats_alloc_bytes 2.0744152e+07
# HELP go_memstats_alloc_bytes_total Total number of bytes allocated in heap until now, even if released already. Equals to /gc/heap/allocs:bytes.
# TYPE go_memstats_alloc_bytes_total counter
go_memstats_alloc_bytes_total 8.95223192e+09
# HELP go_memstats_buck_hash_sys_bytes Number of bytes used by the profiling bucket hash table. Equals to /memory/classes/profiling/buckets:bytes.
# TYPE go_memstats_buck_hash_sys_bytes gauge
go_memstats_buck_hash_sys_bytes 1.684831e+06
# HELP go_memstats_frees_total Total number of heap objects frees. Equals to /gc/heap/frees:objects + /gc/heap/tiny/allocs:objects.
# TYPE go_memstats_frees_total counter
go_memstats_frees_total 2.41464525e+08
# HELP go_memstats_gc_sys_bytes Number of bytes used for garbage collection system metadata. Equals to /memory/classes/metadata/other:bytes.
# TYPE go_memstats_gc_sys_bytes gauge
go_memstats_gc_sys_bytes 7.045376e+06
# HELP go_memstats_heap_alloc_bytes Number of heap bytes allocated and currently in use, same as go_memstats_alloc_bytes. Equals to /memory/classes/heap/objects:bytes.
# TYPE go_memstats_heap_alloc_bytes gauge
go_memstats_heap_alloc_bytes 2.0744152e+07
# HELP go_memstats_heap_idle_bytes Number of heap bytes waiting to be used. Equals to /memory/classes/heap/released:bytes + /memory/classes/heap/free:bytes.
# TYPE go_memstats_heap_idle_bytes gauge
go_memstats_heap_idle_bytes 3.3292288e+07
# HELP go_memstats_heap_inuse_bytes Number of heap bytes that are in use. Equals to /memory/classes/heap/objects:bytes + /memory/classes/heap/unused:bytes
# TYPE go_memstats_heap_inuse_bytes gauge
go_memstats_heap_inuse_bytes 2.8311552e+07
# HELP go_memstats_heap_objects Number of currently allocated objects. Equals to /gc/heap/objects:objects.
# TYPE go_memstats_heap_objects gauge
go_memstats_heap_objects 156408
# HELP go_memstats_heap_released_bytes Number of heap bytes released to OS. Equals to /memory/classes/heap/released:bytes.
# TYPE go_memstats_heap_released_bytes gauge
go_memstats_heap_released_bytes 1.9226624e+07
# HELP go_memstats_heap_sys_bytes Number of heap bytes obtained from system. Equals to /memory/classes/heap/objects:bytes + /memory/classes/heap/unused:bytes + /memory/classes/heap/released:bytes + /memory/classes/heap/free:bytes.
# TYPE go_memstats_heap_sys_bytes gauge
go_memstats_heap_sys_bytes 6.160384e+07
# HELP go_memstats_last_gc_time_seconds Number of seconds since 1970 of last garbage collection.
# TYPE go_memstats_last_gc_time_seconds gauge
go_memstats_last_gc_time_seconds 1.7889239141496491e+09
# HELP go_memstats_mallocs_total Total number of heap objects allocated, both live and gc-ed. Semantically a counter version for go_memstats_heap_objects gauge. Equals to /gc/heap/allocs:objects + /gc/heap/tiny/allocs:objects.
# TYPE go_memstats_mallocs_total counter
go_memstats_mallocs_total 2.41620933e+08
# HELP go_memstats_mcache_inuse_bytes Number of bytes in use by mcache structures. Equals to /memory/classes/metadata/mcache/inuse:bytes.
# TYPE go_memstats_mcache_inuse_bytes gauge
go_memstats_mcache_inuse_bytes 514304
# HELP go_memstats_mcache_sys_bytes Number of bytes used for mcache structures obtained from system. Equals to /memory/classes/metadata/mcache/inuse:bytes + /memory/classes/metadata/mcache/free:bytes.
# TYPE go_memstats_mcache_sys_bytes gauge
go_memstats_mcache_sys_bytes 514304
# HELP go_memstats_mspan_inuse_bytes Number of bytes in use by mspan structures. Equals to /memory/classes/metadata/mspan/inuse:bytes.
# TYPE go_memstats_mspan_inuse_bytes gauge
go_memstats_mspan_inuse_bytes 862080
# HELP go_memstats_mspan_sys_bytes Number of bytes used for mspan structures obtained from system. Equals to /memory/classes/metadata/mspan/inuse:bytes + /memory/classes/metadata/mspan/free:bytes.
# TYPE go_memstats_mspan_sys_bytes gauge
go_memstats_mspan_sys_bytes 1.0608e+06
# HELP go_memstats_next_gc_bytes Number of heap bytes when next garbage collection will take place. Equals to /gc/heap/goal:bytes.
# TYPE go_memstats_next_gc_bytes gauge
go_memstats_next_gc_bytes 3.4314146e+07
# HELP go_memstats_other_sys_bytes Number of bytes used for other system allocations. Equals to /memory/classes/other:bytes.
# TYPE go_memstats_other_sys_bytes gauge
go_memstats_other_sys_bytes 1.6009721e+07
# HELP go_memstats_stack_inuse_bytes Number of bytes obtained from system for stack allocator in non-CGO environments. Equals to /memory/classes/heap/stacks:bytes.
# TYPE go_memstats_stack_inuse_bytes gauge
go_memstats_stack_inuse_bytes 5.505024e+06
# HELP go_memstats_stack_sys_bytes Number of bytes obtained from system for stack allocator. Equals to /memory/classes/heap/stacks:bytes + /memory/classes/os-stacks:bytes.
# TYPE go_memstats_stack_sys_bytes gauge
go_memstats_stack_sys_bytes 5.505024e+06
# HELP go_memstats_sys_bytes Number of bytes obtained from system. Equals to /memory/classes/total:byte.
# TYPE go_memstats_sys_bytes gauge
go_memstats_sys_bytes 9.3423896e+07
# HELP go_sched_gomaxprocs_threads The current runtime.GOMAXPROCS setting, or the number of operating system threads that can execute user-level Go code simultaneously. Sourced from /sched/gomaxprocs:threads.
# TYPE go_sched_gomaxprocs_threads gauge
go_sched_gomaxprocs_threads 224
# HELP go_sched_goroutines_created_goroutines_total Count of goroutines created since program start. Sourced from /sched/goroutines-created:goroutines.
# TYPE go_sched_goroutines_created_goroutines_total counter
go_sched_goroutines_created_goroutines_total 2905
# HELP go_sched_goroutines_goroutines Count of live goroutines. Sourced from /sched/goroutines:goroutines.
# TYPE go_sched_goroutines_goroutines gauge
go_sched_goroutines_goroutines 399
# HELP go_sched_goroutines_not_in_go_goroutines Approximate count of goroutines running or blocked in a system call or cgo call. Not guaranteed to add up to /sched/goroutines:goroutines with other goroutine metrics. Sourced from /sched/goroutines/not-in-go:goroutines.
# TYPE go_sched_goroutines_not_in_go_goroutines gauge
go_sched_goroutines_not_in_go_goroutines 2
# HELP go_sched_goroutines_runnable_goroutines Approximate count of goroutines ready to execute, but not executing. Not guaranteed to add up to /sched/goroutines:goroutines with other goroutine metrics. Sourced from /sched/goroutines/runnable:goroutines.
# TYPE go_sched_goroutines_runnable_goroutines gauge
go_sched_goroutines_runnable_goroutines 0
# HELP go_sched_goroutines_running_goroutines Approximate count of goroutines executing. Always less than or equal to /sched/gomaxprocs:threads. Not guaranteed to add up to /sched/goroutines:goroutines with other goroutine metrics. Sourced from /sched/goroutines/running:goroutines.
# TYPE go_sched_goroutines_running_goroutines gauge
go_sched_goroutines_running_goroutines 3
# HELP go_sched_goroutines_waiting_goroutines Approximate count of goroutines waiting on a resource (I/O or sync primitives). Not guaranteed to add up to /sched/goroutines:goroutines with other goroutine metrics. Sourced from /sched/goroutines/waiting:goroutines.
# TYPE go_sched_goroutines_waiting_goroutines gauge
go_sched_goroutines_waiting_goroutines 394
# HELP go_sched_latencies_seconds Distribution of the time goroutines have spent in the scheduler in a runnable state before actually running. Bucket counts increase monotonically. Sourced from /sched/latencies:seconds.
# TYPE go_sched_latencies_seconds histogram
go_sched_latencies_seconds_bucket{le="6.399999999999999e-08"} 34348
go_sched_latencies_seconds_bucket{le="6.399999999999999e-07"} 62981
go_sched_latencies_seconds_bucket{le="7.167999999999999e-06"} 83572
go_sched_latencies_seconds_bucket{le="8.191999999999999e-05"} 85967
go_sched_latencies_seconds_bucket{le="0.0009175039999999999"} 86272
go_sched_latencies_seconds_bucket{le="0.010485759999999998"} 86272
go_sched_latencies_seconds_bucket{le="0.11744051199999998"} 86272
go_sched_latencies_seconds_bucket{le="+Inf"} 86272
go_sched_latencies_seconds_sum 0.057163712000000005
go_sched_latencies_seconds_count 86272
# HELP go_sched_pauses_stopping_gc_seconds Distribution of individual GC-related stop-the-world stopping latencies. This is the time it takes from deciding to stop the world until all Ps are stopped. This is a subset of the total GC-related stop-the-world time (/sched/pauses/total/gc:seconds). During this time, some threads may be executing. Bucket counts increase monotonically. Sourced from /sched/pauses/stopping/gc:seconds.
# TYPE go_sched_pauses_stopping_gc_seconds histogram
go_sched_pauses_stopping_gc_seconds_bucket{le="6.399999999999999e-08"} 0
go_sched_pauses_stopping_gc_seconds_bucket{le="6.399999999999999e-07"} 0
go_sched_pauses_stopping_gc_seconds_bucket{le="7.167999999999999e-06"} 0
go_sched_pauses_stopping_gc_seconds_bucket{le="8.191999999999999e-05"} 562
go_sched_pauses_stopping_gc_seconds_bucket{le="0.0009175039999999999"} 1266
go_sched_pauses_stopping_gc_seconds_bucket{le="0.010485759999999998"} 1266
go_sched_pauses_stopping_gc_seconds_bucket{le="0.11744051199999998"} 1266
go_sched_pauses_stopping_gc_seconds_bucket{le="+Inf"} 1266
go_sched_pauses_stopping_gc_seconds_sum 0.061700096
go_sched_pauses_stopping_gc_seconds_count 1266
# HELP go_sched_pauses_stopping_other_seconds Distribution of individual non-GC-related stop-the-world stopping latencies. This is the time it takes from deciding to stop the world until all Ps are stopped. This is a subset of the total non-GC-related stop-the-world time (/sched/pauses/total/other:seconds). During this time, some threads may be executing. Bucket counts increase monotonically. Sourced from /sched/pauses/stopping/other:seconds.
# TYPE go_sched_pauses_stopping_other_seconds histogram
go_sched_pauses_stopping_other_seconds_bucket{le="6.399999999999999e-08"} 0
go_sched_pauses_stopping_other_seconds_bucket{le="6.399999999999999e-07"} 0
go_sched_pauses_stopping_other_seconds_bucket{le="7.167999999999999e-06"} 0
go_sched_pauses_stopping_other_seconds_bucket{le="8.191999999999999e-05"} 0
go_sched_pauses_stopping_other_seconds_bucket{le="0.0009175039999999999"} 0
go_sched_pauses_stopping_other_seconds_bucket{le="0.010485759999999998"} 0
go_sched_pauses_stopping_other_seconds_bucket{le="0.11744051199999998"} 0
go_sched_pauses_stopping_other_seconds_bucket{le="+Inf"} 0
go_sched_pauses_stopping_other_seconds_sum 0
go_sched_pauses_stopping_other_seconds_count 0
# HELP go_sched_pauses_total_gc_seconds Distribution of individual GC-related stop-the-world pause latencies. This is the time from deciding to stop the world until the world is started again. Some of this time is spent getting all threads to stop (this is measured directly in /sched/pauses/stopping/gc:seconds), during which some threads may still be running. Bucket counts increase monotonically. Sourced from /sched/pauses/total/gc:seconds.
# TYPE go_sched_pauses_total_gc_seconds histogram
go_sched_pauses_total_gc_seconds_bucket{le="6.399999999999999e-08"} 0
go_sched_pauses_total_gc_seconds_bucket{le="6.399999999999999e-07"} 0
go_sched_pauses_total_gc_seconds_bucket{le="7.167999999999999e-06"} 0
go_sched_pauses_total_gc_seconds_bucket{le="8.191999999999999e-05"} 9
go_sched_pauses_total_gc_seconds_bucket{le="0.0009175039999999999"} 1264
go_sched_pauses_total_gc_seconds_bucket{le="0.010485759999999998"} 1266
go_sched_pauses_total_gc_seconds_bucket{le="0.11744051199999998"} 1266
go_sched_pauses_total_gc_seconds_bucket{le="+Inf"} 1266
go_sched_pauses_total_gc_seconds_sum 0.10470912
go_sched_pauses_total_gc_seconds_count 1266
# HELP go_sched_pauses_total_other_seconds Distribution of individual non-GC-related stop-the-world pause latencies. This is the time from deciding to stop the world until the world is started again. Some of this time is spent getting all threads to stop (measured directly in /sched/pauses/stopping/other:seconds). Bucket counts increase monotonically. Sourced from /sched/pauses/total/other:seconds.
# TYPE go_sched_pauses_total_other_seconds histogram
go_sched_pauses_total_other_seconds_bucket{le="6.399999999999999e-08"} 0
go_sched_pauses_total_other_seconds_bucket{le="6.399999999999999e-07"} 0
go_sched_pauses_total_other_seconds_bucket{le="7.167999999999999e-06"} 0
go_sched_pauses_total_other_seconds_bucket{le="8.191999999999999e-05"} 0
go_sched_pauses_total_other_seconds_bucket{le="0.0009175039999999999"} 0
go_sched_pauses_total_other_seconds_bucket{le="0.010485759999999998"} 0
go_sched_pauses_total_other_seconds_bucket{le="0.11744051199999998"} 0
go_sched_pauses_total_other_seconds_bucket{le="+Inf"} 0
go_sched_pauses_total_other_seconds_sum 0
go_sched_pauses_total_other_seconds_count 0
# HELP go_sched_threads_total_threads The current count of live threads that are owned by the Go runtime. Sourced from /sched/threads/total:threads.
# TYPE go_sched_threads_total_threads gauge
go_sched_threads_total_threads 79
# HELP go_sync_mutex_wait_total_seconds_total Approximate cumulative time goroutines have spent blocked on a sync.Mutex, sync.RWMutex, or runtime-internal lock. This metric is useful for identifying global changes in lock contention. Collect a mutex or block profile using the runtime/pprof package for more detailed contention data. Sourced from /sync/mutex/wait/total:seconds.
# TYPE go_sync_mutex_wait_total_seconds_total counter
go_sync_mutex_wait_total_seconds_total 7.543690488
# HELP go_threads Number of OS threads created.
# TYPE go_threads gauge
go_threads 79
# HELP inference_extension_info [ALPHA] General information of the current build of Inference Extension.
# TYPE inference_extension_info gauge
inference_extension_info{build_ref="v0.10.0",commit="71f4f0999f95b96c49a9d0c4afbd18dfdb943c26"} 1
# HELP inference_extension_plugin_duration_seconds [ALPHA] [Deprecated: Use llm_d_epp_plugin_duration_seconds] Plugin processing latency distribution in seconds for each extension point, plugin type and plugin name.
# TYPE inference_extension_plugin_duration_seconds histogram
inference_extension_plugin_duration_seconds_bucket{extension_point="DataProducer",plugin_name="approx-prefix-cache-producer",plugin_type="approx-prefix-cache-producer",le="0.0001"} 246
inference_extension_plugin_duration_seconds_bucket{extension_point="DataProducer",plugin_name="approx-prefix-cache-producer",plugin_type="approx-prefix-cache-producer",le="0.0002"} 248
inference_extension_plugin_duration_seconds_bucket{extension_point="DataProducer",plugin_name="approx-prefix-cache-producer",plugin_type="approx-prefix-cache-producer",le="0.0005"} 249
inference_extension_plugin_duration_seconds_bucket{extension_point="DataProducer",plugin_name="approx-prefix-cache-producer",plugin_type="approx-prefix-cache-producer",le="0.001"} 250
inference_extension_plugin_duration_seconds_bucket{extension_point="DataProducer",plugin_name="approx-prefix-cache-producer",plugin_type="approx-prefix-cache-producer",le="0.002"} 250
inference_extension_plugin_duration_seconds_bucket{extension_point="DataProducer",plugin_name="approx-prefix-cache-producer",plugin_type="approx-prefix-cache-producer",le="0.005"} 250
inference_extension_plugin_duration_seconds_bucket{extension_point="DataProducer",plugin_name="approx-prefix-cache-producer",plugin_type="approx-prefix-cache-producer",le="0.01"} 250
inference_extension_plugin_duration_seconds_bucket{extension_point="DataProducer",plugin_name="approx-prefix-cache-producer",plugin_type="approx-prefix-cache-producer",le="0.02"} 250
inference_extension_plugin_duration_seconds_bucket{extension_point="DataProducer",plugin_name="approx-prefix-cache-producer",plugin_type="approx-prefix-cache-producer",le="0.05"} 250
inference_extension_plugin_duration_seconds_bucket{extension_point="DataProducer",plugin_name="approx-prefix-cache-producer",plugin_type="approx-prefix-cache-producer",le="0.1"} 250
inference_extension_plugin_duration_seconds_bucket{extension_point="DataProducer",plugin_name="approx-prefix-cache-producer",plugin_type="approx-prefix-cache-producer",le="+Inf"} 250
inference_extension_plugin_duration_seconds_sum{extension_point="DataProducer",plugin_name="approx-prefix-cache-producer",plugin_type="approx-prefix-cache-producer"} 0.007784069999999997
inference_extension_plugin_duration_seconds_count{extension_point="DataProducer",plugin_name="approx-prefix-cache-producer",plugin_type="approx-prefix-cache-producer"} 250
inference_extension_plugin_duration_seconds_bucket{extension_point="DataProducer",plugin_name="inflight-load-producer",plugin_type="inflight-load-producer",le="0.0001"} 249
inference_extension_plugin_duration_seconds_bucket{extension_point="DataProducer",plugin_name="inflight-load-producer",plugin_type="inflight-load-producer",le="0.0002"} 250
inference_extension_plugin_duration_seconds_bucket{extension_point="DataProducer",plugin_name="inflight-load-producer",plugin_type="inflight-load-producer",le="0.0005"} 250
inference_extension_plugin_duration_seconds_bucket{extension_point="DataProducer",plugin_name="inflight-load-producer",plugin_type="inflight-load-producer",le="0.001"} 250
inference_extension_plugin_duration_seconds_bucket{extension_point="DataProducer",plugin_name="inflight-load-producer",plugin_type="inflight-load-producer",le="0.002"} 250
inference_extension_plugin_duration_seconds_bucket{extension_point="DataProducer",plugin_name="inflight-load-producer",plugin_type="inflight-load-producer",le="0.005"} 250
inference_extension_plugin_duration_seconds_bucket{extension_point="DataProducer",plugin_name="inflight-load-producer",plugin_type="inflight-load-producer",le="0.01"} 250
inference_extension_plugin_duration_seconds_bucket{extension_point="DataProducer",plugin_name="inflight-load-producer",plugin_type="inflight-load-producer",le="0.02"} 250
inference_extension_plugin_duration_seconds_bucket{extension_point="DataProducer",plugin_name="inflight-load-producer",plugin_type="inflight-load-producer",le="0.05"} 250
inference_extension_plugin_duration_seconds_bucket{extension_point="DataProducer",plugin_name="inflight-load-producer",plugin_type="inflight-load-producer",le="0.1"} 250
inference_extension_plugin_duration_seconds_bucket{extension_point="DataProducer",plugin_name="inflight-load-producer",plugin_type="inflight-load-producer",le="+Inf"} 250
inference_extension_plugin_duration_seconds_sum{extension_point="DataProducer",plugin_name="inflight-load-producer",plugin_type="inflight-load-producer"} 0.0027451529999999997
inference_extension_plugin_duration_seconds_count{extension_point="DataProducer",plugin_name="inflight-load-producer",plugin_type="inflight-load-producer"} 250
inference_extension_plugin_duration_seconds_bucket{extension_point="DataProducer",plugin_name="token-producer",plugin_type="token-producer",le="0.0001"} 0
inference_extension_plugin_duration_seconds_bucket{extension_point="DataProducer",plugin_name="token-producer",plugin_type="token-producer",le="0.0002"} 0
inference_extension_plugin_duration_seconds_bucket{extension_point="DataProducer",plugin_name="token-producer",plugin_type="token-producer",le="0.0005"} 0
inference_extension_plugin_duration_seconds_bucket{extension_point="DataProducer",plugin_name="token-producer",plugin_type="token-producer",le="0.001"} 0
inference_extension_plugin_duration_seconds_bucket{extension_point="DataProducer",plugin_name="token-producer",plugin_type="token-producer",le="0.002"} 0
inference_extension_plugin_duration_seconds_bucket{extension_point="DataProducer",plugin_name="token-producer",plugin_type="token-producer",le="0.005"} 226
inference_extension_plugin_duration_seconds_bucket{extension_point="DataProducer",plugin_name="token-producer",plugin_type="token-producer",le="0.01"} 250
inference_extension_plugin_duration_seconds_bucket{extension_point="DataProducer",plugin_name="token-producer",plugin_type="token-producer",le="0.02"} 250
inference_extension_plugin_duration_seconds_bucket{extension_point="DataProducer",plugin_name="token-producer",plugin_type="token-producer",le="0.05"} 250
inference_extension_plugin_duration_seconds_bucket{extension_point="DataProducer",plugin_name="token-producer",plugin_type="token-producer",le="0.1"} 250
inference_extension_plugin_duration_seconds_bucket{extension_point="DataProducer",plugin_name="token-producer",plugin_type="token-producer",le="+Inf"} 250
inference_extension_plugin_duration_seconds_sum{extension_point="DataProducer",plugin_name="token-producer",plugin_type="token-producer"} 1.0216592299999998
inference_extension_plugin_duration_seconds_count{extension_point="DataProducer",plugin_name="token-producer",plugin_type="token-producer"} 250
inference_extension_plugin_duration_seconds_bucket{extension_point="Filter",plugin_name="decode-filter",plugin_type="by-label",le="0.0001"} 250
inference_extension_plugin_duration_seconds_bucket{extension_point="Filter",plugin_name="decode-filter",plugin_type="by-label",le="0.0002"} 250
inference_extension_plugin_duration_seconds_bucket{extension_point="Filter",plugin_name="decode-filter",plugin_type="by-label",le="0.0005"} 250
inference_extension_plugin_duration_seconds_bucket{extension_point="Filter",plugin_name="decode-filter",plugin_type="by-label",le="0.001"} 250
inference_extension_plugin_duration_seconds_bucket{extension_point="Filter",plugin_name="decode-filter",plugin_type="by-label",le="0.002"} 250
inference_extension_plugin_duration_seconds_bucket{extension_point="Filter",plugin_name="decode-filter",plugin_type="by-label",le="0.005"} 250
inference_extension_plugin_duration_seconds_bucket{extension_point="Filter",plugin_name="decode-filter",plugin_type="by-label",le="0.01"} 250
inference_extension_plugin_duration_seconds_bucket{extension_point="Filter",plugin_name="decode-filter",plugin_type="by-label",le="0.02"} 250
inference_extension_plugin_duration_seconds_bucket{extension_point="Filter",plugin_name="decode-filter",plugin_type="by-label",le="0.05"} 250
inference_extension_plugin_duration_seconds_bucket{extension_point="Filter",plugin_name="decode-filter",plugin_type="by-label",le="0.1"} 250
inference_extension_plugin_duration_seconds_bucket{extension_point="Filter",plugin_name="decode-filter",plugin_type="by-label",le="+Inf"} 250
inference_extension_plugin_duration_seconds_sum{extension_point="Filter",plugin_name="decode-filter",plugin_type="by-label"} 0.00022579399999999992
inference_extension_plugin_duration_seconds_count{extension_point="Filter",plugin_name="decode-filter",plugin_type="by-label"} 250
inference_extension_plugin_duration_seconds_bucket{extension_point="Filter",plugin_name="prefill-filter",plugin_type="by-label",le="0.0001"} 5
inference_extension_plugin_duration_seconds_bucket{extension_point="Filter",plugin_name="prefill-filter",plugin_type="by-label",le="0.0002"} 5
inference_extension_plugin_duration_seconds_bucket{extension_point="Filter",plugin_name="prefill-filter",plugin_type="by-label",le="0.0005"} 5
inference_extension_plugin_duration_seconds_bucket{extension_point="Filter",plugin_name="prefill-filter",plugin_type="by-label",le="0.001"} 5
inference_extension_plugin_duration_seconds_bucket{extension_point="Filter",plugin_name="prefill-filter",plugin_type="by-label",le="0.002"} 5
inference_extension_plugin_duration_seconds_bucket{extension_point="Filter",plugin_name="prefill-filter",plugin_type="by-label",le="0.005"} 5
inference_extension_plugin_duration_seconds_bucket{extension_point="Filter",plugin_name="prefill-filter",plugin_type="by-label",le="0.01"} 5
inference_extension_plugin_duration_seconds_bucket{extension_point="Filter",plugin_name="prefill-filter",plugin_type="by-label",le="0.02"} 5
inference_extension_plugin_duration_seconds_bucket{extension_point="Filter",plugin_name="prefill-filter",plugin_type="by-label",le="0.05"} 5
inference_extension_plugin_duration_seconds_bucket{extension_point="Filter",plugin_name="prefill-filter",plugin_type="by-label",le="0.1"} 5
inference_extension_plugin_duration_seconds_bucket{extension_point="Filter",plugin_name="prefill-filter",plugin_type="by-label",le="+Inf"} 5
inference_extension_plugin_duration_seconds_sum{extension_point="Filter",plugin_name="prefill-filter",plugin_type="by-label"} 1.928e-06
inference_extension_plugin_duration_seconds_count{extension_point="Filter",plugin_name="prefill-filter",plugin_type="by-label"} 5
inference_extension_plugin_duration_seconds_bucket{extension_point="Picker",plugin_name="max-score-picker",plugin_type="max-score-picker",le="0.0001"} 254
inference_extension_plugin_duration_seconds_bucket{extension_point="Picker",plugin_name="max-score-picker",plugin_type="max-score-picker",le="0.0002"} 254
inference_extension_plugin_duration_seconds_bucket{extension_point="Picker",plugin_name="max-score-picker",plugin_type="max-score-picker",le="0.0005"} 255
inference_extension_plugin_duration_seconds_bucket{extension_point="Picker",plugin_name="max-score-picker",plugin_type="max-score-picker",le="0.001"} 255
inference_extension_plugin_duration_seconds_bucket{extension_point="Picker",plugin_name="max-score-picker",plugin_type="max-score-picker",le="0.002"} 255
inference_extension_plugin_duration_seconds_bucket{extension_point="Picker",plugin_name="max-score-picker",plugin_type="max-score-picker",le="0.005"} 255
inference_extension_plugin_duration_seconds_bucket{extension_point="Picker",plugin_name="max-score-picker",plugin_type="max-score-picker",le="0.01"} 255
inference_extension_plugin_duration_seconds_bucket{extension_point="Picker",plugin_name="max-score-picker",plugin_type="max-score-picker",le="0.02"} 255
inference_extension_plugin_duration_seconds_bucket{extension_point="Picker",plugin_name="max-score-picker",plugin_type="max-score-picker",le="0.05"} 255
inference_extension_plugin_duration_seconds_bucket{extension_point="Picker",plugin_name="max-score-picker",plugin_type="max-score-picker",le="0.1"} 255
inference_extension_plugin_duration_seconds_bucket{extension_point="Picker",plugin_name="max-score-picker",plugin_type="max-score-picker",le="+Inf"} 255
inference_extension_plugin_duration_seconds_sum{extension_point="Picker",plugin_name="max-score-picker",plugin_type="max-score-picker"} 0.0038790859999999986
inference_extension_plugin_duration_seconds_count{extension_point="Picker",plugin_name="max-score-picker",plugin_type="max-score-picker"} 255
inference_extension_plugin_duration_seconds_bucket{extension_point="PreRequest",plugin_name="approx-prefix-cache-producer",plugin_type="approx-prefix-cache-producer",le="0.0001"} 250
inference_extension_plugin_duration_seconds_bucket{extension_point="PreRequest",plugin_name="approx-prefix-cache-producer",plugin_type="approx-prefix-cache-producer",le="0.0002"} 250
inference_extension_plugin_duration_seconds_bucket{extension_point="PreRequest",plugin_name="approx-prefix-cache-producer",plugin_type="approx-prefix-cache-producer",le="0.0005"} 250
inference_extension_plugin_duration_seconds_bucket{extension_point="PreRequest",plugin_name="approx-prefix-cache-producer",plugin_type="approx-prefix-cache-producer",le="0.001"} 250
inference_extension_plugin_duration_seconds_bucket{extension_point="PreRequest",plugin_name="approx-prefix-cache-producer",plugin_type="approx-prefix-cache-producer",le="0.002"} 250
inference_extension_plugin_duration_seconds_bucket{extension_point="PreRequest",plugin_name="approx-prefix-cache-producer",plugin_type="approx-prefix-cache-producer",le="0.005"} 250
inference_extension_plugin_duration_seconds_bucket{extension_point="PreRequest",plugin_name="approx-prefix-cache-producer",plugin_type="approx-prefix-cache-producer",le="0.01"} 250
inference_extension_plugin_duration_seconds_bucket{extension_point="PreRequest",plugin_name="approx-prefix-cache-producer",plugin_type="approx-prefix-cache-producer",le="0.02"} 250
inference_extension_plugin_duration_seconds_bucket{extension_point="PreRequest",plugin_name="approx-prefix-cache-producer",plugin_type="approx-prefix-cache-producer",le="0.05"} 250
inference_extension_plugin_duration_seconds_bucket{extension_point="PreRequest",plugin_name="approx-prefix-cache-producer",plugin_type="approx-prefix-cache-producer",le="0.1"} 250
inference_extension_plugin_duration_seconds_bucket{extension_point="PreRequest",plugin_name="approx-prefix-cache-producer",plugin_type="approx-prefix-cache-producer",le="+Inf"} 250
inference_extension_plugin_duration_seconds_sum{extension_point="PreRequest",plugin_name="approx-prefix-cache-producer",plugin_type="approx-prefix-cache-producer"} 0.002346901
inference_extension_plugin_duration_seconds_count{extension_point="PreRequest",plugin_name="approx-prefix-cache-producer",plugin_type="approx-prefix-cache-producer"} 250
inference_extension_plugin_duration_seconds_bucket{extension_point="PreRequest",plugin_name="disagg-profile-handler",plugin_type="disagg-profile-handler",le="0.0001"} 250
inference_extension_plugin_duration_seconds_bucket{extension_point="PreRequest",plugin_name="disagg-profile-handler",plugin_type="disagg-profile-handler",le="0.0002"} 250
inference_extension_plugin_duration_seconds_bucket{extension_point="PreRequest",plugin_name="disagg-profile-handler",plugin_type="disagg-profile-handler",le="0.0005"} 250
inference_extension_plugin_duration_seconds_bucket{extension_point="PreRequest",plugin_name="disagg-profile-handler",plugin_type="disagg-profile-handler",le="0.001"} 250
inference_extension_plugin_duration_seconds_bucket{extension_point="PreRequest",plugin_name="disagg-profile-handler",plugin_type="disagg-profile-handler",le="0.002"} 250
inference_extension_plugin_duration_seconds_bucket{extension_point="PreRequest",plugin_name="disagg-profile-handler",plugin_type="disagg-profile-handler",le="0.005"} 250
inference_extension_plugin_duration_seconds_bucket{extension_point="PreRequest",plugin_name="disagg-profile-handler",plugin_type="disagg-profile-handler",le="0.01"} 250
inference_extension_plugin_duration_seconds_bucket{extension_point="PreRequest",plugin_name="disagg-profile-handler",plugin_type="disagg-profile-handler",le="0.02"} 250
inference_extension_plugin_duration_seconds_bucket{extension_point="PreRequest",plugin_name="disagg-profile-handler",plugin_type="disagg-profile-handler",le="0.05"} 250
inference_extension_plugin_duration_seconds_bucket{extension_point="PreRequest",plugin_name="disagg-profile-handler",plugin_type="disagg-profile-handler",le="0.1"} 250
inference_extension_plugin_duration_seconds_bucket{extension_point="PreRequest",plugin_name="disagg-profile-handler",plugin_type="disagg-profile-handler",le="+Inf"} 250
inference_extension_plugin_duration_seconds_sum{extension_point="PreRequest",plugin_name="disagg-profile-handler",plugin_type="disagg-profile-handler"} 0.000891483
inference_extension_plugin_duration_seconds_count{extension_point="PreRequest",plugin_name="disagg-profile-handler",plugin_type="disagg-profile-handler"} 250
inference_extension_plugin_duration_seconds_bucket{extension_point="PreRequest",plugin_name="inflight-load-producer",plugin_type="inflight-load-producer",le="0.0001"} 250
inference_extension_plugin_duration_seconds_bucket{extension_point="PreRequest",plugin_name="inflight-load-producer",plugin_type="inflight-load-producer",le="0.0002"} 250
inference_extension_plugin_duration_seconds_bucket{extension_point="PreRequest",plugin_name="inflight-load-producer",plugin_type="inflight-load-producer",le="0.0005"} 250
inference_extension_plugin_duration_seconds_bucket{extension_point="PreRequest",plugin_name="inflight-load-producer",plugin_type="inflight-load-producer",le="0.001"} 250
inference_extension_plugin_duration_seconds_bucket{extension_point="PreRequest",plugin_name="inflight-load-producer",plugin_type="inflight-load-producer",le="0.002"} 250
inference_extension_plugin_duration_seconds_bucket{extension_point="PreRequest",plugin_name="inflight-load-producer",plugin_type="inflight-load-producer",le="0.005"} 250
inference_extension_plugin_duration_seconds_bucket{extension_point="PreRequest",plugin_name="inflight-load-producer",plugin_type="inflight-load-producer",le="0.01"} 250
inference_extension_plugin_duration_seconds_bucket{extension_point="PreRequest",plugin_name="inflight-load-producer",plugin_type="inflight-load-producer",le="0.02"} 250
inference_extension_plugin_duration_seconds_bucket{extension_point="PreRequest",plugin_name="inflight-load-producer",plugin_type="inflight-load-producer",le="0.05"} 250
inference_extension_plugin_duration_seconds_bucket{extension_point="PreRequest",plugin_name="inflight-load-producer",plugin_type="inflight-load-producer",le="0.1"} 250
inference_extension_plugin_duration_seconds_bucket{extension_point="PreRequest",plugin_name="inflight-load-producer",plugin_type="inflight-load-producer",le="+Inf"} 250
inference_extension_plugin_duration_seconds_sum{extension_point="PreRequest",plugin_name="inflight-load-producer",plugin_type="inflight-load-producer"} 0.0016582000000000012
inference_extension_plugin_duration_seconds_count{extension_point="PreRequest",plugin_name="inflight-load-producer",plugin_type="inflight-load-producer"} 250
inference_extension_plugin_duration_seconds_bucket{extension_point="ProcessProfilesResults",plugin_name="disagg-profile-handler",plugin_type="disagg-profile-handler",le="0.0001"} 250
inference_extension_plugin_duration_seconds_bucket{extension_point="ProcessProfilesResults",plugin_name="disagg-profile-handler",plugin_type="disagg-profile-handler",le="0.0002"} 250
inference_extension_plugin_duration_seconds_bucket{extension_point="ProcessProfilesResults",plugin_name="disagg-profile-handler",plugin_type="disagg-profile-handler",le="0.0005"} 250
inference_extension_plugin_duration_seconds_bucket{extension_point="ProcessProfilesResults",plugin_name="disagg-profile-handler",plugin_type="disagg-profile-handler",le="0.001"} 250
inference_extension_plugin_duration_seconds_bucket{extension_point="ProcessProfilesResults",plugin_name="disagg-profile-handler",plugin_type="disagg-profile-handler",le="0.002"} 250
inference_extension_plugin_duration_seconds_bucket{extension_point="ProcessProfilesResults",plugin_name="disagg-profile-handler",plugin_type="disagg-profile-handler",le="0.005"} 250
inference_extension_plugin_duration_seconds_bucket{extension_point="ProcessProfilesResults",plugin_name="disagg-profile-handler",plugin_type="disagg-profile-handler",le="0.01"} 250
inference_extension_plugin_duration_seconds_bucket{extension_point="ProcessProfilesResults",plugin_name="disagg-profile-handler",plugin_type="disagg-profile-handler",le="0.02"} 250
inference_extension_plugin_duration_seconds_bucket{extension_point="ProcessProfilesResults",plugin_name="disagg-profile-handler",plugin_type="disagg-profile-handler",le="0.05"} 250
inference_extension_plugin_duration_seconds_bucket{extension_point="ProcessProfilesResults",plugin_name="disagg-profile-handler",plugin_type="disagg-profile-handler",le="0.1"} 250
inference_extension_plugin_duration_seconds_bucket{extension_point="ProcessProfilesResults",plugin_name="disagg-profile-handler",plugin_type="disagg-profile-handler",le="+Inf"} 250
inference_extension_plugin_duration_seconds_sum{extension_point="ProcessProfilesResults",plugin_name="disagg-profile-handler",plugin_type="disagg-profile-handler"} 0.00022053500000000016
inference_extension_plugin_duration_seconds_count{extension_point="ProcessProfilesResults",plugin_name="disagg-profile-handler",plugin_type="disagg-profile-handler"} 250
inference_extension_plugin_duration_seconds_bucket{extension_point="ProfilePicker",plugin_name="disagg-profile-handler",plugin_type="disagg-profile-handler",le="0.0001"} 505
inference_extension_plugin_duration_seconds_bucket{extension_point="ProfilePicker",plugin_name="disagg-profile-handler",plugin_type="disagg-profile-handler",le="0.0002"} 505
inference_extension_plugin_duration_seconds_bucket{extension_point="ProfilePicker",plugin_name="disagg-profile-handler",plugin_type="disagg-profile-handler",le="0.0005"} 505
inference_extension_plugin_duration_seconds_bucket{extension_point="ProfilePicker",plugin_name="disagg-profile-handler",plugin_type="disagg-profile-handler",le="0.001"} 505
inference_extension_plugin_duration_seconds_bucket{extension_point="ProfilePicker",plugin_name="disagg-profile-handler",plugin_type="disagg-profile-handler",le="0.002"} 505
inference_extension_plugin_duration_seconds_bucket{extension_point="ProfilePicker",plugin_name="disagg-profile-handler",plugin_type="disagg-profile-handler",le="0.005"} 505
inference_extension_plugin_duration_seconds_bucket{extension_point="ProfilePicker",plugin_name="disagg-profile-handler",plugin_type="disagg-profile-handler",le="0.01"} 505
inference_extension_plugin_duration_seconds_bucket{extension_point="ProfilePicker",plugin_name="disagg-profile-handler",plugin_type="disagg-profile-handler",le="0.02"} 505
inference_extension_plugin_duration_seconds_bucket{extension_point="ProfilePicker",plugin_name="disagg-profile-handler",plugin_type="disagg-profile-handler",le="0.05"} 505
inference_extension_plugin_duration_seconds_bucket{extension_point="ProfilePicker",plugin_name="disagg-profile-handler",plugin_type="disagg-profile-handler",le="0.1"} 505
inference_extension_plugin_duration_seconds_bucket{extension_point="ProfilePicker",plugin_name="disagg-profile-handler",plugin_type="disagg-profile-handler",le="+Inf"} 505
inference_extension_plugin_duration_seconds_sum{extension_point="ProfilePicker",plugin_name="disagg-profile-handler",plugin_type="disagg-profile-handler"} 0.0053858160000000025
inference_extension_plugin_duration_seconds_count{extension_point="ProfilePicker",plugin_name="disagg-profile-handler",plugin_type="disagg-profile-handler"} 505
inference_extension_plugin_duration_seconds_bucket{extension_point="RequestParsing",plugin_name="openai-parser",plugin_type="openai-parser",le="0.0001"} 246
inference_extension_plugin_duration_seconds_bucket{extension_point="RequestParsing",plugin_name="openai-parser",plugin_type="openai-parser",le="0.0002"} 249
inference_extension_plugin_duration_seconds_bucket{extension_point="RequestParsing",plugin_name="openai-parser",plugin_type="openai-parser",le="0.0005"} 249
inference_extension_plugin_duration_seconds_bucket{extension_point="RequestParsing",plugin_name="openai-parser",plugin_type="openai-parser",le="0.001"} 250
inference_extension_plugin_duration_seconds_bucket{extension_point="RequestParsing",plugin_name="openai-parser",plugin_type="openai-parser",le="0.002"} 250
inference_extension_plugin_duration_seconds_bucket{extension_point="RequestParsing",plugin_name="openai-parser",plugin_type="openai-parser",le="0.005"} 250
inference_extension_plugin_duration_seconds_bucket{extension_point="RequestParsing",plugin_name="openai-parser",plugin_type="openai-parser",le="0.01"} 250
inference_extension_plugin_duration_seconds_bucket{extension_point="RequestParsing",plugin_name="openai-parser",plugin_type="openai-parser",le="0.02"} 250
inference_extension_plugin_duration_seconds_bucket{extension_point="RequestParsing",plugin_name="openai-parser",plugin_type="openai-parser",le="0.05"} 250
inference_extension_plugin_duration_seconds_bucket{extension_point="RequestParsing",plugin_name="openai-parser",plugin_type="openai-parser",le="0.1"} 250
inference_extension_plugin_duration_seconds_bucket{extension_point="RequestParsing",plugin_name="openai-parser",plugin_type="openai-parser",le="+Inf"} 250
inference_extension_plugin_duration_seconds_sum{extension_point="RequestParsing",plugin_name="openai-parser",plugin_type="openai-parser"} 0.009418943
inference_extension_plugin_duration_seconds_count{extension_point="RequestParsing",plugin_name="openai-parser",plugin_type="openai-parser"} 250
inference_extension_plugin_duration_seconds_bucket{extension_point="ResponseParsing",plugin_name="openai-parser",plugin_type="openai-parser",le="0.0001"} 3821
inference_extension_plugin_duration_seconds_bucket{extension_point="ResponseParsing",plugin_name="openai-parser",plugin_type="openai-parser",le="0.0002"} 3823
inference_extension_plugin_duration_seconds_bucket{extension_point="ResponseParsing",plugin_name="openai-parser",plugin_type="openai-parser",le="0.0005"} 3824
inference_extension_plugin_duration_seconds_bucket{extension_point="ResponseParsing",plugin_name="openai-parser",plugin_type="openai-parser",le="0.001"} 3824
inference_extension_plugin_duration_seconds_bucket{extension_point="ResponseParsing",plugin_name="openai-parser",plugin_type="openai-parser",le="0.002"} 3824
inference_extension_plugin_duration_seconds_bucket{extension_point="ResponseParsing",plugin_name="openai-parser",plugin_type="openai-parser",le="0.005"} 3824
inference_extension_plugin_duration_seconds_bucket{extension_point="ResponseParsing",plugin_name="openai-parser",plugin_type="openai-parser",le="0.01"} 3824
inference_extension_plugin_duration_seconds_bucket{extension_point="ResponseParsing",plugin_name="openai-parser",plugin_type="openai-parser",le="0.02"} 3824
inference_extension_plugin_duration_seconds_bucket{extension_point="ResponseParsing",plugin_name="openai-parser",plugin_type="openai-parser",le="0.05"} 3824
inference_extension_plugin_duration_seconds_bucket{extension_point="ResponseParsing",plugin_name="openai-parser",plugin_type="openai-parser",le="0.1"} 3824
inference_extension_plugin_duration_seconds_bucket{extension_point="ResponseParsing",plugin_name="openai-parser",plugin_type="openai-parser",le="+Inf"} 3824
inference_extension_plugin_duration_seconds_sum{extension_point="ResponseParsing",plugin_name="openai-parser",plugin_type="openai-parser"} 0.05353264099999999
inference_extension_plugin_duration_seconds_count{extension_point="ResponseParsing",plugin_name="openai-parser",plugin_type="openai-parser"} 3824
inference_extension_plugin_duration_seconds_bucket{extension_point="ResponseStreaming",plugin_name="inflight-load-producer",plugin_type="inflight-load-producer",le="0.0001"} 3824
inference_extension_plugin_duration_seconds_bucket{extension_point="ResponseStreaming",plugin_name="inflight-load-producer",plugin_type="inflight-load-producer",le="0.0002"} 3824
inference_extension_plugin_duration_seconds_bucket{extension_point="ResponseStreaming",plugin_name="inflight-load-producer",plugin_type="inflight-load-producer",le="0.0005"} 3824
inference_extension_plugin_duration_seconds_bucket{extension_point="ResponseStreaming",plugin_name="inflight-load-producer",plugin_type="inflight-load-producer",le="0.001"} 3824
inference_extension_plugin_duration_seconds_bucket{extension_point="ResponseStreaming",plugin_name="inflight-load-producer",plugin_type="inflight-load-producer",le="0.002"} 3824
inference_extension_plugin_duration_seconds_bucket{extension_point="ResponseStreaming",plugin_name="inflight-load-producer",plugin_type="inflight-load-producer",le="0.005"} 3824
inference_extension_plugin_duration_seconds_bucket{extension_point="ResponseStreaming",plugin_name="inflight-load-producer",plugin_type="inflight-load-producer",le="0.01"} 3824
inference_extension_plugin_duration_seconds_bucket{extension_point="ResponseStreaming",plugin_name="inflight-load-producer",plugin_type="inflight-load-producer",le="0.02"} 3824
inference_extension_plugin_duration_seconds_bucket{extension_point="ResponseStreaming",plugin_name="inflight-load-producer",plugin_type="inflight-load-producer",le="0.05"} 3824
inference_extension_plugin_duration_seconds_bucket{extension_point="ResponseStreaming",plugin_name="inflight-load-producer",plugin_type="inflight-load-producer",le="0.1"} 3824
inference_extension_plugin_duration_seconds_bucket{extension_point="ResponseStreaming",plugin_name="inflight-load-producer",plugin_type="inflight-load-producer",le="+Inf"} 3824
inference_extension_plugin_duration_seconds_sum{extension_point="ResponseStreaming",plugin_name="inflight-load-producer",plugin_type="inflight-load-producer"} 0.0067133570000000135
inference_extension_plugin_duration_seconds_count{extension_point="ResponseStreaming",plugin_name="inflight-load-producer",plugin_type="inflight-load-producer"} 3824
inference_extension_plugin_duration_seconds_bucket{extension_point="Scorer",plugin_name="active-request-scorer",plugin_type="active-request-scorer",le="0.0001"} 249
inference_extension_plugin_duration_seconds_bucket{extension_point="Scorer",plugin_name="active-request-scorer",plugin_type="active-request-scorer",le="0.0002"} 249
inference_extension_plugin_duration_seconds_bucket{extension_point="Scorer",plugin_name="active-request-scorer",plugin_type="active-request-scorer",le="0.0005"} 249
inference_extension_plugin_duration_seconds_bucket{extension_point="Scorer",plugin_name="active-request-scorer",plugin_type="active-request-scorer",le="0.001"} 250
inference_extension_plugin_duration_seconds_bucket{extension_point="Scorer",plugin_name="active-request-scorer",plugin_type="active-request-scorer",le="0.002"} 250
inference_extension_plugin_duration_seconds_bucket{extension_point="Scorer",plugin_name="active-request-scorer",plugin_type="active-request-scorer",le="0.005"} 250
inference_extension_plugin_duration_seconds_bucket{extension_point="Scorer",plugin_name="active-request-scorer",plugin_type="active-request-scorer",le="0.01"} 250
inference_extension_plugin_duration_seconds_bucket{extension_point="Scorer",plugin_name="active-request-scorer",plugin_type="active-request-scorer",le="0.02"} 250
inference_extension_plugin_duration_seconds_bucket{extension_point="Scorer",plugin_name="active-request-scorer",plugin_type="active-request-scorer",le="0.05"} 250
inference_extension_plugin_duration_seconds_bucket{extension_point="Scorer",plugin_name="active-request-scorer",plugin_type="active-request-scorer",le="0.1"} 250
inference_extension_plugin_duration_seconds_bucket{extension_point="Scorer",plugin_name="active-request-scorer",plugin_type="active-request-scorer",le="+Inf"} 250
inference_extension_plugin_duration_seconds_sum{extension_point="Scorer",plugin_name="active-request-scorer",plugin_type="active-request-scorer"} 0.002257024
inference_extension_plugin_duration_seconds_count{extension_point="Scorer",plugin_name="active-request-scorer",plugin_type="active-request-scorer"} 250
inference_extension_plugin_duration_seconds_bucket{extension_point="Scorer",plugin_name="kv-cache-utilization-scorer",plugin_type="kv-cache-utilization-scorer",le="0.0001"} 5
inference_extension_plugin_duration_seconds_bucket{extension_point="Scorer",plugin_name="kv-cache-utilization-scorer",plugin_type="kv-cache-utilization-scorer",le="0.0002"} 5
inference_extension_plugin_duration_seconds_bucket{extension_point="Scorer",plugin_name="kv-cache-utilization-scorer",plugin_type="kv-cache-utilization-scorer",le="0.0005"} 5
inference_extension_plugin_duration_seconds_bucket{extension_point="Scorer",plugin_name="kv-cache-utilization-scorer",plugin_type="kv-cache-utilization-scorer",le="0.001"} 5
inference_extension_plugin_duration_seconds_bucket{extension_point="Scorer",plugin_name="kv-cache-utilization-scorer",plugin_type="kv-cache-utilization-scorer",le="0.002"} 5
inference_extension_plugin_duration_seconds_bucket{extension_point="Scorer",plugin_name="kv-cache-utilization-scorer",plugin_type="kv-cache-utilization-scorer",le="0.005"} 5
inference_extension_plugin_duration_seconds_bucket{extension_point="Scorer",plugin_name="kv-cache-utilization-scorer",plugin_type="kv-cache-utilization-scorer",le="0.01"} 5
inference_extension_plugin_duration_seconds_bucket{extension_point="Scorer",plugin_name="kv-cache-utilization-scorer",plugin_type="kv-cache-utilization-scorer",le="0.02"} 5
inference_extension_plugin_duration_seconds_bucket{extension_point="Scorer",plugin_name="kv-cache-utilization-scorer",plugin_type="kv-cache-utilization-scorer",le="0.05"} 5
inference_extension_plugin_duration_seconds_bucket{extension_point="Scorer",plugin_name="kv-cache-utilization-scorer",plugin_type="kv-cache-utilization-scorer",le="0.1"} 5
inference_extension_plugin_duration_seconds_bucket{extension_point="Scorer",plugin_name="kv-cache-utilization-scorer",plugin_type="kv-cache-utilization-scorer",le="+Inf"} 5
inference_extension_plugin_duration_seconds_sum{extension_point="Scorer",plugin_name="kv-cache-utilization-scorer",plugin_type="kv-cache-utilization-scorer"} 1.242e-06
inference_extension_plugin_duration_seconds_count{extension_point="Scorer",plugin_name="kv-cache-utilization-scorer",plugin_type="kv-cache-utilization-scorer"} 5
inference_extension_plugin_duration_seconds_bucket{extension_point="Scorer",plugin_name="prefix-cache-scorer",plugin_type="prefix-cache-scorer",le="0.0001"} 255
inference_extension_plugin_duration_seconds_bucket{extension_point="Scorer",plugin_name="prefix-cache-scorer",plugin_type="prefix-cache-scorer",le="0.0002"} 255
inference_extension_plugin_duration_seconds_bucket{extension_point="Scorer",plugin_name="prefix-cache-scorer",plugin_type="prefix-cache-scorer",le="0.0005"} 255
inference_extension_plugin_duration_seconds_bucket{extension_point="Scorer",plugin_name="prefix-cache-scorer",plugin_type="prefix-cache-scorer",le="0.001"} 255
inference_extension_plugin_duration_seconds_bucket{extension_point="Scorer",plugin_name="prefix-cache-scorer",plugin_type="prefix-cache-scorer",le="0.002"} 255
inference_extension_plugin_duration_seconds_bucket{extension_point="Scorer",plugin_name="prefix-cache-scorer",plugin_type="prefix-cache-scorer",le="0.005"} 255
inference_extension_plugin_duration_seconds_bucket{extension_point="Scorer",plugin_name="prefix-cache-scorer",plugin_type="prefix-cache-scorer",le="0.01"} 255
inference_extension_plugin_duration_seconds_bucket{extension_point="Scorer",plugin_name="prefix-cache-scorer",plugin_type="prefix-cache-scorer",le="0.02"} 255
inference_extension_plugin_duration_seconds_bucket{extension_point="Scorer",plugin_name="prefix-cache-scorer",plugin_type="prefix-cache-scorer",le="0.05"} 255
inference_extension_plugin_duration_seconds_bucket{extension_point="Scorer",plugin_name="prefix-cache-scorer",plugin_type="prefix-cache-scorer",le="0.1"} 255
inference_extension_plugin_duration_seconds_bucket{extension_point="Scorer",plugin_name="prefix-cache-scorer",plugin_type="prefix-cache-scorer",le="+Inf"} 255
inference_extension_plugin_duration_seconds_sum{extension_point="Scorer",plugin_name="prefix-cache-scorer",plugin_type="prefix-cache-scorer"} 0.0004337920000000003
inference_extension_plugin_duration_seconds_count{extension_point="Scorer",plugin_name="prefix-cache-scorer",plugin_type="prefix-cache-scorer"} 255
inference_extension_plugin_duration_seconds_bucket{extension_point="Scorer",plugin_name="queue-scorer",plugin_type="queue-scorer",le="0.0001"} 5
inference_extension_plugin_duration_seconds_bucket{extension_point="Scorer",plugin_name="queue-scorer",plugin_type="queue-scorer",le="0.0002"} 5
inference_extension_plugin_duration_seconds_bucket{extension_point="Scorer",plugin_name="queue-scorer",plugin_type="queue-scorer",le="0.0005"} 5
inference_extension_plugin_duration_seconds_bucket{extension_point="Scorer",plugin_name="queue-scorer",plugin_type="queue-scorer",le="0.001"} 5
inference_extension_plugin_duration_seconds_bucket{extension_point="Scorer",plugin_name="queue-scorer",plugin_type="queue-scorer",le="0.002"} 5
inference_extension_plugin_duration_seconds_bucket{extension_point="Scorer",plugin_name="queue-scorer",plugin_type="queue-scorer",le="0.005"} 5
inference_extension_plugin_duration_seconds_bucket{extension_point="Scorer",plugin_name="queue-scorer",plugin_type="queue-scorer",le="0.01"} 5
inference_extension_plugin_duration_seconds_bucket{extension_point="Scorer",plugin_name="queue-scorer",plugin_type="queue-scorer",le="0.02"} 5
inference_extension_plugin_duration_seconds_bucket{extension_point="Scorer",plugin_name="queue-scorer",plugin_type="queue-scorer",le="0.05"} 5
inference_extension_plugin_duration_seconds_bucket{extension_point="Scorer",plugin_name="queue-scorer",plugin_type="queue-scorer",le="0.1"} 5
inference_extension_plugin_duration_seconds_bucket{extension_point="Scorer",plugin_name="queue-scorer",plugin_type="queue-scorer",le="+Inf"} 5
inference_extension_plugin_duration_seconds_sum{extension_point="Scorer",plugin_name="queue-scorer",plugin_type="queue-scorer"} 1.5250000000000002e-06
inference_extension_plugin_duration_seconds_count{extension_point="Scorer",plugin_name="queue-scorer",plugin_type="queue-scorer"} 5
# HELP inference_extension_prefix_indexer_hit_bytes [ALPHA] [Deprecated: Use llm_d_epp_prefix_indexer_hit_bytes] Length of the prefix match in number of bytes in the cache lookup.
# TYPE inference_extension_prefix_indexer_hit_bytes histogram
inference_extension_prefix_indexer_hit_bytes_bucket{le="0"} 10
inference_extension_prefix_indexer_hit_bytes_bucket{le="16"} 10
inference_extension_prefix_indexer_hit_bytes_bucket{le="32"} 10
inference_extension_prefix_indexer_hit_bytes_bucket{le="64"} 10
inference_extension_prefix_indexer_hit_bytes_bucket{le="128"} 10
inference_extension_prefix_indexer_hit_bytes_bucket{le="256"} 10
inference_extension_prefix_indexer_hit_bytes_bucket{le="512"} 10
inference_extension_prefix_indexer_hit_bytes_bucket{le="1024"} 10
inference_extension_prefix_indexer_hit_bytes_bucket{le="2048"} 250
inference_extension_prefix_indexer_hit_bytes_bucket{le="4096"} 250
inference_extension_prefix_indexer_hit_bytes_bucket{le="8192"} 250
inference_extension_prefix_indexer_hit_bytes_bucket{le="16384"} 250
inference_extension_prefix_indexer_hit_bytes_bucket{le="32768"} 250
inference_extension_prefix_indexer_hit_bytes_bucket{le="65536"} 250
inference_extension_prefix_indexer_hit_bytes_bucket{le="+Inf"} 250
inference_extension_prefix_indexer_hit_bytes_sum 307456
inference_extension_prefix_indexer_hit_bytes_count 250
# HELP inference_extension_prefix_indexer_hit_ratio [ALPHA] [Deprecated: Use llm_d_epp_prefix_indexer_hit_ratio] Ratio of prefix length matched to total prefix length in the cache lookup.
# TYPE inference_extension_prefix_indexer_hit_ratio histogram
inference_extension_prefix_indexer_hit_ratio_bucket{le="0"} 10
inference_extension_prefix_indexer_hit_ratio_bucket{le="0.1"} 10
inference_extension_prefix_indexer_hit_ratio_bucket{le="0.2"} 10
inference_extension_prefix_indexer_hit_ratio_bucket{le="0.3"} 10
inference_extension_prefix_indexer_hit_ratio_bucket{le="0.4"} 10
inference_extension_prefix_indexer_hit_ratio_bucket{le="0.5"} 11
inference_extension_prefix_indexer_hit_ratio_bucket{le="0.6"} 11
inference_extension_prefix_indexer_hit_ratio_bucket{le="0.7"} 11
inference_extension_prefix_indexer_hit_ratio_bucket{le="0.8"} 11
inference_extension_prefix_indexer_hit_ratio_bucket{le="0.9"} 11
inference_extension_prefix_indexer_hit_ratio_bucket{le="1"} 250
inference_extension_prefix_indexer_hit_ratio_bucket{le="+Inf"} 250
inference_extension_prefix_indexer_hit_ratio_sum 239.5
inference_extension_prefix_indexer_hit_ratio_count 250
# HELP inference_extension_prefix_indexer_size [ALPHA] [Deprecated: Use llm_d_epp_prefix_indexer_size] Size of the prefix indexer.
# TYPE inference_extension_prefix_indexer_size gauge
inference_extension_prefix_indexer_size 272
# HELP inference_extension_scheduler_attempts_total [ALPHA] [Deprecated: Use llm_d_epp_scheduler_attempts_total] Total number of scheduling attempts.
# TYPE inference_extension_scheduler_attempts_total counter
inference_extension_scheduler_attempts_total{namespace="kalantar-0",pod_name="meta-lla-888e33f1-instruct-decode-558d9f5fd4-8wldl",port="8000",status="success",target_model_name="meta-llama/Llama-3.3-70B-Instruct"} 124
inference_extension_scheduler_attempts_total{namespace="kalantar-0",pod_name="meta-lla-888e33f1-instruct-decode-558d9f5fd4-w7brb",port="8000",status="success",target_model_name="meta-llama/Llama-3.3-70B-Instruct"} 126
# HELP inference_extension_scheduler_e2e_duration_seconds [ALPHA] [Deprecated: Use llm_d_epp_scheduler_e2e_duration_seconds] End-to-end scheduling latency distribution in seconds.
# TYPE inference_extension_scheduler_e2e_duration_seconds histogram
inference_extension_scheduler_e2e_duration_seconds_bucket{le="0.0001"} 0
inference_extension_scheduler_e2e_duration_seconds_bucket{le="0.0002"} 2
inference_extension_scheduler_e2e_duration_seconds_bucket{le="0.0005"} 239
inference_extension_scheduler_e2e_duration_seconds_bucket{le="0.001"} 247
inference_extension_scheduler_e2e_duration_seconds_bucket{le="0.002"} 250
inference_extension_scheduler_e2e_duration_seconds_bucket{le="0.005"} 250
inference_extension_scheduler_e2e_duration_seconds_bucket{le="0.01"} 250
inference_extension_scheduler_e2e_duration_seconds_bucket{le="0.02"} 250
inference_extension_scheduler_e2e_duration_seconds_bucket{le="0.05"} 250
inference_extension_scheduler_e2e_duration_seconds_bucket{le="0.1"} 250
inference_extension_scheduler_e2e_duration_seconds_bucket{le="+Inf"} 250
inference_extension_scheduler_e2e_duration_seconds_sum 0.07559243100000002
inference_extension_scheduler_e2e_duration_seconds_count 250
# HELP inference_objective_input_tokens [ALPHA] [Deprecated: Use llm_d_epp_request_input_tokens] Inference objective input token count distribution for requests in each model.
# TYPE inference_objective_input_tokens histogram
inference_objective_input_tokens_bucket{model_name="meta-llama/Llama-3.3-70B-Instruct",target_model_name="meta-llama/Llama-3.3-70B-Instruct",le="1"} 0
inference_objective_input_tokens_bucket{model_name="meta-llama/Llama-3.3-70B-Instruct",target_model_name="meta-llama/Llama-3.3-70B-Instruct",le="8"} 1
inference_objective_input_tokens_bucket{model_name="meta-llama/Llama-3.3-70B-Instruct",target_model_name="meta-llama/Llama-3.3-70B-Instruct",le="16"} 1
inference_objective_input_tokens_bucket{model_name="meta-llama/Llama-3.3-70B-Instruct",target_model_name="meta-llama/Llama-3.3-70B-Instruct",le="32"} 1
inference_objective_input_tokens_bucket{model_name="meta-llama/Llama-3.3-70B-Instruct",target_model_name="meta-llama/Llama-3.3-70B-Instruct",le="64"} 1
inference_objective_input_tokens_bucket{model_name="meta-llama/Llama-3.3-70B-Instruct",target_model_name="meta-llama/Llama-3.3-70B-Instruct",le="128"} 1
inference_objective_input_tokens_bucket{model_name="meta-llama/Llama-3.3-70B-Instruct",target_model_name="meta-llama/Llama-3.3-70B-Instruct",le="256"} 2
inference_objective_input_tokens_bucket{model_name="meta-llama/Llama-3.3-70B-Instruct",target_model_name="meta-llama/Llama-3.3-70B-Instruct",le="512"} 244
inference_objective_input_tokens_bucket{model_name="meta-llama/Llama-3.3-70B-Instruct",target_model_name="meta-llama/Llama-3.3-70B-Instruct",le="1024"} 1812
inference_objective_input_tokens_bucket{model_name="meta-llama/Llama-3.3-70B-Instruct",target_model_name="meta-llama/Llama-3.3-70B-Instruct",le="2048"} 3044
inference_objective_input_tokens_bucket{model_name="meta-llama/Llama-3.3-70B-Instruct",target_model_name="meta-llama/Llama-3.3-70B-Instruct",le="4096"} 3822
inference_objective_input_tokens_bucket{model_name="meta-llama/Llama-3.3-70B-Instruct",target_model_name="meta-llama/Llama-3.3-70B-Instruct",le="8192"} 3822
inference_objective_input_tokens_bucket{model_name="meta-llama/Llama-3.3-70B-Instruct",target_model_name="meta-llama/Llama-3.3-70B-Instruct",le="16384"} 3822
inference_objective_input_tokens_bucket{model_name="meta-llama/Llama-3.3-70B-Instruct",target_model_name="meta-llama/Llama-3.3-70B-Instruct",le="32778"} 3822
inference_objective_input_tokens_bucket{model_name="meta-llama/Llama-3.3-70B-Instruct",target_model_name="meta-llama/Llama-3.3-70B-Instruct",le="65536"} 3822
inference_objective_input_tokens_bucket{model_name="meta-llama/Llama-3.3-70B-Instruct",target_model_name="meta-llama/Llama-3.3-70B-Instruct",le="131072"} 3822
inference_objective_input_tokens_bucket{model_name="meta-llama/Llama-3.3-70B-Instruct",target_model_name="meta-llama/Llama-3.3-70B-Instruct",le="262144"} 3822
inference_objective_input_tokens_bucket{model_name="meta-llama/Llama-3.3-70B-Instruct",target_model_name="meta-llama/Llama-3.3-70B-Instruct",le="524288"} 3822
inference_objective_input_tokens_bucket{model_name="meta-llama/Llama-3.3-70B-Instruct",target_model_name="meta-llama/Llama-3.3-70B-Instruct",le="1.048576e+06"} 3822
inference_objective_input_tokens_bucket{model_name="meta-llama/Llama-3.3-70B-Instruct",target_model_name="meta-llama/Llama-3.3-70B-Instruct",le="+Inf"} 3822
inference_objective_input_tokens_sum{model_name="meta-llama/Llama-3.3-70B-Instruct",target_model_name="meta-llama/Llama-3.3-70B-Instruct"} 5.105382e+06
inference_objective_input_tokens_count{model_name="meta-llama/Llama-3.3-70B-Instruct",target_model_name="meta-llama/Llama-3.3-70B-Instruct"} 3822
# HELP inference_objective_normalized_time_per_output_token_seconds [ALPHA] [Deprecated: Use llm_d_epp_request_ntpot_seconds] Inference objective latency divided by number of output tokens in seconds for each model and target model.
# TYPE inference_objective_normalized_time_per_output_token_seconds histogram
inference_objective_normalized_time_per_output_token_seconds_bucket{model_name="meta-llama/Llama-3.3-70B-Instruct",target_model_name="meta-llama/Llama-3.3-70B-Instruct",le="0.001"} 0
inference_objective_normalized_time_per_output_token_seconds_bucket{model_name="meta-llama/Llama-3.3-70B-Instruct",target_model_name="meta-llama/Llama-3.3-70B-Instruct",le="0.002"} 0
inference_objective_normalized_time_per_output_token_seconds_bucket{model_name="meta-llama/Llama-3.3-70B-Instruct",target_model_name="meta-llama/Llama-3.3-70B-Instruct",le="0.005"} 0
inference_objective_normalized_time_per_output_token_seconds_bucket{model_name="meta-llama/Llama-3.3-70B-Instruct",target_model_name="meta-llama/Llama-3.3-70B-Instruct",le="0.01"} 0
inference_objective_normalized_time_per_output_token_seconds_bucket{model_name="meta-llama/Llama-3.3-70B-Instruct",target_model_name="meta-llama/Llama-3.3-70B-Instruct",le="0.02"} 242
inference_objective_normalized_time_per_output_token_seconds_bucket{model_name="meta-llama/Llama-3.3-70B-Instruct",target_model_name="meta-llama/Llama-3.3-70B-Instruct",le="0.05"} 244
inference_objective_normalized_time_per_output_token_seconds_bucket{model_name="meta-llama/Llama-3.3-70B-Instruct",target_model_name="meta-llama/Llama-3.3-70B-Instruct",le="0.1"} 244
inference_objective_normalized_time_per_output_token_seconds_bucket{model_name="meta-llama/Llama-3.3-70B-Instruct",target_model_name="meta-llama/Llama-3.3-70B-Instruct",le="0.2"} 244
inference_objective_normalized_time_per_output_token_seconds_bucket{model_name="meta-llama/Llama-3.3-70B-Instruct",target_model_name="meta-llama/Llama-3.3-70B-Instruct",le="0.5"} 244
inference_objective_normalized_time_per_output_token_seconds_bucket{model_name="meta-llama/Llama-3.3-70B-Instruct",target_model_name="meta-llama/Llama-3.3-70B-Instruct",le="1"} 244
inference_objective_normalized_time_per_output_token_seconds_bucket{model_name="meta-llama/Llama-3.3-70B-Instruct",target_model_name="meta-llama/Llama-3.3-70B-Instruct",le="2"} 244
inference_objective_normalized_time_per_output_token_seconds_bucket{model_name="meta-llama/Llama-3.3-70B-Instruct",target_model_name="meta-llama/Llama-3.3-70B-Instruct",le="5"} 244
inference_objective_normalized_time_per_output_token_seconds_bucket{model_name="meta-llama/Llama-3.3-70B-Instruct",target_model_name="meta-llama/Llama-3.3-70B-Instruct",le="10"} 244
inference_objective_normalized_time_per_output_token_seconds_bucket{model_name="meta-llama/Llama-3.3-70B-Instruct",target_model_name="meta-llama/Llama-3.3-70B-Instruct",le="+Inf"} 244
inference_objective_normalized_time_per_output_token_seconds_sum{model_name="meta-llama/Llama-3.3-70B-Instruct",target_model_name="meta-llama/Llama-3.3-70B-Instruct"} 3.8422466910906254
inference_objective_normalized_time_per_output_token_seconds_count{model_name="meta-llama/Llama-3.3-70B-Instruct",target_model_name="meta-llama/Llama-3.3-70B-Instruct"} 244
# HELP inference_objective_output_tokens [ALPHA] [Deprecated: Use llm_d_epp_request_output_tokens] Inference objective output token count distribution for requests in each model.
# TYPE inference_objective_output_tokens histogram
inference_objective_output_tokens_bucket{model_name="meta-llama/Llama-3.3-70B-Instruct",target_model_name="meta-llama/Llama-3.3-70B-Instruct",le="1"} 7
inference_objective_output_tokens_bucket{model_name="meta-llama/Llama-3.3-70B-Instruct",target_model_name="meta-llama/Llama-3.3-70B-Instruct",le="8"} 50
inference_objective_output_tokens_bucket{model_name="meta-llama/Llama-3.3-70B-Instruct",target_model_name="meta-llama/Llama-3.3-70B-Instruct",le="16"} 98
inference_objective_output_tokens_bucket{model_name="meta-llama/Llama-3.3-70B-Instruct",target_model_name="meta-llama/Llama-3.3-70B-Instruct",le="32"} 194
inference_objective_output_tokens_bucket{model_name="meta-llama/Llama-3.3-70B-Instruct",target_model_name="meta-llama/Llama-3.3-70B-Instruct",le="64"} 606
inference_objective_output_tokens_bucket{model_name="meta-llama/Llama-3.3-70B-Instruct",target_model_name="meta-llama/Llama-3.3-70B-Instruct",le="128"} 926
inference_objective_output_tokens_bucket{model_name="meta-llama/Llama-3.3-70B-Instruct",target_model_name="meta-llama/Llama-3.3-70B-Instruct",le="256"} 1566
inference_objective_output_tokens_bucket{model_name="meta-llama/Llama-3.3-70B-Instruct",target_model_name="meta-llama/Llama-3.3-70B-Instruct",le="512"} 2526
inference_objective_output_tokens_bucket{model_name="meta-llama/Llama-3.3-70B-Instruct",target_model_name="meta-llama/Llama-3.3-70B-Instruct",le="1024"} 3550
inference_objective_output_tokens_bucket{model_name="meta-llama/Llama-3.3-70B-Instruct",target_model_name="meta-llama/Llama-3.3-70B-Instruct",le="2048"} 3822
inference_objective_output_tokens_bucket{model_name="meta-llama/Llama-3.3-70B-Instruct",target_model_name="meta-llama/Llama-3.3-70B-Instruct",le="4096"} 3822
inference_objective_output_tokens_bucket{model_name="meta-llama/Llama-3.3-70B-Instruct",target_model_name="meta-llama/Llama-3.3-70B-Instruct",le="8192"} 3822
inference_objective_output_tokens_bucket{model_name="meta-llama/Llama-3.3-70B-Instruct",target_model_name="meta-llama/Llama-3.3-70B-Instruct",le="+Inf"} 3822
inference_objective_output_tokens_sum{model_name="meta-llama/Llama-3.3-70B-Instruct",target_model_name="meta-llama/Llama-3.3-70B-Instruct"} 1.616676e+06
inference_objective_output_tokens_count{model_name="meta-llama/Llama-3.3-70B-Instruct",target_model_name="meta-llama/Llama-3.3-70B-Instruct"} 3822
# HELP inference_objective_prompt_cached_tokens [ALPHA] [Deprecated: Use llm_d_epp_request_cached_tokens] Inference objective prompt cached token count distribution for requests in each model.
# TYPE inference_objective_prompt_cached_tokens histogram
inference_objective_prompt_cached_tokens_bucket{model_name="meta-llama/Llama-3.3-70B-Instruct",target_model_name="meta-llama/Llama-3.3-70B-Instruct",le="1"} 3536
inference_objective_prompt_cached_tokens_bucket{model_name="meta-llama/Llama-3.3-70B-Instruct",target_model_name="meta-llama/Llama-3.3-70B-Instruct",le="8"} 3536
inference_objective_prompt_cached_tokens_bucket{model_name="meta-llama/Llama-3.3-70B-Instruct",target_model_name="meta-llama/Llama-3.3-70B-Instruct",le="16"} 3536
inference_objective_prompt_cached_tokens_bucket{model_name="meta-llama/Llama-3.3-70B-Instruct",target_model_name="meta-llama/Llama-3.3-70B-Instruct",le="32"} 3536
inference_objective_prompt_cached_tokens_bucket{model_name="meta-llama/Llama-3.3-70B-Instruct",target_model_name="meta-llama/Llama-3.3-70B-Instruct",le="64"} 3536
inference_objective_prompt_cached_tokens_bucket{model_name="meta-llama/Llama-3.3-70B-Instruct",target_model_name="meta-llama/Llama-3.3-70B-Instruct",le="128"} 3536
inference_objective_prompt_cached_tokens_bucket{model_name="meta-llama/Llama-3.3-70B-Instruct",target_model_name="meta-llama/Llama-3.3-70B-Instruct",le="256"} 3536
inference_objective_prompt_cached_tokens_bucket{model_name="meta-llama/Llama-3.3-70B-Instruct",target_model_name="meta-llama/Llama-3.3-70B-Instruct",le="512"} 3536
inference_objective_prompt_cached_tokens_bucket{model_name="meta-llama/Llama-3.3-70B-Instruct",target_model_name="meta-llama/Llama-3.3-70B-Instruct",le="1024"} 3536
inference_objective_prompt_cached_tokens_bucket{model_name="meta-llama/Llama-3.3-70B-Instruct",target_model_name="meta-llama/Llama-3.3-70B-Instruct",le="2048"} 3536
inference_objective_prompt_cached_tokens_bucket{model_name="meta-llama/Llama-3.3-70B-Instruct",target_model_name="meta-llama/Llama-3.3-70B-Instruct",le="4096"} 3536
inference_objective_prompt_cached_tokens_bucket{model_name="meta-llama/Llama-3.3-70B-Instruct",target_model_name="meta-llama/Llama-3.3-70B-Instruct",le="8192"} 3536
inference_objective_prompt_cached_tokens_bucket{model_name="meta-llama/Llama-3.3-70B-Instruct",target_model_name="meta-llama/Llama-3.3-70B-Instruct",le="16384"} 3536
inference_objective_prompt_cached_tokens_bucket{model_name="meta-llama/Llama-3.3-70B-Instruct",target_model_name="meta-llama/Llama-3.3-70B-Instruct",le="32778"} 3536
inference_objective_prompt_cached_tokens_bucket{model_name="meta-llama/Llama-3.3-70B-Instruct",target_model_name="meta-llama/Llama-3.3-70B-Instruct",le="65536"} 3536
inference_objective_prompt_cached_tokens_bucket{model_name="meta-llama/Llama-3.3-70B-Instruct",target_model_name="meta-llama/Llama-3.3-70B-Instruct",le="131072"} 3536
inference_objective_prompt_cached_tokens_bucket{model_name="meta-llama/Llama-3.3-70B-Instruct",target_model_name="meta-llama/Llama-3.3-70B-Instruct",le="262144"} 3536
inference_objective_prompt_cached_tokens_bucket{model_name="meta-llama/Llama-3.3-70B-Instruct",target_model_name="meta-llama/Llama-3.3-70B-Instruct",le="524288"} 3536
inference_objective_prompt_cached_tokens_bucket{model_name="meta-llama/Llama-3.3-70B-Instruct",target_model_name="meta-llama/Llama-3.3-70B-Instruct",le="1.048576e+06"} 3536
inference_objective_prompt_cached_tokens_bucket{model_name="meta-llama/Llama-3.3-70B-Instruct",target_model_name="meta-llama/Llama-3.3-70B-Instruct",le="+Inf"} 3536
inference_objective_prompt_cached_tokens_sum{model_name="meta-llama/Llama-3.3-70B-Instruct",target_model_name="meta-llama/Llama-3.3-70B-Instruct"} 0
inference_objective_prompt_cached_tokens_count{model_name="meta-llama/Llama-3.3-70B-Instruct",target_model_name="meta-llama/Llama-3.3-70B-Instruct"} 3536
# HELP inference_objective_request_duration_seconds [ALPHA] [Deprecated: Use llm_d_epp_request_duration_seconds] Inference objective response latency distribution in seconds for each model and target model.
# TYPE inference_objective_request_duration_seconds histogram
inference_objective_request_duration_seconds_bucket{model_name="",target_model_name="",le="0.005"} 2
inference_objective_request_duration_seconds_bucket{model_name="",target_model_name="",le="0.025"} 2
inference_objective_request_duration_seconds_bucket{model_name="",target_model_name="",le="0.05"} 2
inference_objective_request_duration_seconds_bucket{model_name="",target_model_name="",le="0.1"} 2
inference_objective_request_duration_seconds_bucket{model_name="",target_model_name="",le="0.2"} 2
inference_objective_request_duration_seconds_bucket{model_name="",target_model_name="",le="0.4"} 2
inference_objective_request_duration_seconds_bucket{model_name="",target_model_name="",le="0.6"} 2
inference_objective_request_duration_seconds_bucket{model_name="",target_model_name="",le="0.8"} 2
inference_objective_request_duration_seconds_bucket{model_name="",target_model_name="",le="1"} 2
inference_objective_request_duration_seconds_bucket{model_name="",target_model_name="",le="1.25"} 2
inference_objective_request_duration_seconds_bucket{model_name="",target_model_name="",le="1.5"} 2
inference_objective_request_duration_seconds_bucket{model_name="",target_model_name="",le="2"} 2
inference_objective_request_duration_seconds_bucket{model_name="",target_model_name="",le="3"} 2
inference_objective_request_duration_seconds_bucket{model_name="",target_model_name="",le="4"} 2
inference_objective_request_duration_seconds_bucket{model_name="",target_model_name="",le="5"} 2
inference_objective_request_duration_seconds_bucket{model_name="",target_model_name="",le="6"} 2
inference_objective_request_duration_seconds_bucket{model_name="",target_model_name="",le="8"} 2
inference_objective_request_duration_seconds_bucket{model_name="",target_model_name="",le="10"} 2
inference_objective_request_duration_seconds_bucket{model_name="",target_model_name="",le="15"} 2
inference_objective_request_duration_seconds_bucket{model_name="",target_model_name="",le="20"} 2
inference_objective_request_duration_seconds_bucket{model_name="",target_model_name="",le="30"} 2
inference_objective_request_duration_seconds_bucket{model_name="",target_model_name="",le="45"} 2
inference_objective_request_duration_seconds_bucket{model_name="",target_model_name="",le="60"} 2
inference_objective_request_duration_seconds_bucket{model_name="",target_model_name="",le="120"} 2
inference_objective_request_duration_seconds_bucket{model_name="",target_model_name="",le="180"} 2
inference_objective_request_duration_seconds_bucket{model_name="",target_model_name="",le="240"} 2
inference_objective_request_duration_seconds_bucket{model_name="",target_model_name="",le="300"} 2
inference_objective_request_duration_seconds_bucket{model_name="",target_model_name="",le="360"} 2
inference_objective_request_duration_seconds_bucket{model_name="",target_model_name="",le="480"} 2
inference_objective_request_duration_seconds_bucket{model_name="",target_model_name="",le="600"} 2
inference_objective_request_duration_seconds_bucket{model_name="",target_model_name="",le="900"} 2
inference_objective_request_duration_seconds_bucket{model_name="",target_model_name="",le="1200"} 2
inference_objective_request_duration_seconds_bucket{model_name="",target_model_name="",le="1800"} 2
inference_objective_request_duration_seconds_bucket{model_name="",target_model_name="",le="2700"} 2
inference_objective_request_duration_seconds_bucket{model_name="",target_model_name="",le="3600"} 2
inference_objective_request_duration_seconds_bucket{model_name="",target_model_name="",le="+Inf"} 2
inference_objective_request_duration_seconds_sum{model_name="",target_model_name=""} 0.005385099
inference_objective_request_duration_seconds_count{model_name="",target_model_name=""} 2
inference_objective_request_duration_seconds_bucket{model_name="meta-llama/Llama-3.3-70B-Instruct",target_model_name="meta-llama/Llama-3.3-70B-Instruct",le="0.005"} 0
inference_objective_request_duration_seconds_bucket{model_name="meta-llama/Llama-3.3-70B-Instruct",target_model_name="meta-llama/Llama-3.3-70B-Instruct",le="0.025"} 0
inference_objective_request_duration_seconds_bucket{model_name="meta-llama/Llama-3.3-70B-Instruct",target_model_name="meta-llama/Llama-3.3-70B-Instruct",le="0.05"} 1
inference_objective_request_duration_seconds_bucket{model_name="meta-llama/Llama-3.3-70B-Instruct",target_model_name="meta-llama/Llama-3.3-70B-Instruct",le="0.1"} 1
inference_objective_request_duration_seconds_bucket{model_name="meta-llama/Llama-3.3-70B-Instruct",target_model_name="meta-llama/Llama-3.3-70B-Instruct",le="0.2"} 2
inference_objective_request_duration_seconds_bucket{model_name="meta-llama/Llama-3.3-70B-Instruct",target_model_name="meta-llama/Llama-3.3-70B-Instruct",le="0.4"} 2
inference_objective_request_duration_seconds_bucket{model_name="meta-llama/Llama-3.3-70B-Instruct",target_model_name="meta-llama/Llama-3.3-70B-Instruct",le="0.6"} 2
inference_objective_request_duration_seconds_bucket{model_name="meta-llama/Llama-3.3-70B-Instruct",target_model_name="meta-llama/Llama-3.3-70B-Instruct",le="0.8"} 2
inference_objective_request_duration_seconds_bucket{model_name="meta-llama/Llama-3.3-70B-Instruct",target_model_name="meta-llama/Llama-3.3-70B-Instruct",le="1"} 212
inference_objective_request_duration_seconds_bucket{model_name="meta-llama/Llama-3.3-70B-Instruct",target_model_name="meta-llama/Llama-3.3-70B-Instruct",le="1.25"} 244
inference_objective_request_duration_seconds_bucket{model_name="meta-llama/Llama-3.3-70B-Instruct",target_model_name="meta-llama/Llama-3.3-70B-Instruct",le="1.5"} 244
inference_objective_request_duration_seconds_bucket{model_name="meta-llama/Llama-3.3-70B-Instruct",target_model_name="meta-llama/Llama-3.3-70B-Instruct",le="2"} 244
inference_objective_request_duration_seconds_bucket{model_name="meta-llama/Llama-3.3-70B-Instruct",target_model_name="meta-llama/Llama-3.3-70B-Instruct",le="3"} 244
inference_objective_request_duration_seconds_bucket{model_name="meta-llama/Llama-3.3-70B-Instruct",target_model_name="meta-llama/Llama-3.3-70B-Instruct",le="4"} 244
inference_objective_request_duration_seconds_bucket{model_name="meta-llama/Llama-3.3-70B-Instruct",target_model_name="meta-llama/Llama-3.3-70B-Instruct",le="5"} 244
inference_objective_request_duration_seconds_bucket{model_name="meta-llama/Llama-3.3-70B-Instruct",target_model_name="meta-llama/Llama-3.3-70B-Instruct",le="6"} 244
inference_objective_request_duration_seconds_bucket{model_name="meta-llama/Llama-3.3-70B-Instruct",target_model_name="meta-llama/Llama-3.3-70B-Instruct",le="8"} 244
inference_objective_request_duration_seconds_bucket{model_name="meta-llama/Llama-3.3-70B-Instruct",target_model_name="meta-llama/Llama-3.3-70B-Instruct",le="10"} 244
inference_objective_request_duration_seconds_bucket{model_name="meta-llama/Llama-3.3-70B-Instruct",target_model_name="meta-llama/Llama-3.3-70B-Instruct",le="15"} 244
inference_objective_request_duration_seconds_bucket{model_name="meta-llama/Llama-3.3-70B-Instruct",target_model_name="meta-llama/Llama-3.3-70B-Instruct",le="20"} 244
inference_objective_request_duration_seconds_bucket{model_name="meta-llama/Llama-3.3-70B-Instruct",target_model_name="meta-llama/Llama-3.3-70B-Instruct",le="30"} 244
inference_objective_request_duration_seconds_bucket{model_name="meta-llama/Llama-3.3-70B-Instruct",target_model_name="meta-llama/Llama-3.3-70B-Instruct",le="45"} 244
inference_objective_request_duration_seconds_bucket{model_name="meta-llama/Llama-3.3-70B-Instruct",target_model_name="meta-llama/Llama-3.3-70B-Instruct",le="60"} 244
inference_objective_request_duration_seconds_bucket{model_name="meta-llama/Llama-3.3-70B-Instruct",target_model_name="meta-llama/Llama-3.3-70B-Instruct",le="120"} 244
inference_objective_request_duration_seconds_bucket{model_name="meta-llama/Llama-3.3-70B-Instruct",target_model_name="meta-llama/Llama-3.3-70B-Instruct",le="180"} 244
inference_objective_request_duration_seconds_bucket{model_name="meta-llama/Llama-3.3-70B-Instruct",target_model_name="meta-llama/Llama-3.3-70B-Instruct",le="240"} 244
inference_objective_request_duration_seconds_bucket{model_name="meta-llama/Llama-3.3-70B-Instruct",target_model_name="meta-llama/Llama-3.3-70B-Instruct",le="300"} 244
inference_objective_request_duration_seconds_bucket{model_name="meta-llama/Llama-3.3-70B-Instruct",target_model_name="meta-llama/Llama-3.3-70B-Instruct",le="360"} 244
inference_objective_request_duration_seconds_bucket{model_name="meta-llama/Llama-3.3-70B-Instruct",target_model_name="meta-llama/Llama-3.3-70B-Instruct",le="480"} 244
inference_objective_request_duration_seconds_bucket{model_name="meta-llama/Llama-3.3-70B-Instruct",target_model_name="meta-llama/Llama-3.3-70B-Instruct",le="600"} 244
inference_objective_request_duration_seconds_bucket{model_name="meta-llama/Llama-3.3-70B-Instruct",target_model_name="meta-llama/Llama-3.3-70B-Instruct",le="900"} 244
inference_objective_request_duration_seconds_bucket{model_name="meta-llama/Llama-3.3-70B-Instruct",target_model_name="meta-llama/Llama-3.3-70B-Instruct",le="1200"} 244
inference_objective_request_duration_seconds_bucket{model_name="meta-llama/Llama-3.3-70B-Instruct",target_model_name="meta-llama/Llama-3.3-70B-Instruct",le="1800"} 244
inference_objective_request_duration_seconds_bucket{model_name="meta-llama/Llama-3.3-70B-Instruct",target_model_name="meta-llama/Llama-3.3-70B-Instruct",le="2700"} 244
inference_objective_request_duration_seconds_bucket{model_name="meta-llama/Llama-3.3-70B-Instruct",target_model_name="meta-llama/Llama-3.3-70B-Instruct",le="3600"} 244
inference_objective_request_duration_seconds_bucket{model_name="meta-llama/Llama-3.3-70B-Instruct",target_model_name="meta-llama/Llama-3.3-70B-Instruct",le="+Inf"} 244
inference_objective_request_duration_seconds_sum{model_name="meta-llama/Llama-3.3-70B-Instruct",target_model_name="meta-llama/Llama-3.3-70B-Instruct"} 241.91216715899995
inference_objective_request_duration_seconds_count{model_name="meta-llama/Llama-3.3-70B-Instruct",target_model_name="meta-llama/Llama-3.3-70B-Instruct"} 244
# HELP inference_objective_request_sizes [ALPHA] [Deprecated: Use llm_d_epp_request_size_bytes] Inference objective requests size distribution in bytes for each model and target model.
# TYPE inference_objective_request_sizes histogram
inference_objective_request_sizes_bucket{model_name="meta-llama/Llama-3.3-70B-Instruct",target_model_name="meta-llama/Llama-3.3-70B-Instruct",le="64"} 0
inference_objective_request_sizes_bucket{model_name="meta-llama/Llama-3.3-70B-Instruct",target_model_name="meta-llama/Llama-3.3-70B-Instruct",le="128"} 1
inference_objective_request_sizes_bucket{model_name="meta-llama/Llama-3.3-70B-Instruct",target_model_name="meta-llama/Llama-3.3-70B-Instruct",le="256"} 1
inference_objective_request_sizes_bucket{model_name="meta-llama/Llama-3.3-70B-Instruct",target_model_name="meta-llama/Llama-3.3-70B-Instruct",le="512"} 1
inference_objective_request_sizes_bucket{model_name="meta-llama/Llama-3.3-70B-Instruct",target_model_name="meta-llama/Llama-3.3-70B-Instruct",le="1024"} 2
inference_objective_request_sizes_bucket{model_name="meta-llama/Llama-3.3-70B-Instruct",target_model_name="meta-llama/Llama-3.3-70B-Instruct",le="2048"} 244
inference_objective_request_sizes_bucket{model_name="meta-llama/Llama-3.3-70B-Instruct",target_model_name="meta-llama/Llama-3.3-70B-Instruct",le="4096"} 247
inference_objective_request_sizes_bucket{model_name="meta-llama/Llama-3.3-70B-Instruct",target_model_name="meta-llama/Llama-3.3-70B-Instruct",le="8192"} 249
inference_objective_request_sizes_bucket{model_name="meta-llama/Llama-3.3-70B-Instruct",target_model_name="meta-llama/Llama-3.3-70B-Instruct",le="16384"} 250
inference_objective_request_sizes_bucket{model_name="meta-llama/Llama-3.3-70B-Instruct",target_model_name="meta-llama/Llama-3.3-70B-Instruct",le="32768"} 250
inference_objective_request_sizes_bucket{model_name="meta-llama/Llama-3.3-70B-Instruct",target_model_name="meta-llama/Llama-3.3-70B-Instruct",le="65536"} 250
inference_objective_request_sizes_bucket{model_name="meta-llama/Llama-3.3-70B-Instruct",target_model_name="meta-llama/Llama-3.3-70B-Instruct",le="131072"} 250
inference_objective_request_sizes_bucket{model_name="meta-llama/Llama-3.3-70B-Instruct",target_model_name="meta-llama/Llama-3.3-70B-Instruct",le="262144"} 250
inference_objective_request_sizes_bucket{model_name="meta-llama/Llama-3.3-70B-Instruct",target_model_name="meta-llama/Llama-3.3-70B-Instruct",le="524288"} 250
inference_objective_request_sizes_bucket{model_name="meta-llama/Llama-3.3-70B-Instruct",target_model_name="meta-llama/Llama-3.3-70B-Instruct",le="1.048576e+06"} 250
inference_objective_request_sizes_bucket{model_name="meta-llama/Llama-3.3-70B-Instruct",target_model_name="meta-llama/Llama-3.3-70B-Instruct",le="2.097152e+06"} 250
inference_objective_request_sizes_bucket{model_name="meta-llama/Llama-3.3-70B-Instruct",target_model_name="meta-llama/Llama-3.3-70B-Instruct",le="4.194304e+06"} 250
inference_objective_request_sizes_bucket{model_name="meta-llama/Llama-3.3-70B-Instruct",target_model_name="meta-llama/Llama-3.3-70B-Instruct",le="8.388608e+06"} 250
inference_objective_request_sizes_bucket{model_name="meta-llama/Llama-3.3-70B-Instruct",target_model_name="meta-llama/Llama-3.3-70B-Instruct",le="1.6777216e+07"} 250
inference_objective_request_sizes_bucket{model_name="meta-llama/Llama-3.3-70B-Instruct",target_model_name="meta-llama/Llama-3.3-70B-Instruct",le="3.3554432e+07"} 250
inference_objective_request_sizes_bucket{model_name="meta-llama/Llama-3.3-70B-Instruct",target_model_name="meta-llama/Llama-3.3-70B-Instruct",le="6.7108864e+07"} 250
inference_objective_request_sizes_bucket{model_name="meta-llama/Llama-3.3-70B-Instruct",target_model_name="meta-llama/Llama-3.3-70B-Instruct",le="1.34217728e+08"} 250
inference_objective_request_sizes_bucket{model_name="meta-llama/Llama-3.3-70B-Instruct",target_model_name="meta-llama/Llama-3.3-70B-Instruct",le="2.68435456e+08"} 250
inference_objective_request_sizes_bucket{model_name="meta-llama/Llama-3.3-70B-Instruct",target_model_name="meta-llama/Llama-3.3-70B-Instruct",le="5.36870912e+08"} 250
inference_objective_request_sizes_bucket{model_name="meta-llama/Llama-3.3-70B-Instruct",target_model_name="meta-llama/Llama-3.3-70B-Instruct",le="1.073741824e+09"} 250
inference_objective_request_sizes_bucket{model_name="meta-llama/Llama-3.3-70B-Instruct",target_model_name="meta-llama/Llama-3.3-70B-Instruct",le="+Inf"} 250
inference_objective_request_sizes_sum{model_name="meta-llama/Llama-3.3-70B-Instruct",target_model_name="meta-llama/Llama-3.3-70B-Instruct"} 365973
inference_objective_request_sizes_count{model_name="meta-llama/Llama-3.3-70B-Instruct",target_model_name="meta-llama/Llama-3.3-70B-Instruct"} 250
# HELP inference_objective_request_total [ALPHA] [Deprecated: Use llm_d_epp_request_total] Counter of inference objective requests broken out for each model and target model.
# TYPE inference_objective_request_total counter
inference_objective_request_total{model_name="meta-llama/Llama-3.3-70B-Instruct",priority="0",target_model_name="meta-llama/Llama-3.3-70B-Instruct"} 244
inference_objective_request_total{model_name="meta-llama/Llama-3.3-70B-Instruct",priority="3",target_model_name="meta-llama/Llama-3.3-70B-Instruct"} 6
# HELP inference_objective_response_sizes [ALPHA] [Deprecated: Use llm_d_epp_response_size_bytes] Inference objective responses size distribution in bytes for each model and target model.
# TYPE inference_objective_response_sizes histogram
inference_objective_response_sizes_bucket{model_name="",target_model_name="",le="1"} 0
inference_objective_response_sizes_bucket{model_name="",target_model_name="",le="8"} 0
inference_objective_response_sizes_bucket{model_name="",target_model_name="",le="16"} 0
inference_objective_response_sizes_bucket{model_name="",target_model_name="",le="32"} 0
inference_objective_response_sizes_bucket{model_name="",target_model_name="",le="64"} 0
inference_objective_response_sizes_bucket{model_name="",target_model_name="",le="128"} 0
inference_objective_response_sizes_bucket{model_name="",target_model_name="",le="256"} 0
inference_objective_response_sizes_bucket{model_name="",target_model_name="",le="512"} 0
inference_objective_response_sizes_bucket{model_name="",target_model_name="",le="1024"} 2
inference_objective_response_sizes_bucket{model_name="",target_model_name="",le="2048"} 2
inference_objective_response_sizes_bucket{model_name="",target_model_name="",le="4096"} 2
inference_objective_response_sizes_bucket{model_name="",target_model_name="",le="8192"} 2
inference_objective_response_sizes_bucket{model_name="",target_model_name="",le="16384"} 2
inference_objective_response_sizes_bucket{model_name="",target_model_name="",le="32778"} 2
inference_objective_response_sizes_bucket{model_name="",target_model_name="",le="65536"} 2
inference_objective_response_sizes_bucket{model_name="",target_model_name="",le="+Inf"} 2
inference_objective_response_sizes_sum{model_name="",target_model_name=""} 1044
inference_objective_response_sizes_count{model_name="",target_model_name=""} 2
inference_objective_response_sizes_bucket{model_name="meta-llama/Llama-3.3-70B-Instruct",target_model_name="meta-llama/Llama-3.3-70B-Instruct",le="1"} 0
inference_objective_response_sizes_bucket{model_name="meta-llama/Llama-3.3-70B-Instruct",target_model_name="meta-llama/Llama-3.3-70B-Instruct",le="8"} 0
inference_objective_response_sizes_bucket{model_name="meta-llama/Llama-3.3-70B-Instruct",target_model_name="meta-llama/Llama-3.3-70B-Instruct",le="16"} 0
inference_objective_response_sizes_bucket{model_name="meta-llama/Llama-3.3-70B-Instruct",target_model_name="meta-llama/Llama-3.3-70B-Instruct",le="32"} 0
inference_objective_response_sizes_bucket{model_name="meta-llama/Llama-3.3-70B-Instruct",target_model_name="meta-llama/Llama-3.3-70B-Instruct",le="64"} 0
inference_objective_response_sizes_bucket{model_name="meta-llama/Llama-3.3-70B-Instruct",target_model_name="meta-llama/Llama-3.3-70B-Instruct",le="128"} 0
inference_objective_response_sizes_bucket{model_name="meta-llama/Llama-3.3-70B-Instruct",target_model_name="meta-llama/Llama-3.3-70B-Instruct",le="256"} 0
inference_objective_response_sizes_bucket{model_name="meta-llama/Llama-3.3-70B-Instruct",target_model_name="meta-llama/Llama-3.3-70B-Instruct",le="512"} 0
inference_objective_response_sizes_bucket{model_name="meta-llama/Llama-3.3-70B-Instruct",target_model_name="meta-llama/Llama-3.3-70B-Instruct",le="1024"} 244
inference_objective_response_sizes_bucket{model_name="meta-llama/Llama-3.3-70B-Instruct",target_model_name="meta-llama/Llama-3.3-70B-Instruct",le="2048"} 244
inference_objective_response_sizes_bucket{model_name="meta-llama/Llama-3.3-70B-Instruct",target_model_name="meta-llama/Llama-3.3-70B-Instruct",le="4096"} 244
inference_objective_response_sizes_bucket{model_name="meta-llama/Llama-3.3-70B-Instruct",target_model_name="meta-llama/Llama-3.3-70B-Instruct",le="8192"} 244
inference_objective_response_sizes_bucket{model_name="meta-llama/Llama-3.3-70B-Instruct",target_model_name="meta-llama/Llama-3.3-70B-Instruct",le="16384"} 244
inference_objective_response_sizes_bucket{model_name="meta-llama/Llama-3.3-70B-Instruct",target_model_name="meta-llama/Llama-3.3-70B-Instruct",le="32778"} 244
inference_objective_response_sizes_bucket{model_name="meta-llama/Llama-3.3-70B-Instruct",target_model_name="meta-llama/Llama-3.3-70B-Instruct",le="65536"} 244
inference_objective_response_sizes_bucket{model_name="meta-llama/Llama-3.3-70B-Instruct",target_model_name="meta-llama/Llama-3.3-70B-Instruct",le="+Inf"} 244
inference_objective_response_sizes_sum{model_name="meta-llama/Llama-3.3-70B-Instruct",target_model_name="meta-llama/Llama-3.3-70B-Instruct"} 207612
inference_objective_response_sizes_count{model_name="meta-llama/Llama-3.3-70B-Instruct",target_model_name="meta-llama/Llama-3.3-70B-Instruct"} 244
# HELP inference_objective_running_requests [ALPHA] [Deprecated: Use llm_d_epp_request_running] Inference objective number of running requests in each model.
# TYPE inference_objective_running_requests gauge
inference_objective_running_requests{model_name="meta-llama/Llama-3.3-70B-Instruct"} 6
# HELP inference_pool_average_kv_cache_utilization [ALPHA] [Deprecated: Use llm_d_epp_average_kv_cache_utilization] The average kv cache utilization for an inference server pool.
# TYPE inference_pool_average_kv_cache_utilization gauge
inference_pool_average_kv_cache_utilization{name="meta-lla-888e33f1-instruct-router"} 0.01
# HELP inference_pool_average_queue_size [ALPHA] [Deprecated: Use llm_d_epp_average_queue_size] The average number of requests pending in the model server queue.
# TYPE inference_pool_average_queue_size gauge
inference_pool_average_queue_size{name="meta-lla-888e33f1-instruct-router"} 0
# HELP inference_pool_average_running_requests [ALPHA] [Deprecated: Use llm_d_epp_average_running_requests] The average number of running requests across model servers in the pool.
# TYPE inference_pool_average_running_requests gauge
inference_pool_average_running_requests{name="meta-lla-888e33f1-instruct-router"} 1.67
# HELP inference_pool_per_pod_queue_size [ALPHA] The total number of requests pending in the model server queue for each underlying pod.
# TYPE inference_pool_per_pod_queue_size gauge
inference_pool_per_pod_queue_size{model_server_pod="meta-lla-888e33f1-instruct-decode-558d9f5fd4-8wldl-rank-0",name="meta-lla-888e33f1-instruct-router"} 0
inference_pool_per_pod_queue_size{model_server_pod="meta-lla-888e33f1-instruct-decode-558d9f5fd4-w7brb-rank-0",name="meta-lla-888e33f1-instruct-router"} 0
inference_pool_per_pod_queue_size{model_server_pod="meta-lla-888e33f1-instruct-prefill-6cb8877bd8-h87k4-rank-0",name="meta-lla-888e33f1-instruct-router"} 0
# HELP inference_pool_ready_pods [ALPHA] [Deprecated: Use llm_d_epp_ready_endpoints] The number of ready pods in the inference server pool.
# TYPE inference_pool_ready_pods gauge
inference_pool_ready_pods{name="meta-lla-888e33f1-instruct-router"} 3
# HELP llm_d_epp_average_kv_cache_utilization [ALPHA] The average kv cache utilization for an inference server pool.
# TYPE llm_d_epp_average_kv_cache_utilization gauge
llm_d_epp_average_kv_cache_utilization{name="meta-lla-888e33f1-instruct-router"} 0.01
# HELP llm_d_epp_average_queue_size [ALPHA] The average number of requests pending in the model server queue.
# TYPE llm_d_epp_average_queue_size gauge
llm_d_epp_average_queue_size{name="meta-lla-888e33f1-instruct-router"} 0
# HELP llm_d_epp_average_running_requests [ALPHA] The average number of running requests across model servers in the pool.
# TYPE llm_d_epp_average_running_requests gauge
llm_d_epp_average_running_requests{name="meta-lla-888e33f1-instruct-router"} 1.67
# HELP llm_d_epp_disagg_decision_total [ALPHA] Total number of disaggregation routing decisions made
# TYPE llm_d_epp_disagg_decision_total counter
llm_d_epp_disagg_decision_total{decision_type="decode-only",model_name="meta-llama/Llama-3.3-70B-Instruct",plugin_name="disagg-profile-handler",plugin_type="disagg-profile-handler"} 245
llm_d_epp_disagg_decision_total{decision_type="prefill-decode",model_name="meta-llama/Llama-3.3-70B-Instruct",plugin_name="disagg-profile-handler",plugin_type="disagg-profile-handler"} 5
# HELP llm_d_epp_inflight_requests [ALPHA] Current number of in-flight requests per endpoint, as tracked by the in-flight load producer.
# TYPE llm_d_epp_inflight_requests gauge
llm_d_epp_inflight_requests{endpoint_name="meta-lla-888e33f1-instruct-decode-558d9f5fd4-8wldl-rank-0",fairness_id="default-flow",namespace="kalantar-0",priority="0",producer_name="inflight-load-producer"} 0
llm_d_epp_inflight_requests{endpoint_name="meta-lla-888e33f1-instruct-decode-558d9f5fd4-8wldl-rank-0",fairness_id="reasoning-jobs",namespace="kalantar-0",priority="3",producer_name="inflight-load-producer"} 4
llm_d_epp_inflight_requests{endpoint_name="meta-lla-888e33f1-instruct-decode-558d9f5fd4-w7brb-rank-0",fairness_id="default-flow",namespace="kalantar-0",priority="0",producer_name="inflight-load-producer"} 0
llm_d_epp_inflight_requests{endpoint_name="meta-lla-888e33f1-instruct-decode-558d9f5fd4-w7brb-rank-0",fairness_id="reasoning-jobs",namespace="kalantar-0",priority="3",producer_name="inflight-load-producer"} 2
llm_d_epp_inflight_requests{endpoint_name="meta-lla-888e33f1-instruct-prefill-6cb8877bd8-h87k4-rank-0",fairness_id="reasoning-jobs",namespace="kalantar-0",priority="3",producer_name="inflight-load-producer"} 0
# HELP llm_d_epp_inflight_tokens [ALPHA] Current number of in-flight tokens per endpoint (uncached prompt tokens, optionally plus estimated output), as tracked by the in-flight load producer.
# TYPE llm_d_epp_inflight_tokens gauge
llm_d_epp_inflight_tokens{endpoint_name="meta-lla-888e33f1-instruct-decode-558d9f5fd4-8wldl-rank-0",fairness_id="default-flow",namespace="kalantar-0",priority="0",producer_name="inflight-load-producer"} 0
llm_d_epp_inflight_tokens{endpoint_name="meta-lla-888e33f1-instruct-decode-558d9f5fd4-8wldl-rank-0",fairness_id="reasoning-jobs",namespace="kalantar-0",priority="3",producer_name="inflight-load-producer"} 0
llm_d_epp_inflight_tokens{endpoint_name="meta-lla-888e33f1-instruct-decode-558d9f5fd4-w7brb-rank-0",fairness_id="default-flow",namespace="kalantar-0",priority="0",producer_name="inflight-load-producer"} 0
llm_d_epp_inflight_tokens{endpoint_name="meta-lla-888e33f1-instruct-decode-558d9f5fd4-w7brb-rank-0",fairness_id="reasoning-jobs",namespace="kalantar-0",priority="3",producer_name="inflight-load-producer"} 0
llm_d_epp_inflight_tokens{endpoint_name="meta-lla-888e33f1-instruct-prefill-6cb8877bd8-h87k4-rank-0",fairness_id="reasoning-jobs",namespace="kalantar-0",priority="3",producer_name="inflight-load-producer"} 0
# HELP llm_d_epp_info [ALPHA] General information of the current build of Inference Extension.
# TYPE llm_d_epp_info gauge
llm_d_epp_info{build_ref="v0.10.0",commit="71f4f0999f95b96c49a9d0c4afbd18dfdb943c26"} 1
# HELP llm_d_epp_per_endpoint_queue_size [ALPHA] The total number of requests pending in the model server queue for each underlying endpoint.
# TYPE llm_d_epp_per_endpoint_queue_size gauge
llm_d_epp_per_endpoint_queue_size{model_server_endpoint="meta-lla-888e33f1-instruct-decode-558d9f5fd4-8wldl-rank-0",name="meta-lla-888e33f1-instruct-router"} 0
llm_d_epp_per_endpoint_queue_size{model_server_endpoint="meta-lla-888e33f1-instruct-decode-558d9f5fd4-w7brb-rank-0",name="meta-lla-888e33f1-instruct-router"} 0
llm_d_epp_per_endpoint_queue_size{model_server_endpoint="meta-lla-888e33f1-instruct-prefill-6cb8877bd8-h87k4-rank-0",name="meta-lla-888e33f1-instruct-router"} 0
# HELP llm_d_epp_plugin_duration_seconds [ALPHA] Plugin processing latency distribution in seconds for each extension point, plugin type and plugin name.
# TYPE llm_d_epp_plugin_duration_seconds histogram
llm_d_epp_plugin_duration_seconds_bucket{extension_point="DataProducer",plugin_name="approx-prefix-cache-producer",plugin_type="approx-prefix-cache-producer",le="0.0001"} 246
llm_d_epp_plugin_duration_seconds_bucket{extension_point="DataProducer",plugin_name="approx-prefix-cache-producer",plugin_type="approx-prefix-cache-producer",le="0.0002"} 248
llm_d_epp_plugin_duration_seconds_bucket{extension_point="DataProducer",plugin_name="approx-prefix-cache-producer",plugin_type="approx-prefix-cache-producer",le="0.0005"} 249
llm_d_epp_plugin_duration_seconds_bucket{extension_point="DataProducer",plugin_name="approx-prefix-cache-producer",plugin_type="approx-prefix-cache-producer",le="0.001"} 250
llm_d_epp_plugin_duration_seconds_bucket{extension_point="DataProducer",plugin_name="approx-prefix-cache-producer",plugin_type="approx-prefix-cache-producer",le="0.002"} 250
llm_d_epp_plugin_duration_seconds_bucket{extension_point="DataProducer",plugin_name="approx-prefix-cache-producer",plugin_type="approx-prefix-cache-producer",le="0.005"} 250
llm_d_epp_plugin_duration_seconds_bucket{extension_point="DataProducer",plugin_name="approx-prefix-cache-producer",plugin_type="approx-prefix-cache-producer",le="0.01"} 250
llm_d_epp_plugin_duration_seconds_bucket{extension_point="DataProducer",plugin_name="approx-prefix-cache-producer",plugin_type="approx-prefix-cache-producer",le="0.02"} 250
llm_d_epp_plugin_duration_seconds_bucket{extension_point="DataProducer",plugin_name="approx-prefix-cache-producer",plugin_type="approx-prefix-cache-producer",le="0.05"} 250
llm_d_epp_plugin_duration_seconds_bucket{extension_point="DataProducer",plugin_name="approx-prefix-cache-producer",plugin_type="approx-prefix-cache-producer",le="0.1"} 250
llm_d_epp_plugin_duration_seconds_bucket{extension_point="DataProducer",plugin_name="approx-prefix-cache-producer",plugin_type="approx-prefix-cache-producer",le="+Inf"} 250
llm_d_epp_plugin_duration_seconds_sum{extension_point="DataProducer",plugin_name="approx-prefix-cache-producer",plugin_type="approx-prefix-cache-producer"} 0.007784069999999997
llm_d_epp_plugin_duration_seconds_count{extension_point="DataProducer",plugin_name="approx-prefix-cache-producer",plugin_type="approx-prefix-cache-producer"} 250
llm_d_epp_plugin_duration_seconds_bucket{extension_point="DataProducer",plugin_name="inflight-load-producer",plugin_type="inflight-load-producer",le="0.0001"} 249
llm_d_epp_plugin_duration_seconds_bucket{extension_point="DataProducer",plugin_name="inflight-load-producer",plugin_type="inflight-load-producer",le="0.0002"} 250
llm_d_epp_plugin_duration_seconds_bucket{extension_point="DataProducer",plugin_name="inflight-load-producer",plugin_type="inflight-load-producer",le="0.0005"} 250
llm_d_epp_plugin_duration_seconds_bucket{extension_point="DataProducer",plugin_name="inflight-load-producer",plugin_type="inflight-load-producer",le="0.001"} 250
llm_d_epp_plugin_duration_seconds_bucket{extension_point="DataProducer",plugin_name="inflight-load-producer",plugin_type="inflight-load-producer",le="0.002"} 250
llm_d_epp_plugin_duration_seconds_bucket{extension_point="DataProducer",plugin_name="inflight-load-producer",plugin_type="inflight-load-producer",le="0.005"} 250
llm_d_epp_plugin_duration_seconds_bucket{extension_point="DataProducer",plugin_name="inflight-load-producer",plugin_type="inflight-load-producer",le="0.01"} 250
llm_d_epp_plugin_duration_seconds_bucket{extension_point="DataProducer",plugin_name="inflight-load-producer",plugin_type="inflight-load-producer",le="0.02"} 250
llm_d_epp_plugin_duration_seconds_bucket{extension_point="DataProducer",plugin_name="inflight-load-producer",plugin_type="inflight-load-producer",le="0.05"} 250
llm_d_epp_plugin_duration_seconds_bucket{extension_point="DataProducer",plugin_name="inflight-load-producer",plugin_type="inflight-load-producer",le="0.1"} 250
llm_d_epp_plugin_duration_seconds_bucket{extension_point="DataProducer",plugin_name="inflight-load-producer",plugin_type="inflight-load-producer",le="+Inf"} 250
llm_d_epp_plugin_duration_seconds_sum{extension_point="DataProducer",plugin_name="inflight-load-producer",plugin_type="inflight-load-producer"} 0.0027451529999999997
llm_d_epp_plugin_duration_seconds_count{extension_point="DataProducer",plugin_name="inflight-load-producer",plugin_type="inflight-load-producer"} 250
llm_d_epp_plugin_duration_seconds_bucket{extension_point="DataProducer",plugin_name="token-producer",plugin_type="token-producer",le="0.0001"} 0
llm_d_epp_plugin_duration_seconds_bucket{extension_point="DataProducer",plugin_name="token-producer",plugin_type="token-producer",le="0.0002"} 0
llm_d_epp_plugin_duration_seconds_bucket{extension_point="DataProducer",plugin_name="token-producer",plugin_type="token-producer",le="0.0005"} 0
llm_d_epp_plugin_duration_seconds_bucket{extension_point="DataProducer",plugin_name="token-producer",plugin_type="token-producer",le="0.001"} 0
llm_d_epp_plugin_duration_seconds_bucket{extension_point="DataProducer",plugin_name="token-producer",plugin_type="token-producer",le="0.002"} 0
llm_d_epp_plugin_duration_seconds_bucket{extension_point="DataProducer",plugin_name="token-producer",plugin_type="token-producer",le="0.005"} 226
llm_d_epp_plugin_duration_seconds_bucket{extension_point="DataProducer",plugin_name="token-producer",plugin_type="token-producer",le="0.01"} 250
llm_d_epp_plugin_duration_seconds_bucket{extension_point="DataProducer",plugin_name="token-producer",plugin_type="token-producer",le="0.02"} 250
llm_d_epp_plugin_duration_seconds_bucket{extension_point="DataProducer",plugin_name="token-producer",plugin_type="token-producer",le="0.05"} 250
llm_d_epp_plugin_duration_seconds_bucket{extension_point="DataProducer",plugin_name="token-producer",plugin_type="token-producer",le="0.1"} 250
llm_d_epp_plugin_duration_seconds_bucket{extension_point="DataProducer",plugin_name="token-producer",plugin_type="token-producer",le="+Inf"} 250
llm_d_epp_plugin_duration_seconds_sum{extension_point="DataProducer",plugin_name="token-producer",plugin_type="token-producer"} 1.0216592299999998
llm_d_epp_plugin_duration_seconds_count{extension_point="DataProducer",plugin_name="token-producer",plugin_type="token-producer"} 250
llm_d_epp_plugin_duration_seconds_bucket{extension_point="Filter",plugin_name="decode-filter",plugin_type="by-label",le="0.0001"} 250
llm_d_epp_plugin_duration_seconds_bucket{extension_point="Filter",plugin_name="decode-filter",plugin_type="by-label",le="0.0002"} 250
llm_d_epp_plugin_duration_seconds_bucket{extension_point="Filter",plugin_name="decode-filter",plugin_type="by-label",le="0.0005"} 250
llm_d_epp_plugin_duration_seconds_bucket{extension_point="Filter",plugin_name="decode-filter",plugin_type="by-label",le="0.001"} 250
llm_d_epp_plugin_duration_seconds_bucket{extension_point="Filter",plugin_name="decode-filter",plugin_type="by-label",le="0.002"} 250
llm_d_epp_plugin_duration_seconds_bucket{extension_point="Filter",plugin_name="decode-filter",plugin_type="by-label",le="0.005"} 250
llm_d_epp_plugin_duration_seconds_bucket{extension_point="Filter",plugin_name="decode-filter",plugin_type="by-label",le="0.01"} 250
llm_d_epp_plugin_duration_seconds_bucket{extension_point="Filter",plugin_name="decode-filter",plugin_type="by-label",le="0.02"} 250
llm_d_epp_plugin_duration_seconds_bucket{extension_point="Filter",plugin_name="decode-filter",plugin_type="by-label",le="0.05"} 250
llm_d_epp_plugin_duration_seconds_bucket{extension_point="Filter",plugin_name="decode-filter",plugin_type="by-label",le="0.1"} 250
llm_d_epp_plugin_duration_seconds_bucket{extension_point="Filter",plugin_name="decode-filter",plugin_type="by-label",le="+Inf"} 250
llm_d_epp_plugin_duration_seconds_sum{extension_point="Filter",plugin_name="decode-filter",plugin_type="by-label"} 0.00022579399999999992
llm_d_epp_plugin_duration_seconds_count{extension_point="Filter",plugin_name="decode-filter",plugin_type="by-label"} 250
llm_d_epp_plugin_duration_seconds_bucket{extension_point="Filter",plugin_name="prefill-filter",plugin_type="by-label",le="0.0001"} 5
llm_d_epp_plugin_duration_seconds_bucket{extension_point="Filter",plugin_name="prefill-filter",plugin_type="by-label",le="0.0002"} 5
llm_d_epp_plugin_duration_seconds_bucket{extension_point="Filter",plugin_name="prefill-filter",plugin_type="by-label",le="0.0005"} 5
llm_d_epp_plugin_duration_seconds_bucket{extension_point="Filter",plugin_name="prefill-filter",plugin_type="by-label",le="0.001"} 5
llm_d_epp_plugin_duration_seconds_bucket{extension_point="Filter",plugin_name="prefill-filter",plugin_type="by-label",le="0.002"} 5
llm_d_epp_plugin_duration_seconds_bucket{extension_point="Filter",plugin_name="prefill-filter",plugin_type="by-label",le="0.005"} 5
llm_d_epp_plugin_duration_seconds_bucket{extension_point="Filter",plugin_name="prefill-filter",plugin_type="by-label",le="0.01"} 5
llm_d_epp_plugin_duration_seconds_bucket{extension_point="Filter",plugin_name="prefill-filter",plugin_type="by-label",le="0.02"} 5
llm_d_epp_plugin_duration_seconds_bucket{extension_point="Filter",plugin_name="prefill-filter",plugin_type="by-label",le="0.05"} 5
llm_d_epp_plugin_duration_seconds_bucket{extension_point="Filter",plugin_name="prefill-filter",plugin_type="by-label",le="0.1"} 5
llm_d_epp_plugin_duration_seconds_bucket{extension_point="Filter",plugin_name="prefill-filter",plugin_type="by-label",le="+Inf"} 5
llm_d_epp_plugin_duration_seconds_sum{extension_point="Filter",plugin_name="prefill-filter",plugin_type="by-label"} 1.928e-06
llm_d_epp_plugin_duration_seconds_count{extension_point="Filter",plugin_name="prefill-filter",plugin_type="by-label"} 5
llm_d_epp_plugin_duration_seconds_bucket{extension_point="Picker",plugin_name="max-score-picker",plugin_type="max-score-picker",le="0.0001"} 254
llm_d_epp_plugin_duration_seconds_bucket{extension_point="Picker",plugin_name="max-score-picker",plugin_type="max-score-picker",le="0.0002"} 254
llm_d_epp_plugin_duration_seconds_bucket{extension_point="Picker",plugin_name="max-score-picker",plugin_type="max-score-picker",le="0.0005"} 255
llm_d_epp_plugin_duration_seconds_bucket{extension_point="Picker",plugin_name="max-score-picker",plugin_type="max-score-picker",le="0.001"} 255
llm_d_epp_plugin_duration_seconds_bucket{extension_point="Picker",plugin_name="max-score-picker",plugin_type="max-score-picker",le="0.002"} 255
llm_d_epp_plugin_duration_seconds_bucket{extension_point="Picker",plugin_name="max-score-picker",plugin_type="max-score-picker",le="0.005"} 255
llm_d_epp_plugin_duration_seconds_bucket{extension_point="Picker",plugin_name="max-score-picker",plugin_type="max-score-picker",le="0.01"} 255
llm_d_epp_plugin_duration_seconds_bucket{extension_point="Picker",plugin_name="max-score-picker",plugin_type="max-score-picker",le="0.02"} 255
llm_d_epp_plugin_duration_seconds_bucket{extension_point="Picker",plugin_name="max-score-picker",plugin_type="max-score-picker",le="0.05"} 255
llm_d_epp_plugin_duration_seconds_bucket{extension_point="Picker",plugin_name="max-score-picker",plugin_type="max-score-picker",le="0.1"} 255
llm_d_epp_plugin_duration_seconds_bucket{extension_point="Picker",plugin_name="max-score-picker",plugin_type="max-score-picker",le="+Inf"} 255
llm_d_epp_plugin_duration_seconds_sum{extension_point="Picker",plugin_name="max-score-picker",plugin_type="max-score-picker"} 0.0038790859999999986
llm_d_epp_plugin_duration_seconds_count{extension_point="Picker",plugin_name="max-score-picker",plugin_type="max-score-picker"} 255
llm_d_epp_plugin_duration_seconds_bucket{extension_point="PreRequest",plugin_name="approx-prefix-cache-producer",plugin_type="approx-prefix-cache-producer",le="0.0001"} 250
llm_d_epp_plugin_duration_seconds_bucket{extension_point="PreRequest",plugin_name="approx-prefix-cache-producer",plugin_type="approx-prefix-cache-producer",le="0.0002"} 250
llm_d_epp_plugin_duration_seconds_bucket{extension_point="PreRequest",plugin_name="approx-prefix-cache-producer",plugin_type="approx-prefix-cache-producer",le="0.0005"} 250
llm_d_epp_plugin_duration_seconds_bucket{extension_point="PreRequest",plugin_name="approx-prefix-cache-producer",plugin_type="approx-prefix-cache-producer",le="0.001"} 250
llm_d_epp_plugin_duration_seconds_bucket{extension_point="PreRequest",plugin_name="approx-prefix-cache-producer",plugin_type="approx-prefix-cache-producer",le="0.002"} 250
llm_d_epp_plugin_duration_seconds_bucket{extension_point="PreRequest",plugin_name="approx-prefix-cache-producer",plugin_type="approx-prefix-cache-producer",le="0.005"} 250
llm_d_epp_plugin_duration_seconds_bucket{extension_point="PreRequest",plugin_name="approx-prefix-cache-producer",plugin_type="approx-prefix-cache-producer",le="0.01"} 250
llm_d_epp_plugin_duration_seconds_bucket{extension_point="PreRequest",plugin_name="approx-prefix-cache-producer",plugin_type="approx-prefix-cache-producer",le="0.02"} 250
llm_d_epp_plugin_duration_seconds_bucket{extension_point="PreRequest",plugin_name="approx-prefix-cache-producer",plugin_type="approx-prefix-cache-producer",le="0.05"} 250
llm_d_epp_plugin_duration_seconds_bucket{extension_point="PreRequest",plugin_name="approx-prefix-cache-producer",plugin_type="approx-prefix-cache-producer",le="0.1"} 250
llm_d_epp_plugin_duration_seconds_bucket{extension_point="PreRequest",plugin_name="approx-prefix-cache-producer",plugin_type="approx-prefix-cache-producer",le="+Inf"} 250
llm_d_epp_plugin_duration_seconds_sum{extension_point="PreRequest",plugin_name="approx-prefix-cache-producer",plugin_type="approx-prefix-cache-producer"} 0.002346901
llm_d_epp_plugin_duration_seconds_count{extension_point="PreRequest",plugin_name="approx-prefix-cache-producer",plugin_type="approx-prefix-cache-producer"} 250
llm_d_epp_plugin_duration_seconds_bucket{extension_point="PreRequest",plugin_name="disagg-profile-handler",plugin_type="disagg-profile-handler",le="0.0001"} 250
llm_d_epp_plugin_duration_seconds_bucket{extension_point="PreRequest",plugin_name="disagg-profile-handler",plugin_type="disagg-profile-handler",le="0.0002"} 250
llm_d_epp_plugin_duration_seconds_bucket{extension_point="PreRequest",plugin_name="disagg-profile-handler",plugin_type="disagg-profile-handler",le="0.0005"} 250
llm_d_epp_plugin_duration_seconds_bucket{extension_point="PreRequest",plugin_name="disagg-profile-handler",plugin_type="disagg-profile-handler",le="0.001"} 250
llm_d_epp_plugin_duration_seconds_bucket{extension_point="PreRequest",plugin_name="disagg-profile-handler",plugin_type="disagg-profile-handler",le="0.002"} 250
llm_d_epp_plugin_duration_seconds_bucket{extension_point="PreRequest",plugin_name="disagg-profile-handler",plugin_type="disagg-profile-handler",le="0.005"} 250
llm_d_epp_plugin_duration_seconds_bucket{extension_point="PreRequest",plugin_name="disagg-profile-handler",plugin_type="disagg-profile-handler",le="0.01"} 250
llm_d_epp_plugin_duration_seconds_bucket{extension_point="PreRequest",plugin_name="disagg-profile-handler",plugin_type="disagg-profile-handler",le="0.02"} 250
llm_d_epp_plugin_duration_seconds_bucket{extension_point="PreRequest",plugin_name="disagg-profile-handler",plugin_type="disagg-profile-handler",le="0.05"} 250
llm_d_epp_plugin_duration_seconds_bucket{extension_point="PreRequest",plugin_name="disagg-profile-handler",plugin_type="disagg-profile-handler",le="0.1"} 250
llm_d_epp_plugin_duration_seconds_bucket{extension_point="PreRequest",plugin_name="disagg-profile-handler",plugin_type="disagg-profile-handler",le="+Inf"} 250
llm_d_epp_plugin_duration_seconds_sum{extension_point="PreRequest",plugin_name="disagg-profile-handler",plugin_type="disagg-profile-handler"} 0.000891483
llm_d_epp_plugin_duration_seconds_count{extension_point="PreRequest",plugin_name="disagg-profile-handler",plugin_type="disagg-profile-handler"} 250
llm_d_epp_plugin_duration_seconds_bucket{extension_point="PreRequest",plugin_name="inflight-load-producer",plugin_type="inflight-load-producer",le="0.0001"} 250
llm_d_epp_plugin_duration_seconds_bucket{extension_point="PreRequest",plugin_name="inflight-load-producer",plugin_type="inflight-load-producer",le="0.0002"} 250
llm_d_epp_plugin_duration_seconds_bucket{extension_point="PreRequest",plugin_name="inflight-load-producer",plugin_type="inflight-load-producer",le="0.0005"} 250
llm_d_epp_plugin_duration_seconds_bucket{extension_point="PreRequest",plugin_name="inflight-load-producer",plugin_type="inflight-load-producer",le="0.001"} 250
llm_d_epp_plugin_duration_seconds_bucket{extension_point="PreRequest",plugin_name="inflight-load-producer",plugin_type="inflight-load-producer",le="0.002"} 250
llm_d_epp_plugin_duration_seconds_bucket{extension_point="PreRequest",plugin_name="inflight-load-producer",plugin_type="inflight-load-producer",le="0.005"} 250
llm_d_epp_plugin_duration_seconds_bucket{extension_point="PreRequest",plugin_name="inflight-load-producer",plugin_type="inflight-load-producer",le="0.01"} 250
llm_d_epp_plugin_duration_seconds_bucket{extension_point="PreRequest",plugin_name="inflight-load-producer",plugin_type="inflight-load-producer",le="0.02"} 250
llm_d_epp_plugin_duration_seconds_bucket{extension_point="PreRequest",plugin_name="inflight-load-producer",plugin_type="inflight-load-producer",le="0.05"} 250
llm_d_epp_plugin_duration_seconds_bucket{extension_point="PreRequest",plugin_name="inflight-load-producer",plugin_type="inflight-load-producer",le="0.1"} 250
llm_d_epp_plugin_duration_seconds_bucket{extension_point="PreRequest",plugin_name="inflight-load-producer",plugin_type="inflight-load-producer",le="+Inf"} 250
llm_d_epp_plugin_duration_seconds_sum{extension_point="PreRequest",plugin_name="inflight-load-producer",plugin_type="inflight-load-producer"} 0.0016582000000000012
llm_d_epp_plugin_duration_seconds_count{extension_point="PreRequest",plugin_name="inflight-load-producer",plugin_type="inflight-load-producer"} 250
llm_d_epp_plugin_duration_seconds_bucket{extension_point="ProcessProfilesResults",plugin_name="disagg-profile-handler",plugin_type="disagg-profile-handler",le="0.0001"} 250
llm_d_epp_plugin_duration_seconds_bucket{extension_point="ProcessProfilesResults",plugin_name="disagg-profile-handler",plugin_type="disagg-profile-handler",le="0.0002"} 250
llm_d_epp_plugin_duration_seconds_bucket{extension_point="ProcessProfilesResults",plugin_name="disagg-profile-handler",plugin_type="disagg-profile-handler",le="0.0005"} 250
llm_d_epp_plugin_duration_seconds_bucket{extension_point="ProcessProfilesResults",plugin_name="disagg-profile-handler",plugin_type="disagg-profile-handler",le="0.001"} 250
llm_d_epp_plugin_duration_seconds_bucket{extension_point="ProcessProfilesResults",plugin_name="disagg-profile-handler",plugin_type="disagg-profile-handler",le="0.002"} 250
llm_d_epp_plugin_duration_seconds_bucket{extension_point="ProcessProfilesResults",plugin_name="disagg-profile-handler",plugin_type="disagg-profile-handler",le="0.005"} 250
llm_d_epp_plugin_duration_seconds_bucket{extension_point="ProcessProfilesResults",plugin_name="disagg-profile-handler",plugin_type="disagg-profile-handler",le="0.01"} 250
llm_d_epp_plugin_duration_seconds_bucket{extension_point="ProcessProfilesResults",plugin_name="disagg-profile-handler",plugin_type="disagg-profile-handler",le="0.02"} 250
llm_d_epp_plugin_duration_seconds_bucket{extension_point="ProcessProfilesResults",plugin_name="disagg-profile-handler",plugin_type="disagg-profile-handler",le="0.05"} 250
llm_d_epp_plugin_duration_seconds_bucket{extension_point="ProcessProfilesResults",plugin_name="disagg-profile-handler",plugin_type="disagg-profile-handler",le="0.1"} 250
llm_d_epp_plugin_duration_seconds_bucket{extension_point="ProcessProfilesResults",plugin_name="disagg-profile-handler",plugin_type="disagg-profile-handler",le="+Inf"} 250
llm_d_epp_plugin_duration_seconds_sum{extension_point="ProcessProfilesResults",plugin_name="disagg-profile-handler",plugin_type="disagg-profile-handler"} 0.00022053500000000016
llm_d_epp_plugin_duration_seconds_count{extension_point="ProcessProfilesResults",plugin_name="disagg-profile-handler",plugin_type="disagg-profile-handler"} 250
llm_d_epp_plugin_duration_seconds_bucket{extension_point="ProfilePicker",plugin_name="disagg-profile-handler",plugin_type="disagg-profile-handler",le="0.0001"} 505
llm_d_epp_plugin_duration_seconds_bucket{extension_point="ProfilePicker",plugin_name="disagg-profile-handler",plugin_type="disagg-profile-handler",le="0.0002"} 505
llm_d_epp_plugin_duration_seconds_bucket{extension_point="ProfilePicker",plugin_name="disagg-profile-handler",plugin_type="disagg-profile-handler",le="0.0005"} 505
llm_d_epp_plugin_duration_seconds_bucket{extension_point="ProfilePicker",plugin_name="disagg-profile-handler",plugin_type="disagg-profile-handler",le="0.001"} 505
llm_d_epp_plugin_duration_seconds_bucket{extension_point="ProfilePicker",plugin_name="disagg-profile-handler",plugin_type="disagg-profile-handler",le="0.002"} 505
llm_d_epp_plugin_duration_seconds_bucket{extension_point="ProfilePicker",plugin_name="disagg-profile-handler",plugin_type="disagg-profile-handler",le="0.005"} 505
llm_d_epp_plugin_duration_seconds_bucket{extension_point="ProfilePicker",plugin_name="disagg-profile-handler",plugin_type="disagg-profile-handler",le="0.01"} 505
llm_d_epp_plugin_duration_seconds_bucket{extension_point="ProfilePicker",plugin_name="disagg-profile-handler",plugin_type="disagg-profile-handler",le="0.02"} 505
llm_d_epp_plugin_duration_seconds_bucket{extension_point="ProfilePicker",plugin_name="disagg-profile-handler",plugin_type="disagg-profile-handler",le="0.05"} 505
llm_d_epp_plugin_duration_seconds_bucket{extension_point="ProfilePicker",plugin_name="disagg-profile-handler",plugin_type="disagg-profile-handler",le="0.1"} 505
llm_d_epp_plugin_duration_seconds_bucket{extension_point="ProfilePicker",plugin_name="disagg-profile-handler",plugin_type="disagg-profile-handler",le="+Inf"} 505
llm_d_epp_plugin_duration_seconds_sum{extension_point="ProfilePicker",plugin_name="disagg-profile-handler",plugin_type="disagg-profile-handler"} 0.0053858160000000025
llm_d_epp_plugin_duration_seconds_count{extension_point="ProfilePicker",plugin_name="disagg-profile-handler",plugin_type="disagg-profile-handler"} 505
llm_d_epp_plugin_duration_seconds_bucket{extension_point="RequestParsing",plugin_name="openai-parser",plugin_type="openai-parser",le="0.0001"} 246
llm_d_epp_plugin_duration_seconds_bucket{extension_point="RequestParsing",plugin_name="openai-parser",plugin_type="openai-parser",le="0.0002"} 249
llm_d_epp_plugin_duration_seconds_bucket{extension_point="RequestParsing",plugin_name="openai-parser",plugin_type="openai-parser",le="0.0005"} 249
llm_d_epp_plugin_duration_seconds_bucket{extension_point="RequestParsing",plugin_name="openai-parser",plugin_type="openai-parser",le="0.001"} 250
llm_d_epp_plugin_duration_seconds_bucket{extension_point="RequestParsing",plugin_name="openai-parser",plugin_type="openai-parser",le="0.002"} 250
llm_d_epp_plugin_duration_seconds_bucket{extension_point="RequestParsing",plugin_name="openai-parser",plugin_type="openai-parser",le="0.005"} 250
llm_d_epp_plugin_duration_seconds_bucket{extension_point="RequestParsing",plugin_name="openai-parser",plugin_type="openai-parser",le="0.01"} 250
llm_d_epp_plugin_duration_seconds_bucket{extension_point="RequestParsing",plugin_name="openai-parser",plugin_type="openai-parser",le="0.02"} 250
llm_d_epp_plugin_duration_seconds_bucket{extension_point="RequestParsing",plugin_name="openai-parser",plugin_type="openai-parser",le="0.05"} 250
llm_d_epp_plugin_duration_seconds_bucket{extension_point="RequestParsing",plugin_name="openai-parser",plugin_type="openai-parser",le="0.1"} 250
llm_d_epp_plugin_duration_seconds_bucket{extension_point="RequestParsing",plugin_name="openai-parser",plugin_type="openai-parser",le="+Inf"} 250
llm_d_epp_plugin_duration_seconds_sum{extension_point="RequestParsing",plugin_name="openai-parser",plugin_type="openai-parser"} 0.009418943
llm_d_epp_plugin_duration_seconds_count{extension_point="RequestParsing",plugin_name="openai-parser",plugin_type="openai-parser"} 250
llm_d_epp_plugin_duration_seconds_bucket{extension_point="ResponseParsing",plugin_name="openai-parser",plugin_type="openai-parser",le="0.0001"} 3821
llm_d_epp_plugin_duration_seconds_bucket{extension_point="ResponseParsing",plugin_name="openai-parser",plugin_type="openai-parser",le="0.0002"} 3823
llm_d_epp_plugin_duration_seconds_bucket{extension_point="ResponseParsing",plugin_name="openai-parser",plugin_type="openai-parser",le="0.0005"} 3824
llm_d_epp_plugin_duration_seconds_bucket{extension_point="ResponseParsing",plugin_name="openai-parser",plugin_type="openai-parser",le="0.001"} 3824
llm_d_epp_plugin_duration_seconds_bucket{extension_point="ResponseParsing",plugin_name="openai-parser",plugin_type="openai-parser",le="0.002"} 3824
llm_d_epp_plugin_duration_seconds_bucket{extension_point="ResponseParsing",plugin_name="openai-parser",plugin_type="openai-parser",le="0.005"} 3824
llm_d_epp_plugin_duration_seconds_bucket{extension_point="ResponseParsing",plugin_name="openai-parser",plugin_type="openai-parser",le="0.01"} 3824
llm_d_epp_plugin_duration_seconds_bucket{extension_point="ResponseParsing",plugin_name="openai-parser",plugin_type="openai-parser",le="0.02"} 3824
llm_d_epp_plugin_duration_seconds_bucket{extension_point="ResponseParsing",plugin_name="openai-parser",plugin_type="openai-parser",le="0.05"} 3824
llm_d_epp_plugin_duration_seconds_bucket{extension_point="ResponseParsing",plugin_name="openai-parser",plugin_type="openai-parser",le="0.1"} 3824
llm_d_epp_plugin_duration_seconds_bucket{extension_point="ResponseParsing",plugin_name="openai-parser",plugin_type="openai-parser",le="+Inf"} 3824
llm_d_epp_plugin_duration_seconds_sum{extension_point="ResponseParsing",plugin_name="openai-parser",plugin_type="openai-parser"} 0.05353264099999999
llm_d_epp_plugin_duration_seconds_count{extension_point="ResponseParsing",plugin_name="openai-parser",plugin_type="openai-parser"} 3824
llm_d_epp_plugin_duration_seconds_bucket{extension_point="ResponseStreaming",plugin_name="inflight-load-producer",plugin_type="inflight-load-producer",le="0.0001"} 3824
llm_d_epp_plugin_duration_seconds_bucket{extension_point="ResponseStreaming",plugin_name="inflight-load-producer",plugin_type="inflight-load-producer",le="0.0002"} 3824
llm_d_epp_plugin_duration_seconds_bucket{extension_point="ResponseStreaming",plugin_name="inflight-load-producer",plugin_type="inflight-load-producer",le="0.0005"} 3824
llm_d_epp_plugin_duration_seconds_bucket{extension_point="ResponseStreaming",plugin_name="inflight-load-producer",plugin_type="inflight-load-producer",le="0.001"} 3824
llm_d_epp_plugin_duration_seconds_bucket{extension_point="ResponseStreaming",plugin_name="inflight-load-producer",plugin_type="inflight-load-producer",le="0.002"} 3824
llm_d_epp_plugin_duration_seconds_bucket{extension_point="ResponseStreaming",plugin_name="inflight-load-producer",plugin_type="inflight-load-producer",le="0.005"} 3824
llm_d_epp_plugin_duration_seconds_bucket{extension_point="ResponseStreaming",plugin_name="inflight-load-producer",plugin_type="inflight-load-producer",le="0.01"} 3824
llm_d_epp_plugin_duration_seconds_bucket{extension_point="ResponseStreaming",plugin_name="inflight-load-producer",plugin_type="inflight-load-producer",le="0.02"} 3824
llm_d_epp_plugin_duration_seconds_bucket{extension_point="ResponseStreaming",plugin_name="inflight-load-producer",plugin_type="inflight-load-producer",le="0.05"} 3824
llm_d_epp_plugin_duration_seconds_bucket{extension_point="ResponseStreaming",plugin_name="inflight-load-producer",plugin_type="inflight-load-producer",le="0.1"} 3824
llm_d_epp_plugin_duration_seconds_bucket{extension_point="ResponseStreaming",plugin_name="inflight-load-producer",plugin_type="inflight-load-producer",le="+Inf"} 3824
llm_d_epp_plugin_duration_seconds_sum{extension_point="ResponseStreaming",plugin_name="inflight-load-producer",plugin_type="inflight-load-producer"} 0.0067133570000000135
llm_d_epp_plugin_duration_seconds_count{extension_point="ResponseStreaming",plugin_name="inflight-load-producer",plugin_type="inflight-load-producer"} 3824
llm_d_epp_plugin_duration_seconds_bucket{extension_point="Scorer",plugin_name="active-request-scorer",plugin_type="active-request-scorer",le="0.0001"} 249
llm_d_epp_plugin_duration_seconds_bucket{extension_point="Scorer",plugin_name="active-request-scorer",plugin_type="active-request-scorer",le="0.0002"} 249
llm_d_epp_plugin_duration_seconds_bucket{extension_point="Scorer",plugin_name="active-request-scorer",plugin_type="active-request-scorer",le="0.0005"} 249
llm_d_epp_plugin_duration_seconds_bucket{extension_point="Scorer",plugin_name="active-request-scorer",plugin_type="active-request-scorer",le="0.001"} 250
llm_d_epp_plugin_duration_seconds_bucket{extension_point="Scorer",plugin_name="active-request-scorer",plugin_type="active-request-scorer",le="0.002"} 250
llm_d_epp_plugin_duration_seconds_bucket{extension_point="Scorer",plugin_name="active-request-scorer",plugin_type="active-request-scorer",le="0.005"} 250
llm_d_epp_plugin_duration_seconds_bucket{extension_point="Scorer",plugin_name="active-request-scorer",plugin_type="active-request-scorer",le="0.01"} 250
llm_d_epp_plugin_duration_seconds_bucket{extension_point="Scorer",plugin_name="active-request-scorer",plugin_type="active-request-scorer",le="0.02"} 250
llm_d_epp_plugin_duration_seconds_bucket{extension_point="Scorer",plugin_name="active-request-scorer",plugin_type="active-request-scorer",le="0.05"} 250
llm_d_epp_plugin_duration_seconds_bucket{extension_point="Scorer",plugin_name="active-request-scorer",plugin_type="active-request-scorer",le="0.1"} 250
llm_d_epp_plugin_duration_seconds_bucket{extension_point="Scorer",plugin_name="active-request-scorer",plugin_type="active-request-scorer",le="+Inf"} 250
llm_d_epp_plugin_duration_seconds_sum{extension_point="Scorer",plugin_name="active-request-scorer",plugin_type="active-request-scorer"} 0.002257024
llm_d_epp_plugin_duration_seconds_count{extension_point="Scorer",plugin_name="active-request-scorer",plugin_type="active-request-scorer"} 250
llm_d_epp_plugin_duration_seconds_bucket{extension_point="Scorer",plugin_name="kv-cache-utilization-scorer",plugin_type="kv-cache-utilization-scorer",le="0.0001"} 5
llm_d_epp_plugin_duration_seconds_bucket{extension_point="Scorer",plugin_name="kv-cache-utilization-scorer",plugin_type="kv-cache-utilization-scorer",le="0.0002"} 5
llm_d_epp_plugin_duration_seconds_bucket{extension_point="Scorer",plugin_name="kv-cache-utilization-scorer",plugin_type="kv-cache-utilization-scorer",le="0.0005"} 5
llm_d_epp_plugin_duration_seconds_bucket{extension_point="Scorer",plugin_name="kv-cache-utilization-scorer",plugin_type="kv-cache-utilization-scorer",le="0.001"} 5
llm_d_epp_plugin_duration_seconds_bucket{extension_point="Scorer",plugin_name="kv-cache-utilization-scorer",plugin_type="kv-cache-utilization-scorer",le="0.002"} 5
llm_d_epp_plugin_duration_seconds_bucket{extension_point="Scorer",plugin_name="kv-cache-utilization-scorer",plugin_type="kv-cache-utilization-scorer",le="0.005"} 5
llm_d_epp_plugin_duration_seconds_bucket{extension_point="Scorer",plugin_name="kv-cache-utilization-scorer",plugin_type="kv-cache-utilization-scorer",le="0.01"} 5
llm_d_epp_plugin_duration_seconds_bucket{extension_point="Scorer",plugin_name="kv-cache-utilization-scorer",plugin_type="kv-cache-utilization-scorer",le="0.02"} 5
llm_d_epp_plugin_duration_seconds_bucket{extension_point="Scorer",plugin_name="kv-cache-utilization-scorer",plugin_type="kv-cache-utilization-scorer",le="0.05"} 5
llm_d_epp_plugin_duration_seconds_bucket{extension_point="Scorer",plugin_name="kv-cache-utilization-scorer",plugin_type="kv-cache-utilization-scorer",le="0.1"} 5
llm_d_epp_plugin_duration_seconds_bucket{extension_point="Scorer",plugin_name="kv-cache-utilization-scorer",plugin_type="kv-cache-utilization-scorer",le="+Inf"} 5
llm_d_epp_plugin_duration_seconds_sum{extension_point="Scorer",plugin_name="kv-cache-utilization-scorer",plugin_type="kv-cache-utilization-scorer"} 1.242e-06
llm_d_epp_plugin_duration_seconds_count{extension_point="Scorer",plugin_name="kv-cache-utilization-scorer",plugin_type="kv-cache-utilization-scorer"} 5
llm_d_epp_plugin_duration_seconds_bucket{extension_point="Scorer",plugin_name="prefix-cache-scorer",plugin_type="prefix-cache-scorer",le="0.0001"} 255
llm_d_epp_plugin_duration_seconds_bucket{extension_point="Scorer",plugin_name="prefix-cache-scorer",plugin_type="prefix-cache-scorer",le="0.0002"} 255
llm_d_epp_plugin_duration_seconds_bucket{extension_point="Scorer",plugin_name="prefix-cache-scorer",plugin_type="prefix-cache-scorer",le="0.0005"} 255
llm_d_epp_plugin_duration_seconds_bucket{extension_point="Scorer",plugin_name="prefix-cache-scorer",plugin_type="prefix-cache-scorer",le="0.001"} 255
llm_d_epp_plugin_duration_seconds_bucket{extension_point="Scorer",plugin_name="prefix-cache-scorer",plugin_type="prefix-cache-scorer",le="0.002"} 255
llm_d_epp_plugin_duration_seconds_bucket{extension_point="Scorer",plugin_name="prefix-cache-scorer",plugin_type="prefix-cache-scorer",le="0.005"} 255
llm_d_epp_plugin_duration_seconds_bucket{extension_point="Scorer",plugin_name="prefix-cache-scorer",plugin_type="prefix-cache-scorer",le="0.01"} 255
llm_d_epp_plugin_duration_seconds_bucket{extension_point="Scorer",plugin_name="prefix-cache-scorer",plugin_type="prefix-cache-scorer",le="0.02"} 255
llm_d_epp_plugin_duration_seconds_bucket{extension_point="Scorer",plugin_name="prefix-cache-scorer",plugin_type="prefix-cache-scorer",le="0.05"} 255
llm_d_epp_plugin_duration_seconds_bucket{extension_point="Scorer",plugin_name="prefix-cache-scorer",plugin_type="prefix-cache-scorer",le="0.1"} 255
llm_d_epp_plugin_duration_seconds_bucket{extension_point="Scorer",plugin_name="prefix-cache-scorer",plugin_type="prefix-cache-scorer",le="+Inf"} 255
llm_d_epp_plugin_duration_seconds_sum{extension_point="Scorer",plugin_name="prefix-cache-scorer",plugin_type="prefix-cache-scorer"} 0.0004337920000000003
llm_d_epp_plugin_duration_seconds_count{extension_point="Scorer",plugin_name="prefix-cache-scorer",plugin_type="prefix-cache-scorer"} 255
llm_d_epp_plugin_duration_seconds_bucket{extension_point="Scorer",plugin_name="queue-scorer",plugin_type="queue-scorer",le="0.0001"} 5
llm_d_epp_plugin_duration_seconds_bucket{extension_point="Scorer",plugin_name="queue-scorer",plugin_type="queue-scorer",le="0.0002"} 5
llm_d_epp_plugin_duration_seconds_bucket{extension_point="Scorer",plugin_name="queue-scorer",plugin_type="queue-scorer",le="0.0005"} 5
llm_d_epp_plugin_duration_seconds_bucket{extension_point="Scorer",plugin_name="queue-scorer",plugin_type="queue-scorer",le="0.001"} 5
llm_d_epp_plugin_duration_seconds_bucket{extension_point="Scorer",plugin_name="queue-scorer",plugin_type="queue-scorer",le="0.002"} 5
llm_d_epp_plugin_duration_seconds_bucket{extension_point="Scorer",plugin_name="queue-scorer",plugin_type="queue-scorer",le="0.005"} 5
llm_d_epp_plugin_duration_seconds_bucket{extension_point="Scorer",plugin_name="queue-scorer",plugin_type="queue-scorer",le="0.01"} 5
llm_d_epp_plugin_duration_seconds_bucket{extension_point="Scorer",plugin_name="queue-scorer",plugin_type="queue-scorer",le="0.02"} 5
llm_d_epp_plugin_duration_seconds_bucket{extension_point="Scorer",plugin_name="queue-scorer",plugin_type="queue-scorer",le="0.05"} 5
llm_d_epp_plugin_duration_seconds_bucket{extension_point="Scorer",plugin_name="queue-scorer",plugin_type="queue-scorer",le="0.1"} 5
llm_d_epp_plugin_duration_seconds_bucket{extension_point="Scorer",plugin_name="queue-scorer",plugin_type="queue-scorer",le="+Inf"} 5
llm_d_epp_plugin_duration_seconds_sum{extension_point="Scorer",plugin_name="queue-scorer",plugin_type="queue-scorer"} 1.5250000000000002e-06
llm_d_epp_plugin_duration_seconds_count{extension_point="Scorer",plugin_name="queue-scorer",plugin_type="queue-scorer"} 5
# HELP llm_d_epp_prefix_indexer_hit_bytes [ALPHA] Length of the prefix match in number of bytes in the cache lookup.
# TYPE llm_d_epp_prefix_indexer_hit_bytes histogram
llm_d_epp_prefix_indexer_hit_bytes_bucket{plugin_name="approx-prefix-cache-producer",plugin_type="approx-prefix-cache-producer",le="0"} 10
llm_d_epp_prefix_indexer_hit_bytes_bucket{plugin_name="approx-prefix-cache-producer",plugin_type="approx-prefix-cache-producer",le="16"} 10
llm_d_epp_prefix_indexer_hit_bytes_bucket{plugin_name="approx-prefix-cache-producer",plugin_type="approx-prefix-cache-producer",le="32"} 10
llm_d_epp_prefix_indexer_hit_bytes_bucket{plugin_name="approx-prefix-cache-producer",plugin_type="approx-prefix-cache-producer",le="64"} 10
llm_d_epp_prefix_indexer_hit_bytes_bucket{plugin_name="approx-prefix-cache-producer",plugin_type="approx-prefix-cache-producer",le="128"} 10
llm_d_epp_prefix_indexer_hit_bytes_bucket{plugin_name="approx-prefix-cache-producer",plugin_type="approx-prefix-cache-producer",le="256"} 10
llm_d_epp_prefix_indexer_hit_bytes_bucket{plugin_name="approx-prefix-cache-producer",plugin_type="approx-prefix-cache-producer",le="512"} 10
llm_d_epp_prefix_indexer_hit_bytes_bucket{plugin_name="approx-prefix-cache-producer",plugin_type="approx-prefix-cache-producer",le="1024"} 10
llm_d_epp_prefix_indexer_hit_bytes_bucket{plugin_name="approx-prefix-cache-producer",plugin_type="approx-prefix-cache-producer",le="2048"} 250
llm_d_epp_prefix_indexer_hit_bytes_bucket{plugin_name="approx-prefix-cache-producer",plugin_type="approx-prefix-cache-producer",le="4096"} 250
llm_d_epp_prefix_indexer_hit_bytes_bucket{plugin_name="approx-prefix-cache-producer",plugin_type="approx-prefix-cache-producer",le="8192"} 250
llm_d_epp_prefix_indexer_hit_bytes_bucket{plugin_name="approx-prefix-cache-producer",plugin_type="approx-prefix-cache-producer",le="16384"} 250
llm_d_epp_prefix_indexer_hit_bytes_bucket{plugin_name="approx-prefix-cache-producer",plugin_type="approx-prefix-cache-producer",le="32768"} 250
llm_d_epp_prefix_indexer_hit_bytes_bucket{plugin_name="approx-prefix-cache-producer",plugin_type="approx-prefix-cache-producer",le="65536"} 250
llm_d_epp_prefix_indexer_hit_bytes_bucket{plugin_name="approx-prefix-cache-producer",plugin_type="approx-prefix-cache-producer",le="+Inf"} 250
llm_d_epp_prefix_indexer_hit_bytes_sum{plugin_name="approx-prefix-cache-producer",plugin_type="approx-prefix-cache-producer"} 307456
llm_d_epp_prefix_indexer_hit_bytes_count{plugin_name="approx-prefix-cache-producer",plugin_type="approx-prefix-cache-producer"} 250
# HELP llm_d_epp_prefix_indexer_hit_ratio [ALPHA] Ratio of prefix length matched to total prefix length in the cache lookup.
# TYPE llm_d_epp_prefix_indexer_hit_ratio histogram
llm_d_epp_prefix_indexer_hit_ratio_bucket{plugin_name="approx-prefix-cache-producer",plugin_type="approx-prefix-cache-producer",le="0"} 10
llm_d_epp_prefix_indexer_hit_ratio_bucket{plugin_name="approx-prefix-cache-producer",plugin_type="approx-prefix-cache-producer",le="0.1"} 10
llm_d_epp_prefix_indexer_hit_ratio_bucket{plugin_name="approx-prefix-cache-producer",plugin_type="approx-prefix-cache-producer",le="0.2"} 10
llm_d_epp_prefix_indexer_hit_ratio_bucket{plugin_name="approx-prefix-cache-producer",plugin_type="approx-prefix-cache-producer",le="0.3"} 10
llm_d_epp_prefix_indexer_hit_ratio_bucket{plugin_name="approx-prefix-cache-producer",plugin_type="approx-prefix-cache-producer",le="0.4"} 10
llm_d_epp_prefix_indexer_hit_ratio_bucket{plugin_name="approx-prefix-cache-producer",plugin_type="approx-prefix-cache-producer",le="0.5"} 11
llm_d_epp_prefix_indexer_hit_ratio_bucket{plugin_name="approx-prefix-cache-producer",plugin_type="approx-prefix-cache-producer",le="0.6"} 11
llm_d_epp_prefix_indexer_hit_ratio_bucket{plugin_name="approx-prefix-cache-producer",plugin_type="approx-prefix-cache-producer",le="0.7"} 11
llm_d_epp_prefix_indexer_hit_ratio_bucket{plugin_name="approx-prefix-cache-producer",plugin_type="approx-prefix-cache-producer",le="0.8"} 11
llm_d_epp_prefix_indexer_hit_ratio_bucket{plugin_name="approx-prefix-cache-producer",plugin_type="approx-prefix-cache-producer",le="0.9"} 11
llm_d_epp_prefix_indexer_hit_ratio_bucket{plugin_name="approx-prefix-cache-producer",plugin_type="approx-prefix-cache-producer",le="1"} 250
llm_d_epp_prefix_indexer_hit_ratio_bucket{plugin_name="approx-prefix-cache-producer",plugin_type="approx-prefix-cache-producer",le="+Inf"} 250
llm_d_epp_prefix_indexer_hit_ratio_sum{plugin_name="approx-prefix-cache-producer",plugin_type="approx-prefix-cache-producer"} 239.5
llm_d_epp_prefix_indexer_hit_ratio_count{plugin_name="approx-prefix-cache-producer",plugin_type="approx-prefix-cache-producer"} 250
# HELP llm_d_epp_prefix_indexer_size [ALPHA] Size of the prefix indexer.
# TYPE llm_d_epp_prefix_indexer_size gauge
llm_d_epp_prefix_indexer_size{plugin_name="approx-prefix-cache-producer",plugin_type="approx-prefix-cache-producer"} 272
# HELP llm_d_epp_ready_endpoints [ALPHA] The number of ready endpoints in the inference server pool.
# TYPE llm_d_epp_ready_endpoints gauge
llm_d_epp_ready_endpoints{name="meta-lla-888e33f1-instruct-router"} 3
# HELP llm_d_epp_request_cached_tokens [ALPHA] Distribution of prompt tokens read from cache per request, as reported by the model server in the response.
# TYPE llm_d_epp_request_cached_tokens histogram
llm_d_epp_request_cached_tokens_bucket{fairness_id="reasoning-jobs",model_name="meta-llama/Llama-3.3-70B-Instruct",priority="3",target_model_name="meta-llama/Llama-3.3-70B-Instruct",le="1"} 3536
llm_d_epp_request_cached_tokens_bucket{fairness_id="reasoning-jobs",model_name="meta-llama/Llama-3.3-70B-Instruct",priority="3",target_model_name="meta-llama/Llama-3.3-70B-Instruct",le="8"} 3536
llm_d_epp_request_cached_tokens_bucket{fairness_id="reasoning-jobs",model_name="meta-llama/Llama-3.3-70B-Instruct",priority="3",target_model_name="meta-llama/Llama-3.3-70B-Instruct",le="16"} 3536
llm_d_epp_request_cached_tokens_bucket{fairness_id="reasoning-jobs",model_name="meta-llama/Llama-3.3-70B-Instruct",priority="3",target_model_name="meta-llama/Llama-3.3-70B-Instruct",le="32"} 3536
llm_d_epp_request_cached_tokens_bucket{fairness_id="reasoning-jobs",model_name="meta-llama/Llama-3.3-70B-Instruct",priority="3",target_model_name="meta-llama/Llama-3.3-70B-Instruct",le="64"} 3536
llm_d_epp_request_cached_tokens_bucket{fairness_id="reasoning-jobs",model_name="meta-llama/Llama-3.3-70B-Instruct",priority="3",target_model_name="meta-llama/Llama-3.3-70B-Instruct",le="128"} 3536
llm_d_epp_request_cached_tokens_bucket{fairness_id="reasoning-jobs",model_name="meta-llama/Llama-3.3-70B-Instruct",priority="3",target_model_name="meta-llama/Llama-3.3-70B-Instruct",le="256"} 3536
llm_d_epp_request_cached_tokens_bucket{fairness_id="reasoning-jobs",model_name="meta-llama/Llama-3.3-70B-Instruct",priority="3",target_model_name="meta-llama/Llama-3.3-70B-Instruct",le="512"} 3536
llm_d_epp_request_cached_tokens_bucket{fairness_id="reasoning-jobs",model_name="meta-llama/Llama-3.3-70B-Instruct",priority="3",target_model_name="meta-llama/Llama-3.3-70B-Instruct",le="1024"} 3536
llm_d_epp_request_cached_tokens_bucket{fairness_id="reasoning-jobs",model_name="meta-llama/Llama-3.3-70B-Instruct",priority="3",target_model_name="meta-llama/Llama-3.3-70B-Instruct",le="2048"} 3536
llm_d_epp_request_cached_tokens_bucket{fairness_id="reasoning-jobs",model_name="meta-llama/Llama-3.3-70B-Instruct",priority="3",target_model_name="meta-llama/Llama-3.3-70B-Instruct",le="4096"} 3536
llm_d_epp_request_cached_tokens_bucket{fairness_id="reasoning-jobs",model_name="meta-llama/Llama-3.3-70B-Instruct",priority="3",target_model_name="meta-llama/Llama-3.3-70B-Instruct",le="8192"} 3536
llm_d_epp_request_cached_tokens_bucket{fairness_id="reasoning-jobs",model_name="meta-llama/Llama-3.3-70B-Instruct",priority="3",target_model_name="meta-llama/Llama-3.3-70B-Instruct",le="16384"} 3536
llm_d_epp_request_cached_tokens_bucket{fairness_id="reasoning-jobs",model_name="meta-llama/Llama-3.3-70B-Instruct",priority="3",target_model_name="meta-llama/Llama-3.3-70B-Instruct",le="32778"} 3536
llm_d_epp_request_cached_tokens_bucket{fairness_id="reasoning-jobs",model_name="meta-llama/Llama-3.3-70B-Instruct",priority="3",target_model_name="meta-llama/Llama-3.3-70B-Instruct",le="65536"} 3536
llm_d_epp_request_cached_tokens_bucket{fairness_id="reasoning-jobs",model_name="meta-llama/Llama-3.3-70B-Instruct",priority="3",target_model_name="meta-llama/Llama-3.3-70B-Instruct",le="131072"} 3536
llm_d_epp_request_cached_tokens_bucket{fairness_id="reasoning-jobs",model_name="meta-llama/Llama-3.3-70B-Instruct",priority="3",target_model_name="meta-llama/Llama-3.3-70B-Instruct",le="262144"} 3536
llm_d_epp_request_cached_tokens_bucket{fairness_id="reasoning-jobs",model_name="meta-llama/Llama-3.3-70B-Instruct",priority="3",target_model_name="meta-llama/Llama-3.3-70B-Instruct",le="524288"} 3536
llm_d_epp_request_cached_tokens_bucket{fairness_id="reasoning-jobs",model_name="meta-llama/Llama-3.3-70B-Instruct",priority="3",target_model_name="meta-llama/Llama-3.3-70B-Instruct",le="1.048576e+06"} 3536
llm_d_epp_request_cached_tokens_bucket{fairness_id="reasoning-jobs",model_name="meta-llama/Llama-3.3-70B-Instruct",priority="3",target_model_name="meta-llama/Llama-3.3-70B-Instruct",le="+Inf"} 3536
llm_d_epp_request_cached_tokens_sum{fairness_id="reasoning-jobs",model_name="meta-llama/Llama-3.3-70B-Instruct",priority="3",target_model_name="meta-llama/Llama-3.3-70B-Instruct"} 0
llm_d_epp_request_cached_tokens_count{fairness_id="reasoning-jobs",model_name="meta-llama/Llama-3.3-70B-Instruct",priority="3",target_model_name="meta-llama/Llama-3.3-70B-Instruct"} 3536
# HELP llm_d_epp_request_duration_seconds [ALPHA] End-to-end request latency distribution in seconds.
# TYPE llm_d_epp_request_duration_seconds histogram
llm_d_epp_request_duration_seconds_bucket{fairness_id="default-flow",model_name="",priority="0",target_model_name="",le="0.005"} 2
llm_d_epp_request_duration_seconds_bucket{fairness_id="default-flow",model_name="",priority="0",target_model_name="",le="0.025"} 2
llm_d_epp_request_duration_seconds_bucket{fairness_id="default-flow",model_name="",priority="0",target_model_name="",le="0.05"} 2
llm_d_epp_request_duration_seconds_bucket{fairness_id="default-flow",model_name="",priority="0",target_model_name="",le="0.1"} 2
llm_d_epp_request_duration_seconds_bucket{fairness_id="default-flow",model_name="",priority="0",target_model_name="",le="0.2"} 2
llm_d_epp_request_duration_seconds_bucket{fairness_id="default-flow",model_name="",priority="0",target_model_name="",le="0.4"} 2
llm_d_epp_request_duration_seconds_bucket{fairness_id="default-flow",model_name="",priority="0",target_model_name="",le="0.6"} 2
llm_d_epp_request_duration_seconds_bucket{fairness_id="default-flow",model_name="",priority="0",target_model_name="",le="0.8"} 2
llm_d_epp_request_duration_seconds_bucket{fairness_id="default-flow",model_name="",priority="0",target_model_name="",le="1"} 2
llm_d_epp_request_duration_seconds_bucket{fairness_id="default-flow",model_name="",priority="0",target_model_name="",le="1.25"} 2
llm_d_epp_request_duration_seconds_bucket{fairness_id="default-flow",model_name="",priority="0",target_model_name="",le="1.5"} 2
llm_d_epp_request_duration_seconds_bucket{fairness_id="default-flow",model_name="",priority="0",target_model_name="",le="2"} 2
llm_d_epp_request_duration_seconds_bucket{fairness_id="default-flow",model_name="",priority="0",target_model_name="",le="3"} 2
llm_d_epp_request_duration_seconds_bucket{fairness_id="default-flow",model_name="",priority="0",target_model_name="",le="4"} 2
llm_d_epp_request_duration_seconds_bucket{fairness_id="default-flow",model_name="",priority="0",target_model_name="",le="5"} 2
llm_d_epp_request_duration_seconds_bucket{fairness_id="default-flow",model_name="",priority="0",target_model_name="",le="6"} 2
llm_d_epp_request_duration_seconds_bucket{fairness_id="default-flow",model_name="",priority="0",target_model_name="",le="8"} 2
llm_d_epp_request_duration_seconds_bucket{fairness_id="default-flow",model_name="",priority="0",target_model_name="",le="10"} 2
llm_d_epp_request_duration_seconds_bucket{fairness_id="default-flow",model_name="",priority="0",target_model_name="",le="15"} 2
llm_d_epp_request_duration_seconds_bucket{fairness_id="default-flow",model_name="",priority="0",target_model_name="",le="20"} 2
llm_d_epp_request_duration_seconds_bucket{fairness_id="default-flow",model_name="",priority="0",target_model_name="",le="30"} 2
llm_d_epp_request_duration_seconds_bucket{fairness_id="default-flow",model_name="",priority="0",target_model_name="",le="45"} 2
llm_d_epp_request_duration_seconds_bucket{fairness_id="default-flow",model_name="",priority="0",target_model_name="",le="60"} 2
llm_d_epp_request_duration_seconds_bucket{fairness_id="default-flow",model_name="",priority="0",target_model_name="",le="120"} 2
llm_d_epp_request_duration_seconds_bucket{fairness_id="default-flow",model_name="",priority="0",target_model_name="",le="180"} 2
llm_d_epp_request_duration_seconds_bucket{fairness_id="default-flow",model_name="",priority="0",target_model_name="",le="240"} 2
llm_d_epp_request_duration_seconds_bucket{fairness_id="default-flow",model_name="",priority="0",target_model_name="",le="300"} 2
llm_d_epp_request_duration_seconds_bucket{fairness_id="default-flow",model_name="",priority="0",target_model_name="",le="360"} 2
llm_d_epp_request_duration_seconds_bucket{fairness_id="default-flow",model_name="",priority="0",target_model_name="",le="480"} 2
llm_d_epp_request_duration_seconds_bucket{fairness_id="default-flow",model_name="",priority="0",target_model_name="",le="600"} 2
llm_d_epp_request_duration_seconds_bucket{fairness_id="default-flow",model_name="",priority="0",target_model_name="",le="900"} 2
llm_d_epp_request_duration_seconds_bucket{fairness_id="default-flow",model_name="",priority="0",target_model_name="",le="1200"} 2
llm_d_epp_request_duration_seconds_bucket{fairness_id="default-flow",model_name="",priority="0",target_model_name="",le="1800"} 2
llm_d_epp_request_duration_seconds_bucket{fairness_id="default-flow",model_name="",priority="0",target_model_name="",le="2700"} 2
llm_d_epp_request_duration_seconds_bucket{fairness_id="default-flow",model_name="",priority="0",target_model_name="",le="3600"} 2
llm_d_epp_request_duration_seconds_bucket{fairness_id="default-flow",model_name="",priority="0",target_model_name="",le="+Inf"} 2
llm_d_epp_request_duration_seconds_sum{fairness_id="default-flow",model_name="",priority="0",target_model_name=""} 0.005385099
llm_d_epp_request_duration_seconds_count{fairness_id="default-flow",model_name="",priority="0",target_model_name=""} 2
llm_d_epp_request_duration_seconds_bucket{fairness_id="default-flow",model_name="meta-llama/Llama-3.3-70B-Instruct",priority="0",target_model_name="meta-llama/Llama-3.3-70B-Instruct",le="0.005"} 0
llm_d_epp_request_duration_seconds_bucket{fairness_id="default-flow",model_name="meta-llama/Llama-3.3-70B-Instruct",priority="0",target_model_name="meta-llama/Llama-3.3-70B-Instruct",le="0.025"} 0
llm_d_epp_request_duration_seconds_bucket{fairness_id="default-flow",model_name="meta-llama/Llama-3.3-70B-Instruct",priority="0",target_model_name="meta-llama/Llama-3.3-70B-Instruct",le="0.05"} 1
llm_d_epp_request_duration_seconds_bucket{fairness_id="default-flow",model_name="meta-llama/Llama-3.3-70B-Instruct",priority="0",target_model_name="meta-llama/Llama-3.3-70B-Instruct",le="0.1"} 1
llm_d_epp_request_duration_seconds_bucket{fairness_id="default-flow",model_name="meta-llama/Llama-3.3-70B-Instruct",priority="0",target_model_name="meta-llama/Llama-3.3-70B-Instruct",le="0.2"} 2
llm_d_epp_request_duration_seconds_bucket{fairness_id="default-flow",model_name="meta-llama/Llama-3.3-70B-Instruct",priority="0",target_model_name="meta-llama/Llama-3.3-70B-Instruct",le="0.4"} 2
llm_d_epp_request_duration_seconds_bucket{fairness_id="default-flow",model_name="meta-llama/Llama-3.3-70B-Instruct",priority="0",target_model_name="meta-llama/Llama-3.3-70B-Instruct",le="0.6"} 2
llm_d_epp_request_duration_seconds_bucket{fairness_id="default-flow",model_name="meta-llama/Llama-3.3-70B-Instruct",priority="0",target_model_name="meta-llama/Llama-3.3-70B-Instruct",le="0.8"} 2
llm_d_epp_request_duration_seconds_bucket{fairness_id="default-flow",model_name="meta-llama/Llama-3.3-70B-Instruct",priority="0",target_model_name="meta-llama/Llama-3.3-70B-Instruct",le="1"} 212
llm_d_epp_request_duration_seconds_bucket{fairness_id="default-flow",model_name="meta-llama/Llama-3.3-70B-Instruct",priority="0",target_model_name="meta-llama/Llama-3.3-70B-Instruct",le="1.25"} 244
llm_d_epp_request_duration_seconds_bucket{fairness_id="default-flow",model_name="meta-llama/Llama-3.3-70B-Instruct",priority="0",target_model_name="meta-llama/Llama-3.3-70B-Instruct",le="1.5"} 244
llm_d_epp_request_duration_seconds_bucket{fairness_id="default-flow",model_name="meta-llama/Llama-3.3-70B-Instruct",priority="0",target_model_name="meta-llama/Llama-3.3-70B-Instruct",le="2"} 244
llm_d_epp_request_duration_seconds_bucket{fairness_id="default-flow",model_name="meta-llama/Llama-3.3-70B-Instruct",priority="0",target_model_name="meta-llama/Llama-3.3-70B-Instruct",le="3"} 244
llm_d_epp_request_duration_seconds_bucket{fairness_id="default-flow",model_name="meta-llama/Llama-3.3-70B-Instruct",priority="0",target_model_name="meta-llama/Llama-3.3-70B-Instruct",le="4"} 244
llm_d_epp_request_duration_seconds_bucket{fairness_id="default-flow",model_name="meta-llama/Llama-3.3-70B-Instruct",priority="0",target_model_name="meta-llama/Llama-3.3-70B-Instruct",le="5"} 244
llm_d_epp_request_duration_seconds_bucket{fairness_id="default-flow",model_name="meta-llama/Llama-3.3-70B-Instruct",priority="0",target_model_name="meta-llama/Llama-3.3-70B-Instruct",le="6"} 244
llm_d_epp_request_duration_seconds_bucket{fairness_id="default-flow",model_name="meta-llama/Llama-3.3-70B-Instruct",priority="0",target_model_name="meta-llama/Llama-3.3-70B-Instruct",le="8"} 244
llm_d_epp_request_duration_seconds_bucket{fairness_id="default-flow",model_name="meta-llama/Llama-3.3-70B-Instruct",priority="0",target_model_name="meta-llama/Llama-3.3-70B-Instruct",le="10"} 244
llm_d_epp_request_duration_seconds_bucket{fairness_id="default-flow",model_name="meta-llama/Llama-3.3-70B-Instruct",priority="0",target_model_name="meta-llama/Llama-3.3-70B-Instruct",le="15"} 244
llm_d_epp_request_duration_seconds_bucket{fairness_id="default-flow",model_name="meta-llama/Llama-3.3-70B-Instruct",priority="0",target_model_name="meta-llama/Llama-3.3-70B-Instruct",le="20"} 244
llm_d_epp_request_duration_seconds_bucket{fairness_id="default-flow",model_name="meta-llama/Llama-3.3-70B-Instruct",priority="0",target_model_name="meta-llama/Llama-3.3-70B-Instruct",le="30"} 244
llm_d_epp_request_duration_seconds_bucket{fairness_id="default-flow",model_name="meta-llama/Llama-3.3-70B-Instruct",priority="0",target_model_name="meta-llama/Llama-3.3-70B-Instruct",le="45"} 244
llm_d_epp_request_duration_seconds_bucket{fairness_id="default-flow",model_name="meta-llama/Llama-3.3-70B-Instruct",priority="0",target_model_name="meta-llama/Llama-3.3-70B-Instruct",le="60"} 244
llm_d_epp_request_duration_seconds_bucket{fairness_id="default-flow",model_name="meta-llama/Llama-3.3-70B-Instruct",priority="0",target_model_name="meta-llama/Llama-3.3-70B-Instruct",le="120"} 244
llm_d_epp_request_duration_seconds_bucket{fairness_id="default-flow",model_name="meta-llama/Llama-3.3-70B-Instruct",priority="0",target_model_name="meta-llama/Llama-3.3-70B-Instruct",le="180"} 244
llm_d_epp_request_duration_seconds_bucket{fairness_id="default-flow",model_name="meta-llama/Llama-3.3-70B-Instruct",priority="0",target_model_name="meta-llama/Llama-3.3-70B-Instruct",le="240"} 244
llm_d_epp_request_duration_seconds_bucket{fairness_id="default-flow",model_name="meta-llama/Llama-3.3-70B-Instruct",priority="0",target_model_name="meta-llama/Llama-3.3-70B-Instruct",le="300"} 244
llm_d_epp_request_duration_seconds_bucket{fairness_id="default-flow",model_name="meta-llama/Llama-3.3-70B-Instruct",priority="0",target_model_name="meta-llama/Llama-3.3-70B-Instruct",le="360"} 244
llm_d_epp_request_duration_seconds_bucket{fairness_id="default-flow",model_name="meta-llama/Llama-3.3-70B-Instruct",priority="0",target_model_name="meta-llama/Llama-3.3-70B-Instruct",le="480"} 244
llm_d_epp_request_duration_seconds_bucket{fairness_id="default-flow",model_name="meta-llama/Llama-3.3-70B-Instruct",priority="0",target_model_name="meta-llama/Llama-3.3-70B-Instruct",le="600"} 244
llm_d_epp_request_duration_seconds_bucket{fairness_id="default-flow",model_name="meta-llama/Llama-3.3-70B-Instruct",priority="0",target_model_name="meta-llama/Llama-3.3-70B-Instruct",le="900"} 244
llm_d_epp_request_duration_seconds_bucket{fairness_id="default-flow",model_name="meta-llama/Llama-3.3-70B-Instruct",priority="0",target_model_name="meta-llama/Llama-3.3-70B-Instruct",le="1200"} 244
llm_d_epp_request_duration_seconds_bucket{fairness_id="default-flow",model_name="meta-llama/Llama-3.3-70B-Instruct",priority="0",target_model_name="meta-llama/Llama-3.3-70B-Instruct",le="1800"} 244
llm_d_epp_request_duration_seconds_bucket{fairness_id="default-flow",model_name="meta-llama/Llama-3.3-70B-Instruct",priority="0",target_model_name="meta-llama/Llama-3.3-70B-Instruct",le="2700"} 244
llm_d_epp_request_duration_seconds_bucket{fairness_id="default-flow",model_name="meta-llama/Llama-3.3-70B-Instruct",priority="0",target_model_name="meta-llama/Llama-3.3-70B-Instruct",le="3600"} 244
llm_d_epp_request_duration_seconds_bucket{fairness_id="default-flow",model_name="meta-llama/Llama-3.3-70B-Instruct",priority="0",target_model_name="meta-llama/Llama-3.3-70B-Instruct",le="+Inf"} 244
llm_d_epp_request_duration_seconds_sum{fairness_id="default-flow",model_name="meta-llama/Llama-3.3-70B-Instruct",priority="0",target_model_name="meta-llama/Llama-3.3-70B-Instruct"} 241.91216715899995
llm_d_epp_request_duration_seconds_count{fairness_id="default-flow",model_name="meta-llama/Llama-3.3-70B-Instruct",priority="0",target_model_name="meta-llama/Llama-3.3-70B-Instruct"} 244
# HELP llm_d_epp_request_input_tokens [ALPHA] Input token count distribution per request.
# TYPE llm_d_epp_request_input_tokens histogram
llm_d_epp_request_input_tokens_bucket{fairness_id="default-flow",model_name="meta-llama/Llama-3.3-70B-Instruct",priority="0",target_model_name="meta-llama/Llama-3.3-70B-Instruct",le="1"} 0
llm_d_epp_request_input_tokens_bucket{fairness_id="default-flow",model_name="meta-llama/Llama-3.3-70B-Instruct",priority="0",target_model_name="meta-llama/Llama-3.3-70B-Instruct",le="8"} 1
llm_d_epp_request_input_tokens_bucket{fairness_id="default-flow",model_name="meta-llama/Llama-3.3-70B-Instruct",priority="0",target_model_name="meta-llama/Llama-3.3-70B-Instruct",le="16"} 1
llm_d_epp_request_input_tokens_bucket{fairness_id="default-flow",model_name="meta-llama/Llama-3.3-70B-Instruct",priority="0",target_model_name="meta-llama/Llama-3.3-70B-Instruct",le="32"} 1
llm_d_epp_request_input_tokens_bucket{fairness_id="default-flow",model_name="meta-llama/Llama-3.3-70B-Instruct",priority="0",target_model_name="meta-llama/Llama-3.3-70B-Instruct",le="64"} 1
llm_d_epp_request_input_tokens_bucket{fairness_id="default-flow",model_name="meta-llama/Llama-3.3-70B-Instruct",priority="0",target_model_name="meta-llama/Llama-3.3-70B-Instruct",le="128"} 1
llm_d_epp_request_input_tokens_bucket{fairness_id="default-flow",model_name="meta-llama/Llama-3.3-70B-Instruct",priority="0",target_model_name="meta-llama/Llama-3.3-70B-Instruct",le="256"} 2
llm_d_epp_request_input_tokens_bucket{fairness_id="default-flow",model_name="meta-llama/Llama-3.3-70B-Instruct",priority="0",target_model_name="meta-llama/Llama-3.3-70B-Instruct",le="512"} 244
llm_d_epp_request_input_tokens_bucket{fairness_id="default-flow",model_name="meta-llama/Llama-3.3-70B-Instruct",priority="0",target_model_name="meta-llama/Llama-3.3-70B-Instruct",le="1024"} 244
llm_d_epp_request_input_tokens_bucket{fairness_id="default-flow",model_name="meta-llama/Llama-3.3-70B-Instruct",priority="0",target_model_name="meta-llama/Llama-3.3-70B-Instruct",le="2048"} 244
llm_d_epp_request_input_tokens_bucket{fairness_id="default-flow",model_name="meta-llama/Llama-3.3-70B-Instruct",priority="0",target_model_name="meta-llama/Llama-3.3-70B-Instruct",le="4096"} 244
llm_d_epp_request_input_tokens_bucket{fairness_id="default-flow",model_name="meta-llama/Llama-3.3-70B-Instruct",priority="0",target_model_name="meta-llama/Llama-3.3-70B-Instruct",le="8192"} 244
llm_d_epp_request_input_tokens_bucket{fairness_id="default-flow",model_name="meta-llama/Llama-3.3-70B-Instruct",priority="0",target_model_name="meta-llama/Llama-3.3-70B-Instruct",le="16384"} 244
llm_d_epp_request_input_tokens_bucket{fairness_id="default-flow",model_name="meta-llama/Llama-3.3-70B-Instruct",priority="0",target_model_name="meta-llama/Llama-3.3-70B-Instruct",le="32778"} 244
llm_d_epp_request_input_tokens_bucket{fairness_id="default-flow",model_name="meta-llama/Llama-3.3-70B-Instruct",priority="0",target_model_name="meta-llama/Llama-3.3-70B-Instruct",le="65536"} 244
llm_d_epp_request_input_tokens_bucket{fairness_id="default-flow",model_name="meta-llama/Llama-3.3-70B-Instruct",priority="0",target_model_name="meta-llama/Llama-3.3-70B-Instruct",le="131072"} 244
llm_d_epp_request_input_tokens_bucket{fairness_id="default-flow",model_name="meta-llama/Llama-3.3-70B-Instruct",priority="0",target_model_name="meta-llama/Llama-3.3-70B-Instruct",le="262144"} 244
llm_d_epp_request_input_tokens_bucket{fairness_id="default-flow",model_name="meta-llama/Llama-3.3-70B-Instruct",priority="0",target_model_name="meta-llama/Llama-3.3-70B-Instruct",le="524288"} 244
llm_d_epp_request_input_tokens_bucket{fairness_id="default-flow",model_name="meta-llama/Llama-3.3-70B-Instruct",priority="0",target_model_name="meta-llama/Llama-3.3-70B-Instruct",le="1.048576e+06"} 244
llm_d_epp_request_input_tokens_bucket{fairness_id="default-flow",model_name="meta-llama/Llama-3.3-70B-Instruct",priority="0",target_model_name="meta-llama/Llama-3.3-70B-Instruct",le="+Inf"} 244
llm_d_epp_request_input_tokens_sum{fairness_id="default-flow",model_name="meta-llama/Llama-3.3-70B-Instruct",priority="0",target_model_name="meta-llama/Llama-3.3-70B-Instruct"} 62611
llm_d_epp_request_input_tokens_count{fairness_id="default-flow",model_name="meta-llama/Llama-3.3-70B-Instruct",priority="0",target_model_name="meta-llama/Llama-3.3-70B-Instruct"} 244
llm_d_epp_request_input_tokens_bucket{fairness_id="reasoning-jobs",model_name="meta-llama/Llama-3.3-70B-Instruct",priority="3",target_model_name="meta-llama/Llama-3.3-70B-Instruct",le="1"} 0
llm_d_epp_request_input_tokens_bucket{fairness_id="reasoning-jobs",model_name="meta-llama/Llama-3.3-70B-Instruct",priority="3",target_model_name="meta-llama/Llama-3.3-70B-Instruct",le="8"} 0
llm_d_epp_request_input_tokens_bucket{fairness_id="reasoning-jobs",model_name="meta-llama/Llama-3.3-70B-Instruct",priority="3",target_model_name="meta-llama/Llama-3.3-70B-Instruct",le="16"} 0
llm_d_epp_request_input_tokens_bucket{fairness_id="reasoning-jobs",model_name="meta-llama/Llama-3.3-70B-Instruct",priority="3",target_model_name="meta-llama/Llama-3.3-70B-Instruct",le="32"} 0
llm_d_epp_request_input_tokens_bucket{fairness_id="reasoning-jobs",model_name="meta-llama/Llama-3.3-70B-Instruct",priority="3",target_model_name="meta-llama/Llama-3.3-70B-Instruct",le="64"} 0
llm_d_epp_request_input_tokens_bucket{fairness_id="reasoning-jobs",model_name="meta-llama/Llama-3.3-70B-Instruct",priority="3",target_model_name="meta-llama/Llama-3.3-70B-Instruct",le="128"} 0
llm_d_epp_request_input_tokens_bucket{fairness_id="reasoning-jobs",model_name="meta-llama/Llama-3.3-70B-Instruct",priority="3",target_model_name="meta-llama/Llama-3.3-70B-Instruct",le="256"} 0
llm_d_epp_request_input_tokens_bucket{fairness_id="reasoning-jobs",model_name="meta-llama/Llama-3.3-70B-Instruct",priority="3",target_model_name="meta-llama/Llama-3.3-70B-Instruct",le="512"} 0
llm_d_epp_request_input_tokens_bucket{fairness_id="reasoning-jobs",model_name="meta-llama/Llama-3.3-70B-Instruct",priority="3",target_model_name="meta-llama/Llama-3.3-70B-Instruct",le="1024"} 1568
llm_d_epp_request_input_tokens_bucket{fairness_id="reasoning-jobs",model_name="meta-llama/Llama-3.3-70B-Instruct",priority="3",target_model_name="meta-llama/Llama-3.3-70B-Instruct",le="2048"} 2800
llm_d_epp_request_input_tokens_bucket{fairness_id="reasoning-jobs",model_name="meta-llama/Llama-3.3-70B-Instruct",priority="3",target_model_name="meta-llama/Llama-3.3-70B-Instruct",le="4096"} 3578
llm_d_epp_request_input_tokens_bucket{fairness_id="reasoning-jobs",model_name="meta-llama/Llama-3.3-70B-Instruct",priority="3",target_model_name="meta-llama/Llama-3.3-70B-Instruct",le="8192"} 3578
llm_d_epp_request_input_tokens_bucket{fairness_id="reasoning-jobs",model_name="meta-llama/Llama-3.3-70B-Instruct",priority="3",target_model_name="meta-llama/Llama-3.3-70B-Instruct",le="16384"} 3578
llm_d_epp_request_input_tokens_bucket{fairness_id="reasoning-jobs",model_name="meta-llama/Llama-3.3-70B-Instruct",priority="3",target_model_name="meta-llama/Llama-3.3-70B-Instruct",le="32778"} 3578
llm_d_epp_request_input_tokens_bucket{fairness_id="reasoning-jobs",model_name="meta-llama/Llama-3.3-70B-Instruct",priority="3",target_model_name="meta-llama/Llama-3.3-70B-Instruct",le="65536"} 3578
llm_d_epp_request_input_tokens_bucket{fairness_id="reasoning-jobs",model_name="meta-llama/Llama-3.3-70B-Instruct",priority="3",target_model_name="meta-llama/Llama-3.3-70B-Instruct",le="131072"} 3578
llm_d_epp_request_input_tokens_bucket{fairness_id="reasoning-jobs",model_name="meta-llama/Llama-3.3-70B-Instruct",priority="3",target_model_name="meta-llama/Llama-3.3-70B-Instruct",le="262144"} 3578
llm_d_epp_request_input_tokens_bucket{fairness_id="reasoning-jobs",model_name="meta-llama/Llama-3.3-70B-Instruct",priority="3",target_model_name="meta-llama/Llama-3.3-70B-Instruct",le="524288"} 3578
llm_d_epp_request_input_tokens_bucket{fairness_id="reasoning-jobs",model_name="meta-llama/Llama-3.3-70B-Instruct",priority="3",target_model_name="meta-llama/Llama-3.3-70B-Instruct",le="1.048576e+06"} 3578
llm_d_epp_request_input_tokens_bucket{fairness_id="reasoning-jobs",model_name="meta-llama/Llama-3.3-70B-Instruct",priority="3",target_model_name="meta-llama/Llama-3.3-70B-Instruct",le="+Inf"} 3578
llm_d_epp_request_input_tokens_sum{fairness_id="reasoning-jobs",model_name="meta-llama/Llama-3.3-70B-Instruct",priority="3",target_model_name="meta-llama/Llama-3.3-70B-Instruct"} 5.042771e+06
llm_d_epp_request_input_tokens_count{fairness_id="reasoning-jobs",model_name="meta-llama/Llama-3.3-70B-Instruct",priority="3",target_model_name="meta-llama/Llama-3.3-70B-Instruct"} 3578
# HELP llm_d_epp_request_ntpot_seconds [ALPHA] Normalized time per output token in seconds (end-to-end latency divided by output token count).
# TYPE llm_d_epp_request_ntpot_seconds histogram
llm_d_epp_request_ntpot_seconds_bucket{fairness_id="default-flow",model_name="meta-llama/Llama-3.3-70B-Instruct",priority="0",target_model_name="meta-llama/Llama-3.3-70B-Instruct",le="0.001"} 0
llm_d_epp_request_ntpot_seconds_bucket{fairness_id="default-flow",model_name="meta-llama/Llama-3.3-70B-Instruct",priority="0",target_model_name="meta-llama/Llama-3.3-70B-Instruct",le="0.002"} 0
llm_d_epp_request_ntpot_seconds_bucket{fairness_id="default-flow",model_name="meta-llama/Llama-3.3-70B-Instruct",priority="0",target_model_name="meta-llama/Llama-3.3-70B-Instruct",le="0.005"} 0
llm_d_epp_request_ntpot_seconds_bucket{fairness_id="default-flow",model_name="meta-llama/Llama-3.3-70B-Instruct",priority="0",target_model_name="meta-llama/Llama-3.3-70B-Instruct",le="0.01"} 0
llm_d_epp_request_ntpot_seconds_bucket{fairness_id="default-flow",model_name="meta-llama/Llama-3.3-70B-Instruct",priority="0",target_model_name="meta-llama/Llama-3.3-70B-Instruct",le="0.02"} 242
llm_d_epp_request_ntpot_seconds_bucket{fairness_id="default-flow",model_name="meta-llama/Llama-3.3-70B-Instruct",priority="0",target_model_name="meta-llama/Llama-3.3-70B-Instruct",le="0.05"} 244
llm_d_epp_request_ntpot_seconds_bucket{fairness_id="default-flow",model_name="meta-llama/Llama-3.3-70B-Instruct",priority="0",target_model_name="meta-llama/Llama-3.3-70B-Instruct",le="0.1"} 244
llm_d_epp_request_ntpot_seconds_bucket{fairness_id="default-flow",model_name="meta-llama/Llama-3.3-70B-Instruct",priority="0",target_model_name="meta-llama/Llama-3.3-70B-Instruct",le="0.2"} 244
llm_d_epp_request_ntpot_seconds_bucket{fairness_id="default-flow",model_name="meta-llama/Llama-3.3-70B-Instruct",priority="0",target_model_name="meta-llama/Llama-3.3-70B-Instruct",le="0.5"} 244
llm_d_epp_request_ntpot_seconds_bucket{fairness_id="default-flow",model_name="meta-llama/Llama-3.3-70B-Instruct",priority="0",target_model_name="meta-llama/Llama-3.3-70B-Instruct",le="1"} 244
llm_d_epp_request_ntpot_seconds_bucket{fairness_id="default-flow",model_name="meta-llama/Llama-3.3-70B-Instruct",priority="0",target_model_name="meta-llama/Llama-3.3-70B-Instruct",le="2"} 244
llm_d_epp_request_ntpot_seconds_bucket{fairness_id="default-flow",model_name="meta-llama/Llama-3.3-70B-Instruct",priority="0",target_model_name="meta-llama/Llama-3.3-70B-Instruct",le="5"} 244
llm_d_epp_request_ntpot_seconds_bucket{fairness_id="default-flow",model_name="meta-llama/Llama-3.3-70B-Instruct",priority="0",target_model_name="meta-llama/Llama-3.3-70B-Instruct",le="10"} 244
llm_d_epp_request_ntpot_seconds_bucket{fairness_id="default-flow",model_name="meta-llama/Llama-3.3-70B-Instruct",priority="0",target_model_name="meta-llama/Llama-3.3-70B-Instruct",le="+Inf"} 244
llm_d_epp_request_ntpot_seconds_sum{fairness_id="default-flow",model_name="meta-llama/Llama-3.3-70B-Instruct",priority="0",target_model_name="meta-llama/Llama-3.3-70B-Instruct"} 3.8422466910906254
llm_d_epp_request_ntpot_seconds_count{fairness_id="default-flow",model_name="meta-llama/Llama-3.3-70B-Instruct",priority="0",target_model_name="meta-llama/Llama-3.3-70B-Instruct"} 244
# HELP llm_d_epp_request_output_tokens [ALPHA] Output token count distribution per request.
# TYPE llm_d_epp_request_output_tokens histogram
llm_d_epp_request_output_tokens_bucket{fairness_id="default-flow",model_name="meta-llama/Llama-3.3-70B-Instruct",priority="0",target_model_name="meta-llama/Llama-3.3-70B-Instruct",le="1"} 1
llm_d_epp_request_output_tokens_bucket{fairness_id="default-flow",model_name="meta-llama/Llama-3.3-70B-Instruct",priority="0",target_model_name="meta-llama/Llama-3.3-70B-Instruct",le="8"} 2
llm_d_epp_request_output_tokens_bucket{fairness_id="default-flow",model_name="meta-llama/Llama-3.3-70B-Instruct",priority="0",target_model_name="meta-llama/Llama-3.3-70B-Instruct",le="16"} 2
llm_d_epp_request_output_tokens_bucket{fairness_id="default-flow",model_name="meta-llama/Llama-3.3-70B-Instruct",priority="0",target_model_name="meta-llama/Llama-3.3-70B-Instruct",le="32"} 2
llm_d_epp_request_output_tokens_bucket{fairness_id="default-flow",model_name="meta-llama/Llama-3.3-70B-Instruct",priority="0",target_model_name="meta-llama/Llama-3.3-70B-Instruct",le="64"} 244
llm_d_epp_request_output_tokens_bucket{fairness_id="default-flow",model_name="meta-llama/Llama-3.3-70B-Instruct",priority="0",target_model_name="meta-llama/Llama-3.3-70B-Instruct",le="128"} 244
llm_d_epp_request_output_tokens_bucket{fairness_id="default-flow",model_name="meta-llama/Llama-3.3-70B-Instruct",priority="0",target_model_name="meta-llama/Llama-3.3-70B-Instruct",le="256"} 244
llm_d_epp_request_output_tokens_bucket{fairness_id="default-flow",model_name="meta-llama/Llama-3.3-70B-Instruct",priority="0",target_model_name="meta-llama/Llama-3.3-70B-Instruct",le="512"} 244
llm_d_epp_request_output_tokens_bucket{fairness_id="default-flow",model_name="meta-llama/Llama-3.3-70B-Instruct",priority="0",target_model_name="meta-llama/Llama-3.3-70B-Instruct",le="1024"} 244
llm_d_epp_request_output_tokens_bucket{fairness_id="default-flow",model_name="meta-llama/Llama-3.3-70B-Instruct",priority="0",target_model_name="meta-llama/Llama-3.3-70B-Instruct",le="2048"} 244
llm_d_epp_request_output_tokens_bucket{fairness_id="default-flow",model_name="meta-llama/Llama-3.3-70B-Instruct",priority="0",target_model_name="meta-llama/Llama-3.3-70B-Instruct",le="4096"} 244
llm_d_epp_request_output_tokens_bucket{fairness_id="default-flow",model_name="meta-llama/Llama-3.3-70B-Instruct",priority="0",target_model_name="meta-llama/Llama-3.3-70B-Instruct",le="8192"} 244
llm_d_epp_request_output_tokens_bucket{fairness_id="default-flow",model_name="meta-llama/Llama-3.3-70B-Instruct",priority="0",target_model_name="meta-llama/Llama-3.3-70B-Instruct",le="+Inf"} 244
llm_d_epp_request_output_tokens_sum{fairness_id="default-flow",model_name="meta-llama/Llama-3.3-70B-Instruct",priority="0",target_model_name="meta-llama/Llama-3.3-70B-Instruct"} 15494
llm_d_epp_request_output_tokens_count{fairness_id="default-flow",model_name="meta-llama/Llama-3.3-70B-Instruct",priority="0",target_model_name="meta-llama/Llama-3.3-70B-Instruct"} 244
llm_d_epp_request_output_tokens_bucket{fairness_id="reasoning-jobs",model_name="meta-llama/Llama-3.3-70B-Instruct",priority="3",target_model_name="meta-llama/Llama-3.3-70B-Instruct",le="1"} 6
llm_d_epp_request_output_tokens_bucket{fairness_id="reasoning-jobs",model_name="meta-llama/Llama-3.3-70B-Instruct",priority="3",target_model_name="meta-llama/Llama-3.3-70B-Instruct",le="8"} 48
llm_d_epp_request_output_tokens_bucket{fairness_id="reasoning-jobs",model_name="meta-llama/Llama-3.3-70B-Instruct",priority="3",target_model_name="meta-llama/Llama-3.3-70B-Instruct",le="16"} 96
llm_d_epp_request_output_tokens_bucket{fairness_id="reasoning-jobs",model_name="meta-llama/Llama-3.3-70B-Instruct",priority="3",target_model_name="meta-llama/Llama-3.3-70B-Instruct",le="32"} 192
llm_d_epp_request_output_tokens_bucket{fairness_id="reasoning-jobs",model_name="meta-llama/Llama-3.3-70B-Instruct",priority="3",target_model_name="meta-llama/Llama-3.3-70B-Instruct",le="64"} 362
llm_d_epp_request_output_tokens_bucket{fairness_id="reasoning-jobs",model_name="meta-llama/Llama-3.3-70B-Instruct",priority="3",target_model_name="meta-llama/Llama-3.3-70B-Instruct",le="128"} 682
llm_d_epp_request_output_tokens_bucket{fairness_id="reasoning-jobs",model_name="meta-llama/Llama-3.3-70B-Instruct",priority="3",target_model_name="meta-llama/Llama-3.3-70B-Instruct",le="256"} 1322
llm_d_epp_request_output_tokens_bucket{fairness_id="reasoning-jobs",model_name="meta-llama/Llama-3.3-70B-Instruct",priority="3",target_model_name="meta-llama/Llama-3.3-70B-Instruct",le="512"} 2282
llm_d_epp_request_output_tokens_bucket{fairness_id="reasoning-jobs",model_name="meta-llama/Llama-3.3-70B-Instruct",priority="3",target_model_name="meta-llama/Llama-3.3-70B-Instruct",le="1024"} 3306
llm_d_epp_request_output_tokens_bucket{fairness_id="reasoning-jobs",model_name="meta-llama/Llama-3.3-70B-Instruct",priority="3",target_model_name="meta-llama/Llama-3.3-70B-Instruct",le="2048"} 3578
llm_d_epp_request_output_tokens_bucket{fairness_id="reasoning-jobs",model_name="meta-llama/Llama-3.3-70B-Instruct",priority="3",target_model_name="meta-llama/Llama-3.3-70B-Instruct",le="4096"} 3578
llm_d_epp_request_output_tokens_bucket{fairness_id="reasoning-jobs",model_name="meta-llama/Llama-3.3-70B-Instruct",priority="3",target_model_name="meta-llama/Llama-3.3-70B-Instruct",le="8192"} 3578
llm_d_epp_request_output_tokens_bucket{fairness_id="reasoning-jobs",model_name="meta-llama/Llama-3.3-70B-Instruct",priority="3",target_model_name="meta-llama/Llama-3.3-70B-Instruct",le="+Inf"} 3578
llm_d_epp_request_output_tokens_sum{fairness_id="reasoning-jobs",model_name="meta-llama/Llama-3.3-70B-Instruct",priority="3",target_model_name="meta-llama/Llama-3.3-70B-Instruct"} 1.601182e+06
llm_d_epp_request_output_tokens_count{fairness_id="reasoning-jobs",model_name="meta-llama/Llama-3.3-70B-Instruct",priority="3",target_model_name="meta-llama/Llama-3.3-70B-Instruct"} 3578
# HELP llm_d_epp_request_processing_duration_seconds [ALPHA] EPP request processing latency distribution in seconds, from request receipt until the request body has been handled, including admission control.
# TYPE llm_d_epp_request_processing_duration_seconds histogram
llm_d_epp_request_processing_duration_seconds_bucket{le="0.0005"} 0
llm_d_epp_request_processing_duration_seconds_bucket{le="0.001"} 0
llm_d_epp_request_processing_duration_seconds_bucket{le="0.002"} 0
llm_d_epp_request_processing_duration_seconds_bucket{le="0.005"} 177
llm_d_epp_request_processing_duration_seconds_bucket{le="0.01"} 250
llm_d_epp_request_processing_duration_seconds_bucket{le="0.015"} 250
llm_d_epp_request_processing_duration_seconds_bucket{le="0.025"} 250
llm_d_epp_request_processing_duration_seconds_bucket{le="0.04"} 250
llm_d_epp_request_processing_duration_seconds_bucket{le="0.06"} 250
llm_d_epp_request_processing_duration_seconds_bucket{le="0.1"} 250
llm_d_epp_request_processing_duration_seconds_bucket{le="0.25"} 250
llm_d_epp_request_processing_duration_seconds_bucket{le="0.5"} 250
llm_d_epp_request_processing_duration_seconds_bucket{le="1"} 250
llm_d_epp_request_processing_duration_seconds_bucket{le="2.5"} 250
llm_d_epp_request_processing_duration_seconds_bucket{le="5"} 250
llm_d_epp_request_processing_duration_seconds_bucket{le="10"} 250
llm_d_epp_request_processing_duration_seconds_bucket{le="+Inf"} 250
llm_d_epp_request_processing_duration_seconds_sum 1.164043442
llm_d_epp_request_processing_duration_seconds_count 250
# HELP llm_d_epp_request_running [ALPHA] Current number of active running requests.
# TYPE llm_d_epp_request_running gauge
llm_d_epp_request_running{fairness_id="default-flow",model_name="meta-llama/Llama-3.3-70B-Instruct",priority="0",target_model_name="meta-llama/Llama-3.3-70B-Instruct"} 0
llm_d_epp_request_running{fairness_id="reasoning-jobs",model_name="meta-llama/Llama-3.3-70B-Instruct",priority="3",target_model_name="meta-llama/Llama-3.3-70B-Instruct"} 6
# HELP llm_d_epp_request_size_bytes [ALPHA] Incoming request body size distribution in bytes.
# TYPE llm_d_epp_request_size_bytes histogram
llm_d_epp_request_size_bytes_bucket{fairness_id="default-flow",model_name="meta-llama/Llama-3.3-70B-Instruct",priority="0",target_model_name="meta-llama/Llama-3.3-70B-Instruct",le="64"} 0
llm_d_epp_request_size_bytes_bucket{fairness_id="default-flow",model_name="meta-llama/Llama-3.3-70B-Instruct",priority="0",target_model_name="meta-llama/Llama-3.3-70B-Instruct",le="128"} 1
llm_d_epp_request_size_bytes_bucket{fairness_id="default-flow",model_name="meta-llama/Llama-3.3-70B-Instruct",priority="0",target_model_name="meta-llama/Llama-3.3-70B-Instruct",le="256"} 1
llm_d_epp_request_size_bytes_bucket{fairness_id="default-flow",model_name="meta-llama/Llama-3.3-70B-Instruct",priority="0",target_model_name="meta-llama/Llama-3.3-70B-Instruct",le="512"} 1
llm_d_epp_request_size_bytes_bucket{fairness_id="default-flow",model_name="meta-llama/Llama-3.3-70B-Instruct",priority="0",target_model_name="meta-llama/Llama-3.3-70B-Instruct",le="1024"} 2
llm_d_epp_request_size_bytes_bucket{fairness_id="default-flow",model_name="meta-llama/Llama-3.3-70B-Instruct",priority="0",target_model_name="meta-llama/Llama-3.3-70B-Instruct",le="2048"} 244
llm_d_epp_request_size_bytes_bucket{fairness_id="default-flow",model_name="meta-llama/Llama-3.3-70B-Instruct",priority="0",target_model_name="meta-llama/Llama-3.3-70B-Instruct",le="4096"} 244
llm_d_epp_request_size_bytes_bucket{fairness_id="default-flow",model_name="meta-llama/Llama-3.3-70B-Instruct",priority="0",target_model_name="meta-llama/Llama-3.3-70B-Instruct",le="8192"} 244
llm_d_epp_request_size_bytes_bucket{fairness_id="default-flow",model_name="meta-llama/Llama-3.3-70B-Instruct",priority="0",target_model_name="meta-llama/Llama-3.3-70B-Instruct",le="16384"} 244
llm_d_epp_request_size_bytes_bucket{fairness_id="default-flow",model_name="meta-llama/Llama-3.3-70B-Instruct",priority="0",target_model_name="meta-llama/Llama-3.3-70B-Instruct",le="32768"} 244
llm_d_epp_request_size_bytes_bucket{fairness_id="default-flow",model_name="meta-llama/Llama-3.3-70B-Instruct",priority="0",target_model_name="meta-llama/Llama-3.3-70B-Instruct",le="65536"} 244
llm_d_epp_request_size_bytes_bucket{fairness_id="default-flow",model_name="meta-llama/Llama-3.3-70B-Instruct",priority="0",target_model_name="meta-llama/Llama-3.3-70B-Instruct",le="131072"} 244
llm_d_epp_request_size_bytes_bucket{fairness_id="default-flow",model_name="meta-llama/Llama-3.3-70B-Instruct",priority="0",target_model_name="meta-llama/Llama-3.3-70B-Instruct",le="262144"} 244
llm_d_epp_request_size_bytes_bucket{fairness_id="default-flow",model_name="meta-llama/Llama-3.3-70B-Instruct",priority="0",target_model_name="meta-llama/Llama-3.3-70B-Instruct",le="524288"} 244
llm_d_epp_request_size_bytes_bucket{fairness_id="default-flow",model_name="meta-llama/Llama-3.3-70B-Instruct",priority="0",target_model_name="meta-llama/Llama-3.3-70B-Instruct",le="1.048576e+06"} 244
llm_d_epp_request_size_bytes_bucket{fairness_id="default-flow",model_name="meta-llama/Llama-3.3-70B-Instruct",priority="0",target_model_name="meta-llama/Llama-3.3-70B-Instruct",le="2.097152e+06"} 244
llm_d_epp_request_size_bytes_bucket{fairness_id="default-flow",model_name="meta-llama/Llama-3.3-70B-Instruct",priority="0",target_model_name="meta-llama/Llama-3.3-70B-Instruct",le="4.194304e+06"} 244
llm_d_epp_request_size_bytes_bucket{fairness_id="default-flow",model_name="meta-llama/Llama-3.3-70B-Instruct",priority="0",target_model_name="meta-llama/Llama-3.3-70B-Instruct",le="8.388608e+06"} 244
llm_d_epp_request_size_bytes_bucket{fairness_id="default-flow",model_name="meta-llama/Llama-3.3-70B-Instruct",priority="0",target_model_name="meta-llama/Llama-3.3-70B-Instruct",le="1.6777216e+07"} 244
llm_d_epp_request_size_bytes_bucket{fairness_id="default-flow",model_name="meta-llama/Llama-3.3-70B-Instruct",priority="0",target_model_name="meta-llama/Llama-3.3-70B-Instruct",le="3.3554432e+07"} 244
llm_d_epp_request_size_bytes_bucket{fairness_id="default-flow",model_name="meta-llama/Llama-3.3-70B-Instruct",priority="0",target_model_name="meta-llama/Llama-3.3-70B-Instruct",le="6.7108864e+07"} 244
llm_d_epp_request_size_bytes_bucket{fairness_id="default-flow",model_name="meta-llama/Llama-3.3-70B-Instruct",priority="0",target_model_name="meta-llama/Llama-3.3-70B-Instruct",le="1.34217728e+08"} 244
llm_d_epp_request_size_bytes_bucket{fairness_id="default-flow",model_name="meta-llama/Llama-3.3-70B-Instruct",priority="0",target_model_name="meta-llama/Llama-3.3-70B-Instruct",le="2.68435456e+08"} 244
llm_d_epp_request_size_bytes_bucket{fairness_id="default-flow",model_name="meta-llama/Llama-3.3-70B-Instruct",priority="0",target_model_name="meta-llama/Llama-3.3-70B-Instruct",le="5.36870912e+08"} 244
llm_d_epp_request_size_bytes_bucket{fairness_id="default-flow",model_name="meta-llama/Llama-3.3-70B-Instruct",priority="0",target_model_name="meta-llama/Llama-3.3-70B-Instruct",le="1.073741824e+09"} 244
llm_d_epp_request_size_bytes_bucket{fairness_id="default-flow",model_name="meta-llama/Llama-3.3-70B-Instruct",priority="0",target_model_name="meta-llama/Llama-3.3-70B-Instruct",le="+Inf"} 244
llm_d_epp_request_size_bytes_sum{fairness_id="default-flow",model_name="meta-llama/Llama-3.3-70B-Instruct",priority="0",target_model_name="meta-llama/Llama-3.3-70B-Instruct"} 331872
llm_d_epp_request_size_bytes_count{fairness_id="default-flow",model_name="meta-llama/Llama-3.3-70B-Instruct",priority="0",target_model_name="meta-llama/Llama-3.3-70B-Instruct"} 244
llm_d_epp_request_size_bytes_bucket{fairness_id="reasoning-jobs",model_name="meta-llama/Llama-3.3-70B-Instruct",priority="3",target_model_name="meta-llama/Llama-3.3-70B-Instruct",le="64"} 0
llm_d_epp_request_size_bytes_bucket{fairness_id="reasoning-jobs",model_name="meta-llama/Llama-3.3-70B-Instruct",priority="3",target_model_name="meta-llama/Llama-3.3-70B-Instruct",le="128"} 0
llm_d_epp_request_size_bytes_bucket{fairness_id="reasoning-jobs",model_name="meta-llama/Llama-3.3-70B-Instruct",priority="3",target_model_name="meta-llama/Llama-3.3-70B-Instruct",le="256"} 0
llm_d_epp_request_size_bytes_bucket{fairness_id="reasoning-jobs",model_name="meta-llama/Llama-3.3-70B-Instruct",priority="3",target_model_name="meta-llama/Llama-3.3-70B-Instruct",le="512"} 0
llm_d_epp_request_size_bytes_bucket{fairness_id="reasoning-jobs",model_name="meta-llama/Llama-3.3-70B-Instruct",priority="3",target_model_name="meta-llama/Llama-3.3-70B-Instruct",le="1024"} 0
llm_d_epp_request_size_bytes_bucket{fairness_id="reasoning-jobs",model_name="meta-llama/Llama-3.3-70B-Instruct",priority="3",target_model_name="meta-llama/Llama-3.3-70B-Instruct",le="2048"} 0
llm_d_epp_request_size_bytes_bucket{fairness_id="reasoning-jobs",model_name="meta-llama/Llama-3.3-70B-Instruct",priority="3",target_model_name="meta-llama/Llama-3.3-70B-Instruct",le="4096"} 3
llm_d_epp_request_size_bytes_bucket{fairness_id="reasoning-jobs",model_name="meta-llama/Llama-3.3-70B-Instruct",priority="3",target_model_name="meta-llama/Llama-3.3-70B-Instruct",le="8192"} 5
llm_d_epp_request_size_bytes_bucket{fairness_id="reasoning-jobs",model_name="meta-llama/Llama-3.3-70B-Instruct",priority="3",target_model_name="meta-llama/Llama-3.3-70B-Instruct",le="16384"} 6
llm_d_epp_request_size_bytes_bucket{fairness_id="reasoning-jobs",model_name="meta-llama/Llama-3.3-70B-Instruct",priority="3",target_model_name="meta-llama/Llama-3.3-70B-Instruct",le="32768"} 6
llm_d_epp_request_size_bytes_bucket{fairness_id="reasoning-jobs",model_name="meta-llama/Llama-3.3-70B-Instruct",priority="3",target_model_name="meta-llama/Llama-3.3-70B-Instruct",le="65536"} 6
llm_d_epp_request_size_bytes_bucket{fairness_id="reasoning-jobs",model_name="meta-llama/Llama-3.3-70B-Instruct",priority="3",target_model_name="meta-llama/Llama-3.3-70B-Instruct",le="131072"} 6
llm_d_epp_request_size_bytes_bucket{fairness_id="reasoning-jobs",model_name="meta-llama/Llama-3.3-70B-Instruct",priority="3",target_model_name="meta-llama/Llama-3.3-70B-Instruct",le="262144"} 6
llm_d_epp_request_size_bytes_bucket{fairness_id="reasoning-jobs",model_name="meta-llama/Llama-3.3-70B-Instruct",priority="3",target_model_name="meta-llama/Llama-3.3-70B-Instruct",le="524288"} 6
llm_d_epp_request_size_bytes_bucket{fairness_id="reasoning-jobs",model_name="meta-llama/Llama-3.3-70B-Instruct",priority="3",target_model_name="meta-llama/Llama-3.3-70B-Instruct",le="1.048576e+06"} 6
llm_d_epp_request_size_bytes_bucket{fairness_id="reasoning-jobs",model_name="meta-llama/Llama-3.3-70B-Instruct",priority="3",target_model_name="meta-llama/Llama-3.3-70B-Instruct",le="2.097152e+06"} 6
llm_d_epp_request_size_bytes_bucket{fairness_id="reasoning-jobs",model_name="meta-llama/Llama-3.3-70B-Instruct",priority="3",target_model_name="meta-llama/Llama-3.3-70B-Instruct",le="4.194304e+06"} 6
llm_d_epp_request_size_bytes_bucket{fairness_id="reasoning-jobs",model_name="meta-llama/Llama-3.3-70B-Instruct",priority="3",target_model_name="meta-llama/Llama-3.3-70B-Instruct",le="8.388608e+06"} 6
llm_d_epp_request_size_bytes_bucket{fairness_id="reasoning-jobs",model_name="meta-llama/Llama-3.3-70B-Instruct",priority="3",target_model_name="meta-llama/Llama-3.3-70B-Instruct",le="1.6777216e+07"} 6
llm_d_epp_request_size_bytes_bucket{fairness_id="reasoning-jobs",model_name="meta-llama/Llama-3.3-70B-Instruct",priority="3",target_model_name="meta-llama/Llama-3.3-70B-Instruct",le="3.3554432e+07"} 6
llm_d_epp_request_size_bytes_bucket{fairness_id="reasoning-jobs",model_name="meta-llama/Llama-3.3-70B-Instruct",priority="3",target_model_name="meta-llama/Llama-3.3-70B-Instruct",le="6.7108864e+07"} 6
llm_d_epp_request_size_bytes_bucket{fairness_id="reasoning-jobs",model_name="meta-llama/Llama-3.3-70B-Instruct",priority="3",target_model_name="meta-llama/Llama-3.3-70B-Instruct",le="1.34217728e+08"} 6
llm_d_epp_request_size_bytes_bucket{fairness_id="reasoning-jobs",model_name="meta-llama/Llama-3.3-70B-Instruct",priority="3",target_model_name="meta-llama/Llama-3.3-70B-Instruct",le="2.68435456e+08"} 6
llm_d_epp_request_size_bytes_bucket{fairness_id="reasoning-jobs",model_name="meta-llama/Llama-3.3-70B-Instruct",priority="3",target_model_name="meta-llama/Llama-3.3-70B-Instruct",le="5.36870912e+08"} 6
llm_d_epp_request_size_bytes_bucket{fairness_id="reasoning-jobs",model_name="meta-llama/Llama-3.3-70B-Instruct",priority="3",target_model_name="meta-llama/Llama-3.3-70B-Instruct",le="1.073741824e+09"} 6
llm_d_epp_request_size_bytes_bucket{fairness_id="reasoning-jobs",model_name="meta-llama/Llama-3.3-70B-Instruct",priority="3",target_model_name="meta-llama/Llama-3.3-70B-Instruct",le="+Inf"} 6
llm_d_epp_request_size_bytes_sum{fairness_id="reasoning-jobs",model_name="meta-llama/Llama-3.3-70B-Instruct",priority="3",target_model_name="meta-llama/Llama-3.3-70B-Instruct"} 34101
llm_d_epp_request_size_bytes_count{fairness_id="reasoning-jobs",model_name="meta-llama/Llama-3.3-70B-Instruct",priority="3",target_model_name="meta-llama/Llama-3.3-70B-Instruct"} 6
# HELP llm_d_epp_request_streaming_itl_seconds [ALPHA] Inter-token latency in seconds for streaming requests, measured as the time between consecutive response body chunks.
# TYPE llm_d_epp_request_streaming_itl_seconds histogram
llm_d_epp_request_streaming_itl_seconds_bucket{fairness_id="reasoning-jobs",model_name="meta-llama/Llama-3.3-70B-Instruct",priority="3",target_model_name="meta-llama/Llama-3.3-70B-Instruct",le="0.001"} 0
llm_d_epp_request_streaming_itl_seconds_bucket{fairness_id="reasoning-jobs",model_name="meta-llama/Llama-3.3-70B-Instruct",priority="3",target_model_name="meta-llama/Llama-3.3-70B-Instruct",le="0.005"} 0
llm_d_epp_request_streaming_itl_seconds_bucket{fairness_id="reasoning-jobs",model_name="meta-llama/Llama-3.3-70B-Instruct",priority="3",target_model_name="meta-llama/Llama-3.3-70B-Instruct",le="0.01"} 1
llm_d_epp_request_streaming_itl_seconds_bucket{fairness_id="reasoning-jobs",model_name="meta-llama/Llama-3.3-70B-Instruct",priority="3",target_model_name="meta-llama/Llama-3.3-70B-Instruct",le="0.02"} 3562
llm_d_epp_request_streaming_itl_seconds_bucket{fairness_id="reasoning-jobs",model_name="meta-llama/Llama-3.3-70B-Instruct",priority="3",target_model_name="meta-llama/Llama-3.3-70B-Instruct",le="0.04"} 3572
llm_d_epp_request_streaming_itl_seconds_bucket{fairness_id="reasoning-jobs",model_name="meta-llama/Llama-3.3-70B-Instruct",priority="3",target_model_name="meta-llama/Llama-3.3-70B-Instruct",le="0.06"} 3572
llm_d_epp_request_streaming_itl_seconds_bucket{fairness_id="reasoning-jobs",model_name="meta-llama/Llama-3.3-70B-Instruct",priority="3",target_model_name="meta-llama/Llama-3.3-70B-Instruct",le="0.08"} 3572
llm_d_epp_request_streaming_itl_seconds_bucket{fairness_id="reasoning-jobs",model_name="meta-llama/Llama-3.3-70B-Instruct",priority="3",target_model_name="meta-llama/Llama-3.3-70B-Instruct",le="0.1"} 3572
llm_d_epp_request_streaming_itl_seconds_bucket{fairness_id="reasoning-jobs",model_name="meta-llama/Llama-3.3-70B-Instruct",priority="3",target_model_name="meta-llama/Llama-3.3-70B-Instruct",le="0.15"} 3572
llm_d_epp_request_streaming_itl_seconds_bucket{fairness_id="reasoning-jobs",model_name="meta-llama/Llama-3.3-70B-Instruct",priority="3",target_model_name="meta-llama/Llama-3.3-70B-Instruct",le="0.2"} 3572
llm_d_epp_request_streaming_itl_seconds_bucket{fairness_id="reasoning-jobs",model_name="meta-llama/Llama-3.3-70B-Instruct",priority="3",target_model_name="meta-llama/Llama-3.3-70B-Instruct",le="0.3"} 3572
llm_d_epp_request_streaming_itl_seconds_bucket{fairness_id="reasoning-jobs",model_name="meta-llama/Llama-3.3-70B-Instruct",priority="3",target_model_name="meta-llama/Llama-3.3-70B-Instruct",le="0.5"} 3572
llm_d_epp_request_streaming_itl_seconds_bucket{fairness_id="reasoning-jobs",model_name="meta-llama/Llama-3.3-70B-Instruct",priority="3",target_model_name="meta-llama/Llama-3.3-70B-Instruct",le="0.75"} 3572
llm_d_epp_request_streaming_itl_seconds_bucket{fairness_id="reasoning-jobs",model_name="meta-llama/Llama-3.3-70B-Instruct",priority="3",target_model_name="meta-llama/Llama-3.3-70B-Instruct",le="1"} 3572
llm_d_epp_request_streaming_itl_seconds_bucket{fairness_id="reasoning-jobs",model_name="meta-llama/Llama-3.3-70B-Instruct",priority="3",target_model_name="meta-llama/Llama-3.3-70B-Instruct",le="2"} 3572
llm_d_epp_request_streaming_itl_seconds_bucket{fairness_id="reasoning-jobs",model_name="meta-llama/Llama-3.3-70B-Instruct",priority="3",target_model_name="meta-llama/Llama-3.3-70B-Instruct",le="+Inf"} 3572
llm_d_epp_request_streaming_itl_seconds_sum{fairness_id="reasoning-jobs",model_name="meta-llama/Llama-3.3-70B-Instruct",priority="3",target_model_name="meta-llama/Llama-3.3-70B-Instruct"} 55.128638816000056
llm_d_epp_request_streaming_itl_seconds_count{fairness_id="reasoning-jobs",model_name="meta-llama/Llama-3.3-70B-Instruct",priority="3",target_model_name="meta-llama/Llama-3.3-70B-Instruct"} 3572
# HELP llm_d_epp_request_total [ALPHA] Total number of processed requests.
# TYPE llm_d_epp_request_total counter
llm_d_epp_request_total{fairness_id="default-flow",model_name="meta-llama/Llama-3.3-70B-Instruct",priority="0",target_model_name="meta-llama/Llama-3.3-70B-Instruct"} 244
llm_d_epp_request_total{fairness_id="reasoning-jobs",model_name="meta-llama/Llama-3.3-70B-Instruct",priority="3",target_model_name="meta-llama/Llama-3.3-70B-Instruct"} 6
# HELP llm_d_epp_request_ttft_seconds [ALPHA] Time to first token in seconds, measured from request received to first response byte. For non-streaming requests, this equals total request duration.
# TYPE llm_d_epp_request_ttft_seconds histogram
llm_d_epp_request_ttft_seconds_bucket{fairness_id="default-flow",model_name="",priority="0",streaming="false",target_model_name="",le="0.005"} 2
llm_d_epp_request_ttft_seconds_bucket{fairness_id="default-flow",model_name="",priority="0",streaming="false",target_model_name="",le="0.025"} 2
llm_d_epp_request_ttft_seconds_bucket{fairness_id="default-flow",model_name="",priority="0",streaming="false",target_model_name="",le="0.05"} 2
llm_d_epp_request_ttft_seconds_bucket{fairness_id="default-flow",model_name="",priority="0",streaming="false",target_model_name="",le="0.1"} 2
llm_d_epp_request_ttft_seconds_bucket{fairness_id="default-flow",model_name="",priority="0",streaming="false",target_model_name="",le="0.2"} 2
llm_d_epp_request_ttft_seconds_bucket{fairness_id="default-flow",model_name="",priority="0",streaming="false",target_model_name="",le="0.4"} 2
llm_d_epp_request_ttft_seconds_bucket{fairness_id="default-flow",model_name="",priority="0",streaming="false",target_model_name="",le="0.6"} 2
llm_d_epp_request_ttft_seconds_bucket{fairness_id="default-flow",model_name="",priority="0",streaming="false",target_model_name="",le="0.8"} 2
llm_d_epp_request_ttft_seconds_bucket{fairness_id="default-flow",model_name="",priority="0",streaming="false",target_model_name="",le="1"} 2
llm_d_epp_request_ttft_seconds_bucket{fairness_id="default-flow",model_name="",priority="0",streaming="false",target_model_name="",le="1.25"} 2
llm_d_epp_request_ttft_seconds_bucket{fairness_id="default-flow",model_name="",priority="0",streaming="false",target_model_name="",le="1.5"} 2
llm_d_epp_request_ttft_seconds_bucket{fairness_id="default-flow",model_name="",priority="0",streaming="false",target_model_name="",le="2"} 2
llm_d_epp_request_ttft_seconds_bucket{fairness_id="default-flow",model_name="",priority="0",streaming="false",target_model_name="",le="3"} 2
llm_d_epp_request_ttft_seconds_bucket{fairness_id="default-flow",model_name="",priority="0",streaming="false",target_model_name="",le="4"} 2
llm_d_epp_request_ttft_seconds_bucket{fairness_id="default-flow",model_name="",priority="0",streaming="false",target_model_name="",le="5"} 2
llm_d_epp_request_ttft_seconds_bucket{fairness_id="default-flow",model_name="",priority="0",streaming="false",target_model_name="",le="6"} 2
llm_d_epp_request_ttft_seconds_bucket{fairness_id="default-flow",model_name="",priority="0",streaming="false",target_model_name="",le="8"} 2
llm_d_epp_request_ttft_seconds_bucket{fairness_id="default-flow",model_name="",priority="0",streaming="false",target_model_name="",le="10"} 2
llm_d_epp_request_ttft_seconds_bucket{fairness_id="default-flow",model_name="",priority="0",streaming="false",target_model_name="",le="15"} 2
llm_d_epp_request_ttft_seconds_bucket{fairness_id="default-flow",model_name="",priority="0",streaming="false",target_model_name="",le="20"} 2
llm_d_epp_request_ttft_seconds_bucket{fairness_id="default-flow",model_name="",priority="0",streaming="false",target_model_name="",le="30"} 2
llm_d_epp_request_ttft_seconds_bucket{fairness_id="default-flow",model_name="",priority="0",streaming="false",target_model_name="",le="45"} 2
llm_d_epp_request_ttft_seconds_bucket{fairness_id="default-flow",model_name="",priority="0",streaming="false",target_model_name="",le="60"} 2
llm_d_epp_request_ttft_seconds_bucket{fairness_id="default-flow",model_name="",priority="0",streaming="false",target_model_name="",le="120"} 2
llm_d_epp_request_ttft_seconds_bucket{fairness_id="default-flow",model_name="",priority="0",streaming="false",target_model_name="",le="+Inf"} 2
llm_d_epp_request_ttft_seconds_sum{fairness_id="default-flow",model_name="",priority="0",streaming="false",target_model_name=""} 0.005435707
llm_d_epp_request_ttft_seconds_count{fairness_id="default-flow",model_name="",priority="0",streaming="false",target_model_name=""} 2
llm_d_epp_request_ttft_seconds_bucket{fairness_id="default-flow",model_name="meta-llama/Llama-3.3-70B-Instruct",priority="0",streaming="false",target_model_name="meta-llama/Llama-3.3-70B-Instruct",le="0.005"} 0
llm_d_epp_request_ttft_seconds_bucket{fairness_id="default-flow",model_name="meta-llama/Llama-3.3-70B-Instruct",priority="0",streaming="false",target_model_name="meta-llama/Llama-3.3-70B-Instruct",le="0.025"} 0
llm_d_epp_request_ttft_seconds_bucket{fairness_id="default-flow",model_name="meta-llama/Llama-3.3-70B-Instruct",priority="0",streaming="false",target_model_name="meta-llama/Llama-3.3-70B-Instruct",le="0.05"} 1
llm_d_epp_request_ttft_seconds_bucket{fairness_id="default-flow",model_name="meta-llama/Llama-3.3-70B-Instruct",priority="0",streaming="false",target_model_name="meta-llama/Llama-3.3-70B-Instruct",le="0.1"} 1
llm_d_epp_request_ttft_seconds_bucket{fairness_id="default-flow",model_name="meta-llama/Llama-3.3-70B-Instruct",priority="0",streaming="false",target_model_name="meta-llama/Llama-3.3-70B-Instruct",le="0.2"} 2
llm_d_epp_request_ttft_seconds_bucket{fairness_id="default-flow",model_name="meta-llama/Llama-3.3-70B-Instruct",priority="0",streaming="false",target_model_name="meta-llama/Llama-3.3-70B-Instruct",le="0.4"} 2
llm_d_epp_request_ttft_seconds_bucket{fairness_id="default-flow",model_name="meta-llama/Llama-3.3-70B-Instruct",priority="0",streaming="false",target_model_name="meta-llama/Llama-3.3-70B-Instruct",le="0.6"} 2
llm_d_epp_request_ttft_seconds_bucket{fairness_id="default-flow",model_name="meta-llama/Llama-3.3-70B-Instruct",priority="0",streaming="false",target_model_name="meta-llama/Llama-3.3-70B-Instruct",le="0.8"} 2
llm_d_epp_request_ttft_seconds_bucket{fairness_id="default-flow",model_name="meta-llama/Llama-3.3-70B-Instruct",priority="0",streaming="false",target_model_name="meta-llama/Llama-3.3-70B-Instruct",le="1"} 210
llm_d_epp_request_ttft_seconds_bucket{fairness_id="default-flow",model_name="meta-llama/Llama-3.3-70B-Instruct",priority="0",streaming="false",target_model_name="meta-llama/Llama-3.3-70B-Instruct",le="1.25"} 244
llm_d_epp_request_ttft_seconds_bucket{fairness_id="default-flow",model_name="meta-llama/Llama-3.3-70B-Instruct",priority="0",streaming="false",target_model_name="meta-llama/Llama-3.3-70B-Instruct",le="1.5"} 244
llm_d_epp_request_ttft_seconds_bucket{fairness_id="default-flow",model_name="meta-llama/Llama-3.3-70B-Instruct",priority="0",streaming="false",target_model_name="meta-llama/Llama-3.3-70B-Instruct",le="2"} 244
llm_d_epp_request_ttft_seconds_bucket{fairness_id="default-flow",model_name="meta-llama/Llama-3.3-70B-Instruct",priority="0",streaming="false",target_model_name="meta-llama/Llama-3.3-70B-Instruct",le="3"} 244
llm_d_epp_request_ttft_seconds_bucket{fairness_id="default-flow",model_name="meta-llama/Llama-3.3-70B-Instruct",priority="0",streaming="false",target_model_name="meta-llama/Llama-3.3-70B-Instruct",le="4"} 244
llm_d_epp_request_ttft_seconds_bucket{fairness_id="default-flow",model_name="meta-llama/Llama-3.3-70B-Instruct",priority="0",streaming="false",target_model_name="meta-llama/Llama-3.3-70B-Instruct",le="5"} 244
llm_d_epp_request_ttft_seconds_bucket{fairness_id="default-flow",model_name="meta-llama/Llama-3.3-70B-Instruct",priority="0",streaming="false",target_model_name="meta-llama/Llama-3.3-70B-Instruct",le="6"} 244
llm_d_epp_request_ttft_seconds_bucket{fairness_id="default-flow",model_name="meta-llama/Llama-3.3-70B-Instruct",priority="0",streaming="false",target_model_name="meta-llama/Llama-3.3-70B-Instruct",le="8"} 244
llm_d_epp_request_ttft_seconds_bucket{fairness_id="default-flow",model_name="meta-llama/Llama-3.3-70B-Instruct",priority="0",streaming="false",target_model_name="meta-llama/Llama-3.3-70B-Instruct",le="10"} 244
llm_d_epp_request_ttft_seconds_bucket{fairness_id="default-flow",model_name="meta-llama/Llama-3.3-70B-Instruct",priority="0",streaming="false",target_model_name="meta-llama/Llama-3.3-70B-Instruct",le="15"} 244
llm_d_epp_request_ttft_seconds_bucket{fairness_id="default-flow",model_name="meta-llama/Llama-3.3-70B-Instruct",priority="0",streaming="false",target_model_name="meta-llama/Llama-3.3-70B-Instruct",le="20"} 244
llm_d_epp_request_ttft_seconds_bucket{fairness_id="default-flow",model_name="meta-llama/Llama-3.3-70B-Instruct",priority="0",streaming="false",target_model_name="meta-llama/Llama-3.3-70B-Instruct",le="30"} 244
llm_d_epp_request_ttft_seconds_bucket{fairness_id="default-flow",model_name="meta-llama/Llama-3.3-70B-Instruct",priority="0",streaming="false",target_model_name="meta-llama/Llama-3.3-70B-Instruct",le="45"} 244
llm_d_epp_request_ttft_seconds_bucket{fairness_id="default-flow",model_name="meta-llama/Llama-3.3-70B-Instruct",priority="0",streaming="false",target_model_name="meta-llama/Llama-3.3-70B-Instruct",le="60"} 244
llm_d_epp_request_ttft_seconds_bucket{fairness_id="default-flow",model_name="meta-llama/Llama-3.3-70B-Instruct",priority="0",streaming="false",target_model_name="meta-llama/Llama-3.3-70B-Instruct",le="120"} 244
llm_d_epp_request_ttft_seconds_bucket{fairness_id="default-flow",model_name="meta-llama/Llama-3.3-70B-Instruct",priority="0",streaming="false",target_model_name="meta-llama/Llama-3.3-70B-Instruct",le="+Inf"} 244
llm_d_epp_request_ttft_seconds_sum{fairness_id="default-flow",model_name="meta-llama/Llama-3.3-70B-Instruct",priority="0",streaming="false",target_model_name="meta-llama/Llama-3.3-70B-Instruct"} 241.9214108319999
llm_d_epp_request_ttft_seconds_count{fairness_id="default-flow",model_name="meta-llama/Llama-3.3-70B-Instruct",priority="0",streaming="false",target_model_name="meta-llama/Llama-3.3-70B-Instruct"} 244
# HELP llm_d_epp_response_processing_duration_seconds [ALPHA] EPP response processing latency distribution in seconds: the sum of per-chunk handler time for a streamed response, or the interval from response headers to completion for a non-streaming response.
# TYPE llm_d_epp_response_processing_duration_seconds histogram
llm_d_epp_response_processing_duration_seconds_bucket{le="0.0001"} 48
llm_d_epp_response_processing_duration_seconds_bucket{le="0.00025"} 246
llm_d_epp_response_processing_duration_seconds_bucket{le="0.0005"} 247
llm_d_epp_response_processing_duration_seconds_bucket{le="0.001"} 247
llm_d_epp_response_processing_duration_seconds_bucket{le="0.0025"} 247
llm_d_epp_response_processing_duration_seconds_bucket{le="0.005"} 247
llm_d_epp_response_processing_duration_seconds_bucket{le="0.01"} 247
llm_d_epp_response_processing_duration_seconds_bucket{le="0.025"} 247
llm_d_epp_response_processing_duration_seconds_bucket{le="0.05"} 247
llm_d_epp_response_processing_duration_seconds_bucket{le="0.1"} 247
llm_d_epp_response_processing_duration_seconds_bucket{le="0.25"} 247
llm_d_epp_response_processing_duration_seconds_bucket{le="0.5"} 247
llm_d_epp_response_processing_duration_seconds_bucket{le="1"} 247
llm_d_epp_response_processing_duration_seconds_bucket{le="2.5"} 247
llm_d_epp_response_processing_duration_seconds_bucket{le="5"} 247
llm_d_epp_response_processing_duration_seconds_bucket{le="+Inf"} 247
llm_d_epp_response_processing_duration_seconds_sum 0.032597994
llm_d_epp_response_processing_duration_seconds_count 247
# HELP llm_d_epp_response_size_bytes [ALPHA] Outgoing response body size distribution in bytes.
# TYPE llm_d_epp_response_size_bytes histogram
llm_d_epp_response_size_bytes_bucket{fairness_id="default-flow",model_name="",priority="0",target_model_name="",le="1"} 0
llm_d_epp_response_size_bytes_bucket{fairness_id="default-flow",model_name="",priority="0",target_model_name="",le="8"} 0
llm_d_epp_response_size_bytes_bucket{fairness_id="default-flow",model_name="",priority="0",target_model_name="",le="16"} 0
llm_d_epp_response_size_bytes_bucket{fairness_id="default-flow",model_name="",priority="0",target_model_name="",le="32"} 0
llm_d_epp_response_size_bytes_bucket{fairness_id="default-flow",model_name="",priority="0",target_model_name="",le="64"} 0
llm_d_epp_response_size_bytes_bucket{fairness_id="default-flow",model_name="",priority="0",target_model_name="",le="128"} 0
llm_d_epp_response_size_bytes_bucket{fairness_id="default-flow",model_name="",priority="0",target_model_name="",le="256"} 0
llm_d_epp_response_size_bytes_bucket{fairness_id="default-flow",model_name="",priority="0",target_model_name="",le="512"} 0
llm_d_epp_response_size_bytes_bucket{fairness_id="default-flow",model_name="",priority="0",target_model_name="",le="1024"} 2
llm_d_epp_response_size_bytes_bucket{fairness_id="default-flow",model_name="",priority="0",target_model_name="",le="2048"} 2
llm_d_epp_response_size_bytes_bucket{fairness_id="default-flow",model_name="",priority="0",target_model_name="",le="4096"} 2
llm_d_epp_response_size_bytes_bucket{fairness_id="default-flow",model_name="",priority="0",target_model_name="",le="8192"} 2
llm_d_epp_response_size_bytes_bucket{fairness_id="default-flow",model_name="",priority="0",target_model_name="",le="16384"} 2
llm_d_epp_response_size_bytes_bucket{fairness_id="default-flow",model_name="",priority="0",target_model_name="",le="32778"} 2
llm_d_epp_response_size_bytes_bucket{fairness_id="default-flow",model_name="",priority="0",target_model_name="",le="65536"} 2
llm_d_epp_response_size_bytes_bucket{fairness_id="default-flow",model_name="",priority="0",target_model_name="",le="+Inf"} 2
llm_d_epp_response_size_bytes_sum{fairness_id="default-flow",model_name="",priority="0",target_model_name=""} 1044
llm_d_epp_response_size_bytes_count{fairness_id="default-flow",model_name="",priority="0",target_model_name=""} 2
llm_d_epp_response_size_bytes_bucket{fairness_id="default-flow",model_name="meta-llama/Llama-3.3-70B-Instruct",priority="0",target_model_name="meta-llama/Llama-3.3-70B-Instruct",le="1"} 0
llm_d_epp_response_size_bytes_bucket{fairness_id="default-flow",model_name="meta-llama/Llama-3.3-70B-Instruct",priority="0",target_model_name="meta-llama/Llama-3.3-70B-Instruct",le="8"} 0
llm_d_epp_response_size_bytes_bucket{fairness_id="default-flow",model_name="meta-llama/Llama-3.3-70B-Instruct",priority="0",target_model_name="meta-llama/Llama-3.3-70B-Instruct",le="16"} 0
llm_d_epp_response_size_bytes_bucket{fairness_id="default-flow",model_name="meta-llama/Llama-3.3-70B-Instruct",priority="0",target_model_name="meta-llama/Llama-3.3-70B-Instruct",le="32"} 0
llm_d_epp_response_size_bytes_bucket{fairness_id="default-flow",model_name="meta-llama/Llama-3.3-70B-Instruct",priority="0",target_model_name="meta-llama/Llama-3.3-70B-Instruct",le="64"} 0
llm_d_epp_response_size_bytes_bucket{fairness_id="default-flow",model_name="meta-llama/Llama-3.3-70B-Instruct",priority="0",target_model_name="meta-llama/Llama-3.3-70B-Instruct",le="128"} 0
llm_d_epp_response_size_bytes_bucket{fairness_id="default-flow",model_name="meta-llama/Llama-3.3-70B-Instruct",priority="0",target_model_name="meta-llama/Llama-3.3-70B-Instruct",le="256"} 0
llm_d_epp_response_size_bytes_bucket{fairness_id="default-flow",model_name="meta-llama/Llama-3.3-70B-Instruct",priority="0",target_model_name="meta-llama/Llama-3.3-70B-Instruct",le="512"} 0
llm_d_epp_response_size_bytes_bucket{fairness_id="default-flow",model_name="meta-llama/Llama-3.3-70B-Instruct",priority="0",target_model_name="meta-llama/Llama-3.3-70B-Instruct",le="1024"} 244
llm_d_epp_response_size_bytes_bucket{fairness_id="default-flow",model_name="meta-llama/Llama-3.3-70B-Instruct",priority="0",target_model_name="meta-llama/Llama-3.3-70B-Instruct",le="2048"} 244
llm_d_epp_response_size_bytes_bucket{fairness_id="default-flow",model_name="meta-llama/Llama-3.3-70B-Instruct",priority="0",target_model_name="meta-llama/Llama-3.3-70B-Instruct",le="4096"} 244
llm_d_epp_response_size_bytes_bucket{fairness_id="default-flow",model_name="meta-llama/Llama-3.3-70B-Instruct",priority="0",target_model_name="meta-llama/Llama-3.3-70B-Instruct",le="8192"} 244
llm_d_epp_response_size_bytes_bucket{fairness_id="default-flow",model_name="meta-llama/Llama-3.3-70B-Instruct",priority="0",target_model_name="meta-llama/Llama-3.3-70B-Instruct",le="16384"} 244
llm_d_epp_response_size_bytes_bucket{fairness_id="default-flow",model_name="meta-llama/Llama-3.3-70B-Instruct",priority="0",target_model_name="meta-llama/Llama-3.3-70B-Instruct",le="32778"} 244
llm_d_epp_response_size_bytes_bucket{fairness_id="default-flow",model_name="meta-llama/Llama-3.3-70B-Instruct",priority="0",target_model_name="meta-llama/Llama-3.3-70B-Instruct",le="65536"} 244
llm_d_epp_response_size_bytes_bucket{fairness_id="default-flow",model_name="meta-llama/Llama-3.3-70B-Instruct",priority="0",target_model_name="meta-llama/Llama-3.3-70B-Instruct",le="+Inf"} 244
llm_d_epp_response_size_bytes_sum{fairness_id="default-flow",model_name="meta-llama/Llama-3.3-70B-Instruct",priority="0",target_model_name="meta-llama/Llama-3.3-70B-Instruct"} 207612
llm_d_epp_response_size_bytes_count{fairness_id="default-flow",model_name="meta-llama/Llama-3.3-70B-Instruct",priority="0",target_model_name="meta-llama/Llama-3.3-70B-Instruct"} 244
# HELP llm_d_epp_scheduler_attempts_total [ALPHA] Total number of scheduling attempts.
# TYPE llm_d_epp_scheduler_attempts_total counter
llm_d_epp_scheduler_attempts_total{endpoint_name="meta-lla-888e33f1-instruct-decode-558d9f5fd4-8wldl",namespace="kalantar-0",port="8000",status="success",target_model_name="meta-llama/Llama-3.3-70B-Instruct"} 124
llm_d_epp_scheduler_attempts_total{endpoint_name="meta-lla-888e33f1-instruct-decode-558d9f5fd4-w7brb",namespace="kalantar-0",port="8000",status="success",target_model_name="meta-llama/Llama-3.3-70B-Instruct"} 126
# HELP llm_d_epp_scheduler_e2e_duration_seconds [ALPHA] End-to-end scheduling latency distribution in seconds.
# TYPE llm_d_epp_scheduler_e2e_duration_seconds histogram
llm_d_epp_scheduler_e2e_duration_seconds_bucket{le="0.0001"} 0
llm_d_epp_scheduler_e2e_duration_seconds_bucket{le="0.0002"} 2
llm_d_epp_scheduler_e2e_duration_seconds_bucket{le="0.0005"} 239
llm_d_epp_scheduler_e2e_duration_seconds_bucket{le="0.001"} 247
llm_d_epp_scheduler_e2e_duration_seconds_bucket{le="0.002"} 250
llm_d_epp_scheduler_e2e_duration_seconds_bucket{le="0.005"} 250
llm_d_epp_scheduler_e2e_duration_seconds_bucket{le="0.01"} 250
llm_d_epp_scheduler_e2e_duration_seconds_bucket{le="0.02"} 250
llm_d_epp_scheduler_e2e_duration_seconds_bucket{le="0.05"} 250
llm_d_epp_scheduler_e2e_duration_seconds_bucket{le="0.1"} 250
llm_d_epp_scheduler_e2e_duration_seconds_bucket{le="+Inf"} 250
llm_d_epp_scheduler_e2e_duration_seconds_sum 0.07559243100000002
llm_d_epp_scheduler_e2e_duration_seconds_count 250
# HELP llm_d_epp_std_dev_kv_cache_utilization [ALPHA] The standard deviation kv cache utilization for an inference server pool.
# TYPE llm_d_epp_std_dev_kv_cache_utilization gauge
llm_d_epp_std_dev_kv_cache_utilization{name="meta-lla-888e33f1-instruct-router"} 0.01
# HELP llm_d_epp_std_dev_queue_size [ALPHA] The standard deviation number of requests pending in the model server queue.
# TYPE llm_d_epp_std_dev_queue_size gauge
llm_d_epp_std_dev_queue_size{name="meta-lla-888e33f1-instruct-router"} 0
# HELP llm_d_epp_std_dev_running_requests [ALPHA] The standard deviation number of running requests across model servers in the pool.
# TYPE llm_d_epp_std_dev_running_requests gauge
llm_d_epp_std_dev_running_requests{name="meta-lla-888e33f1-instruct-router"} 1.53
# HELP llm_d_inference_scheduler_disagg_decision_total [ALPHA] [Deprecated: Use llm_d_epp_disagg_decision_total] Total number of disaggregation routing decisions made
# TYPE llm_d_inference_scheduler_disagg_decision_total counter
llm_d_inference_scheduler_disagg_decision_total{decision_type="decode-only",model_name="meta-llama/Llama-3.3-70B-Instruct"} 245
llm_d_inference_scheduler_disagg_decision_total{decision_type="prefill-decode",model_name="meta-llama/Llama-3.3-70B-Instruct"} 5
# HELP process_cpu_seconds_total Total user and system CPU time spent in seconds.
# TYPE process_cpu_seconds_total counter
process_cpu_seconds_total 61.83
# HELP process_max_fds Maximum number of open file descriptors.
# TYPE process_max_fds gauge
process_max_fds 1.048576e+06
# HELP process_network_receive_bytes_total Number of bytes received by the process over the network.
# TYPE process_network_receive_bytes_total counter
process_network_receive_bytes_total 9.30571756e+08
# HELP process_network_transmit_bytes_total Number of bytes sent by the process over the network.
# TYPE process_network_transmit_bytes_total counter
process_network_transmit_bytes_total 1.4932114e+07
# HELP process_open_fds Number of open file descriptors.
# TYPE process_open_fds gauge
process_open_fds 23
# HELP process_resident_memory_bytes Resident memory size in bytes.
# TYPE process_resident_memory_bytes gauge
process_resident_memory_bytes 5.3805056e+07
# HELP process_start_time_seconds Start time of the process since unix epoch in seconds.
# TYPE process_start_time_seconds gauge
process_start_time_seconds 1.788923684e+09
# HELP process_virtual_memory_bytes Virtual memory size in bytes.
# TYPE process_virtual_memory_bytes gauge
process_virtual_memory_bytes 1.4513152e+09
# HELP process_virtual_memory_max_bytes Maximum amount of virtual memory available in bytes.
# TYPE process_virtual_memory_max_bytes gauge
process_virtual_memory_max_bytes 1.8446744073709552e+19
# HELP rest_client_requests_total Number of HTTP requests, partitioned by status code, method, and host.
# TYPE rest_client_requests_total counter
rest_client_requests_total{code="200",host="172.30.0.1:443",method="GET"} 10
rest_client_requests_total{code="201",host="172.30.0.1:443",method="POST"} 3
# HELP workqueue_adds_total Total number of adds handled by workqueue
# TYPE workqueue_adds_total counter
workqueue_adds_total{controller="inferencemodelrewrite",name="inferencemodelrewrite"} 0
workqueue_adds_total{controller="inferenceobjective",name="inferenceobjective"} 1
workqueue_adds_total{controller="inferencepool",name="inferencepool"} 1
workqueue_adds_total{controller="pod",name="pod"} 7
# HELP workqueue_depth Current depth of workqueue by workqueue and priority
# TYPE workqueue_depth gauge
workqueue_depth{controller="inferenceobjective",name="inferenceobjective",priority="-100"} 0
workqueue_depth{controller="inferencepool",name="inferencepool",priority="-100"} 0
workqueue_depth{controller="pod",name="pod",priority="-100"} 0
workqueue_depth{controller="pod",name="pod",priority="0"} 0
# HELP workqueue_longest_running_processor_seconds How many seconds has the longest running processor for workqueue been running.
# TYPE workqueue_longest_running_processor_seconds gauge
workqueue_longest_running_processor_seconds{controller="inferencemodelrewrite",name="inferencemodelrewrite"} 0
workqueue_longest_running_processor_seconds{controller="inferenceobjective",name="inferenceobjective"} 0
workqueue_longest_running_processor_seconds{controller="inferencepool",name="inferencepool"} 0
workqueue_longest_running_processor_seconds{controller="pod",name="pod"} 0
# HELP workqueue_queue_duration_seconds How long in seconds an item stays in workqueue before being requested
# TYPE workqueue_queue_duration_seconds histogram
workqueue_queue_duration_seconds_bucket{controller="inferencemodelrewrite",name="inferencemodelrewrite",le="1e-08"} 0
workqueue_queue_duration_seconds_bucket{controller="inferencemodelrewrite",name="inferencemodelrewrite",le="1e-07"} 0
workqueue_queue_duration_seconds_bucket{controller="inferencemodelrewrite",name="inferencemodelrewrite",le="1e-06"} 0
workqueue_queue_duration_seconds_bucket{controller="inferencemodelrewrite",name="inferencemodelrewrite",le="9.999999999999999e-06"} 0
workqueue_queue_duration_seconds_bucket{controller="inferencemodelrewrite",name="inferencemodelrewrite",le="9.999999999999999e-05"} 0
workqueue_queue_duration_seconds_bucket{controller="inferencemodelrewrite",name="inferencemodelrewrite",le="0.001"} 0
workqueue_queue_duration_seconds_bucket{controller="inferencemodelrewrite",name="inferencemodelrewrite",le="0.01"} 0
workqueue_queue_duration_seconds_bucket{controller="inferencemodelrewrite",name="inferencemodelrewrite",le="0.1"} 0
workqueue_queue_duration_seconds_bucket{controller="inferencemodelrewrite",name="inferencemodelrewrite",le="1"} 0
workqueue_queue_duration_seconds_bucket{controller="inferencemodelrewrite",name="inferencemodelrewrite",le="10"} 0
workqueue_queue_duration_seconds_bucket{controller="inferencemodelrewrite",name="inferencemodelrewrite",le="100"} 0
workqueue_queue_duration_seconds_bucket{controller="inferencemodelrewrite",name="inferencemodelrewrite",le="1000"} 0
workqueue_queue_duration_seconds_bucket{controller="inferencemodelrewrite",name="inferencemodelrewrite",le="+Inf"} 0
workqueue_queue_duration_seconds_sum{controller="inferencemodelrewrite",name="inferencemodelrewrite"} 0
workqueue_queue_duration_seconds_count{controller="inferencemodelrewrite",name="inferencemodelrewrite"} 0
workqueue_queue_duration_seconds_bucket{controller="inferenceobjective",name="inferenceobjective",le="1e-08"} 0
workqueue_queue_duration_seconds_bucket{controller="inferenceobjective",name="inferenceobjective",le="1e-07"} 0
workqueue_queue_duration_seconds_bucket{controller="inferenceobjective",name="inferenceobjective",le="1e-06"} 0
workqueue_queue_duration_seconds_bucket{controller="inferenceobjective",name="inferenceobjective",le="9.999999999999999e-06"} 0
workqueue_queue_duration_seconds_bucket{controller="inferenceobjective",name="inferenceobjective",le="9.999999999999999e-05"} 0
workqueue_queue_duration_seconds_bucket{controller="inferenceobjective",name="inferenceobjective",le="0.001"} 0
workqueue_queue_duration_seconds_bucket{controller="inferenceobjective",name="inferenceobjective",le="0.01"} 0
workqueue_queue_duration_seconds_bucket{controller="inferenceobjective",name="inferenceobjective",le="0.1"} 0
workqueue_queue_duration_seconds_bucket{controller="inferenceobjective",name="inferenceobjective",le="1"} 1
workqueue_queue_duration_seconds_bucket{controller="inferenceobjective",name="inferenceobjective",le="10"} 1
workqueue_queue_duration_seconds_bucket{controller="inferenceobjective",name="inferenceobjective",le="100"} 1
workqueue_queue_duration_seconds_bucket{controller="inferenceobjective",name="inferenceobjective",le="1000"} 1
workqueue_queue_duration_seconds_bucket{controller="inferenceobjective",name="inferenceobjective",le="+Inf"} 1
workqueue_queue_duration_seconds_sum{controller="inferenceobjective",name="inferenceobjective"} 0.100455611
workqueue_queue_duration_seconds_count{controller="inferenceobjective",name="inferenceobjective"} 1
workqueue_queue_duration_seconds_bucket{controller="inferencepool",name="inferencepool",le="1e-08"} 0
workqueue_queue_duration_seconds_bucket{controller="inferencepool",name="inferencepool",le="1e-07"} 0
workqueue_queue_duration_seconds_bucket{controller="inferencepool",name="inferencepool",le="1e-06"} 0
workqueue_queue_duration_seconds_bucket{controller="inferencepool",name="inferencepool",le="9.999999999999999e-06"} 0
workqueue_queue_duration_seconds_bucket{controller="inferencepool",name="inferencepool",le="9.999999999999999e-05"} 1
workqueue_queue_duration_seconds_bucket{controller="inferencepool",name="inferencepool",le="0.001"} 1
workqueue_queue_duration_seconds_bucket{controller="inferencepool",name="inferencepool",le="0.01"} 1
workqueue_queue_duration_seconds_bucket{controller="inferencepool",name="inferencepool",le="0.1"} 1
workqueue_queue_duration_seconds_bucket{controller="inferencepool",name="inferencepool",le="1"} 1
workqueue_queue_duration_seconds_bucket{controller="inferencepool",name="inferencepool",le="10"} 1
workqueue_queue_duration_seconds_bucket{controller="inferencepool",name="inferencepool",le="100"} 1
workqueue_queue_duration_seconds_bucket{controller="inferencepool",name="inferencepool",le="1000"} 1
workqueue_queue_duration_seconds_bucket{controller="inferencepool",name="inferencepool",le="+Inf"} 1
workqueue_queue_duration_seconds_sum{controller="inferencepool",name="inferencepool"} 8.75e-05
workqueue_queue_duration_seconds_count{controller="inferencepool",name="inferencepool"} 1
workqueue_queue_duration_seconds_bucket{controller="pod",name="pod",le="1e-08"} 0
workqueue_queue_duration_seconds_bucket{controller="pod",name="pod",le="1e-07"} 0
workqueue_queue_duration_seconds_bucket{controller="pod",name="pod",le="1e-06"} 0
workqueue_queue_duration_seconds_bucket{controller="pod",name="pod",le="9.999999999999999e-06"} 4
workqueue_queue_duration_seconds_bucket{controller="pod",name="pod",le="9.999999999999999e-05"} 4
workqueue_queue_duration_seconds_bucket{controller="pod",name="pod",le="0.001"} 4
workqueue_queue_duration_seconds_bucket{controller="pod",name="pod",le="0.01"} 4
workqueue_queue_duration_seconds_bucket{controller="pod",name="pod",le="0.1"} 4
workqueue_queue_duration_seconds_bucket{controller="pod",name="pod",le="1"} 7
workqueue_queue_duration_seconds_bucket{controller="pod",name="pod",le="10"} 7
workqueue_queue_duration_seconds_bucket{controller="pod",name="pod",le="100"} 7
workqueue_queue_duration_seconds_bucket{controller="pod",name="pod",le="1000"} 7
workqueue_queue_duration_seconds_bucket{controller="pod",name="pod",le="+Inf"} 7
workqueue_queue_duration_seconds_sum{controller="pod",name="pod"} 0.30171799599999993
workqueue_queue_duration_seconds_count{controller="pod",name="pod"} 7
# HELP workqueue_retries_total Total number of retries handled by workqueue
# TYPE workqueue_retries_total counter
workqueue_retries_total{controller="inferencemodelrewrite",name="inferencemodelrewrite"} 0
workqueue_retries_total{controller="inferenceobjective",name="inferenceobjective"} 0
workqueue_retries_total{controller="inferencepool",name="inferencepool"} 0
workqueue_retries_total{controller="pod",name="pod"} 0
# HELP workqueue_unfinished_work_seconds How many seconds of work has been done that is in progress and hasn't been observed by work_duration. Large values indicate stuck threads. One can deduce the number of stuck threads by observing the rate at which this increases.
# TYPE workqueue_unfinished_work_seconds gauge
workqueue_unfinished_work_seconds{controller="inferencemodelrewrite",name="inferencemodelrewrite"} 0
workqueue_unfinished_work_seconds{controller="inferenceobjective",name="inferenceobjective"} 0
workqueue_unfinished_work_seconds{controller="inferencepool",name="inferencepool"} 0
workqueue_unfinished_work_seconds{controller="pod",name="pod"} 0
# HELP workqueue_work_duration_seconds How long in seconds processing an item from workqueue takes.
# TYPE workqueue_work_duration_seconds histogram
workqueue_work_duration_seconds_bucket{controller="inferencemodelrewrite",name="inferencemodelrewrite",le="1e-08"} 0
workqueue_work_duration_seconds_bucket{controller="inferencemodelrewrite",name="inferencemodelrewrite",le="1e-07"} 0
workqueue_work_duration_seconds_bucket{controller="inferencemodelrewrite",name="inferencemodelrewrite",le="1e-06"} 0
workqueue_work_duration_seconds_bucket{controller="inferencemodelrewrite",name="inferencemodelrewrite",le="9.999999999999999e-06"} 0
workqueue_work_duration_seconds_bucket{controller="inferencemodelrewrite",name="inferencemodelrewrite",le="9.999999999999999e-05"} 0
workqueue_work_duration_seconds_bucket{controller="inferencemodelrewrite",name="inferencemodelrewrite",le="0.001"} 0
workqueue_work_duration_seconds_bucket{controller="inferencemodelrewrite",name="inferencemodelrewrite",le="0.01"} 0
workqueue_work_duration_seconds_bucket{controller="inferencemodelrewrite",name="inferencemodelrewrite",le="0.1"} 0
workqueue_work_duration_seconds_bucket{controller="inferencemodelrewrite",name="inferencemodelrewrite",le="1"} 0
workqueue_work_duration_seconds_bucket{controller="inferencemodelrewrite",name="inferencemodelrewrite",le="10"} 0
workqueue_work_duration_seconds_bucket{controller="inferencemodelrewrite",name="inferencemodelrewrite",le="100"} 0
workqueue_work_duration_seconds_bucket{controller="inferencemodelrewrite",name="inferencemodelrewrite",le="1000"} 0
workqueue_work_duration_seconds_bucket{controller="inferencemodelrewrite",name="inferencemodelrewrite",le="+Inf"} 0
workqueue_work_duration_seconds_sum{controller="inferencemodelrewrite",name="inferencemodelrewrite"} 0
workqueue_work_duration_seconds_count{controller="inferencemodelrewrite",name="inferencemodelrewrite"} 0
workqueue_work_duration_seconds_bucket{controller="inferenceobjective",name="inferenceobjective",le="1e-08"} 0
workqueue_work_duration_seconds_bucket{controller="inferenceobjective",name="inferenceobjective",le="1e-07"} 0
workqueue_work_duration_seconds_bucket{controller="inferenceobjective",name="inferenceobjective",le="1e-06"} 0
workqueue_work_duration_seconds_bucket{controller="inferenceobjective",name="inferenceobjective",le="9.999999999999999e-06"} 0
workqueue_work_duration_seconds_bucket{controller="inferenceobjective",name="inferenceobjective",le="9.999999999999999e-05"} 0
workqueue_work_duration_seconds_bucket{controller="inferenceobjective",name="inferenceobjective",le="0.001"} 1
workqueue_work_duration_seconds_bucket{controller="inferenceobjective",name="inferenceobjective",le="0.01"} 1
workqueue_work_duration_seconds_bucket{controller="inferenceobjective",name="inferenceobjective",le="0.1"} 1
workqueue_work_duration_seconds_bucket{controller="inferenceobjective",name="inferenceobjective",le="1"} 1
workqueue_work_duration_seconds_bucket{controller="inferenceobjective",name="inferenceobjective",le="10"} 1
workqueue_work_duration_seconds_bucket{controller="inferenceobjective",name="inferenceobjective",le="100"} 1
workqueue_work_duration_seconds_bucket{controller="inferenceobjective",name="inferenceobjective",le="1000"} 1
workqueue_work_duration_seconds_bucket{controller="inferenceobjective",name="inferenceobjective",le="+Inf"} 1
workqueue_work_duration_seconds_sum{controller="inferenceobjective",name="inferenceobjective"} 0.000183455
workqueue_work_duration_seconds_count{controller="inferenceobjective",name="inferenceobjective"} 1
workqueue_work_duration_seconds_bucket{controller="inferencepool",name="inferencepool",le="1e-08"} 0
workqueue_work_duration_seconds_bucket{controller="inferencepool",name="inferencepool",le="1e-07"} 0
workqueue_work_duration_seconds_bucket{controller="inferencepool",name="inferencepool",le="1e-06"} 0
workqueue_work_duration_seconds_bucket{controller="inferencepool",name="inferencepool",le="9.999999999999999e-06"} 0
workqueue_work_duration_seconds_bucket{controller="inferencepool",name="inferencepool",le="9.999999999999999e-05"} 0
workqueue_work_duration_seconds_bucket{controller="inferencepool",name="inferencepool",le="0.001"} 1
workqueue_work_duration_seconds_bucket{controller="inferencepool",name="inferencepool",le="0.01"} 1
workqueue_work_duration_seconds_bucket{controller="inferencepool",name="inferencepool",le="0.1"} 1
workqueue_work_duration_seconds_bucket{controller="inferencepool",name="inferencepool",le="1"} 1
workqueue_work_duration_seconds_bucket{controller="inferencepool",name="inferencepool",le="10"} 1
workqueue_work_duration_seconds_bucket{controller="inferencepool",name="inferencepool",le="100"} 1
workqueue_work_duration_seconds_bucket{controller="inferencepool",name="inferencepool",le="1000"} 1
workqueue_work_duration_seconds_bucket{controller="inferencepool",name="inferencepool",le="+Inf"} 1
workqueue_work_duration_seconds_sum{controller="inferencepool",name="inferencepool"} 0.00037935
workqueue_work_duration_seconds_count{controller="inferencepool",name="inferencepool"} 1
workqueue_work_duration_seconds_bucket{controller="pod",name="pod",le="1e-08"} 0
workqueue_work_duration_seconds_bucket{controller="pod",name="pod",le="1e-07"} 0
workqueue_work_duration_seconds_bucket{controller="pod",name="pod",le="1e-06"} 0
workqueue_work_duration_seconds_bucket{controller="pod",name="pod",le="9.999999999999999e-06"} 0
workqueue_work_duration_seconds_bucket{controller="pod",name="pod",le="9.999999999999999e-05"} 1
workqueue_work_duration_seconds_bucket{controller="pod",name="pod",le="0.001"} 7
workqueue_work_duration_seconds_bucket{controller="pod",name="pod",le="0.01"} 7
workqueue_work_duration_seconds_bucket{controller="pod",name="pod",le="0.1"} 7
workqueue_work_duration_seconds_bucket{controller="pod",name="pod",le="1"} 7
workqueue_work_duration_seconds_bucket{controller="pod",name="pod",le="10"} 7
workqueue_work_duration_seconds_bucket{controller="pod",name="pod",le="100"} 7
workqueue_work_duration_seconds_bucket{controller="pod",name="pod",le="1000"} 7
workqueue_work_duration_seconds_bucket{controller="pod",name="pod",le="+Inf"} 7
workqueue_work_duration_seconds_sum{controller="pod",name="pod"} 0.001237881
workqueue_work_duration_seconds_count{controller="pod",name="pod"} 7

