===== 2026-09-09T06:02:18Z pokprod-b93r44s2 (nvidia-gpu-operator/nvidia-dcgm-kppxs) =====
Wed Sep  9 06:02:20 2026       
+-----------------------------------------------------------------------------------------+
| NVIDIA-SMI 580.105.08             Driver Version: 580.105.08     CUDA Version: 13.0     |
+-----------------------------------------+------------------------+----------------------+
| GPU  Name                 Persistence-M | Bus-Id          Disp.A | Volatile Uncorr. ECC |
| Fan  Temp   Perf          Pwr:Usage/Cap |           Memory-Usage | GPU-Util  Compute M. |
|                                         |                        |               MIG M. |
|=========================================+========================+======================|
|   0  NVIDIA H100 80GB HBM3          On  |   00000000:18:00.0 Off |                    0 |
| N/A   22C    P0             96W /  700W |       0MiB /  81559MiB |      0%      Default |
|                                         |                        |             Disabled |
+-----------------------------------------+------------------------+----------------------+
|   1  NVIDIA H100 80GB HBM3          On  |   00000000:3A:00.0 Off |                    0 |
| N/A   23C    P0             98W /  700W |       0MiB /  81559MiB |      0%      Default |
|                                         |                        |             Disabled |
+-----------------------------------------+------------------------+----------------------+
|   2  NVIDIA H100 80GB HBM3          On  |   00000000:5D:00.0 Off |                    0 |
| N/A   21C    P0             97W /  700W |       0MiB /  81559MiB |      0%      Default |
|                                         |                        |             Disabled |
+-----------------------------------------+------------------------+----------------------+
|   3  NVIDIA H100 80GB HBM3          On  |   00000000:9A:00.0 Off |                    0 |
| N/A   23C    P0            143W /  700W |   73571MiB /  81559MiB |      0%      Default |
|                                         |                        |             Disabled |
+-----------------------------------------+------------------------+----------------------+
|   4  NVIDIA H100 80GB HBM3          On  |   00000000:AB:00.0 Off |                    0 |
| N/A   26C    P0            142W /  700W |   73571MiB /  81559MiB |      0%      Default |
|                                         |                        |             Disabled |
+-----------------------------------------+------------------------+----------------------+
|   5  NVIDIA H100 80GB HBM3          On  |   00000000:BA:00.0 Off |                    0 |
| N/A   26C    P0            143W /  700W |   73571MiB /  81559MiB |      0%      Default |
|                                         |                        |             Disabled |
+-----------------------------------------+------------------------+----------------------+
|   6  NVIDIA H100 80GB HBM3          On  |   00000000:DB:00.0 Off |                    0 |
| N/A   23C    P0            141W /  700W |   73571MiB /  81559MiB |      0%      Default |
|                                         |                        |             Disabled |
+-----------------------------------------+------------------------+----------------------+

+-----------------------------------------------------------------------------------------+
| Processes:                                                                              |
|  GPU   GI   CI              PID   Type   Process name                        GPU Memory |
|        ID   ID                                                               Usage      |
|=========================================================================================|
|  No running processes found                                                             |
+-----------------------------------------------------------------------------------------+

===== 2026-09-09T06:02:31Z pokprod-b93r44s2 (nvidia-gpu-operator/nvidia-dcgm-kppxs) =====
Wed Sep  9 06:02:33 2026       
+-----------------------------------------------------------------------------------------+
| NVIDIA-SMI 580.105.08             Driver Version: 580.105.08     CUDA Version: 13.0     |
+-----------------------------------------+------------------------+----------------------+
| GPU  Name                 Persistence-M | Bus-Id          Disp.A | Volatile Uncorr. ECC |
| Fan  Temp   Perf          Pwr:Usage/Cap |           Memory-Usage | GPU-Util  Compute M. |
|                                         |                        |               MIG M. |
|=========================================+========================+======================|
|   0  NVIDIA H100 80GB HBM3          On  |   00000000:18:00.0 Off |                    0 |
| N/A   22C    P0             96W /  700W |       0MiB /  81559MiB |      0%      Default |
|                                         |                        |             Disabled |
+-----------------------------------------+------------------------+----------------------+
|   1  NVIDIA H100 80GB HBM3          On  |   00000000:3A:00.0 Off |                    0 |
| N/A   24C    P0             98W /  700W |       0MiB /  81559MiB |      0%      Default |
|                                         |                        |             Disabled |
+-----------------------------------------+------------------------+----------------------+
|   2  NVIDIA H100 80GB HBM3          On  |   00000000:5D:00.0 Off |                    0 |
| N/A   21C    P0             97W /  700W |       0MiB /  81559MiB |      0%      Default |
|                                         |                        |             Disabled |
+-----------------------------------------+------------------------+----------------------+
|   3  NVIDIA H100 80GB HBM3          On  |   00000000:9A:00.0 Off |                    0 |
| N/A   28C    P0            450W /  700W |   73571MiB /  81559MiB |    100%      Default |
|                                         |                        |             Disabled |
+-----------------------------------------+------------------------+----------------------+
|   4  NVIDIA H100 80GB HBM3          On  |   00000000:AB:00.0 Off |                    0 |
| N/A   32C    P0            443W /  700W |   73571MiB /  81559MiB |    100%      Default |
|                                         |                        |             Disabled |
+-----------------------------------------+------------------------+----------------------+
|   5  NVIDIA H100 80GB HBM3          On  |   00000000:BA:00.0 Off |                    0 |
| N/A   32C    P0            447W /  700W |   73571MiB /  81559MiB |    100%      Default |
|                                         |                        |             Disabled |
+-----------------------------------------+------------------------+----------------------+
|   6  NVIDIA H100 80GB HBM3          On  |   00000000:DB:00.0 Off |                    0 |
| N/A   28C    P0            447W /  700W |   73571MiB /  81559MiB |    100%      Default |
|                                         |                        |             Disabled |
+-----------------------------------------+------------------------+----------------------+

+-----------------------------------------------------------------------------------------+
| Processes:                                                                              |
|  GPU   GI   CI              PID   Type   Process name                        GPU Memory |
|        ID   ID                                                               Usage      |
|=========================================================================================|
|  No running processes found                                                             |
+-----------------------------------------------------------------------------------------+

===== 2026-09-09T06:02:44Z pokprod-b93r44s2 (nvidia-gpu-operator/nvidia-dcgm-kppxs) =====
Wed Sep  9 06:02:46 2026       
+-----------------------------------------------------------------------------------------+
| NVIDIA-SMI 580.105.08             Driver Version: 580.105.08     CUDA Version: 13.0     |
+-----------------------------------------+------------------------+----------------------+
| GPU  Name                 Persistence-M | Bus-Id          Disp.A | Volatile Uncorr. ECC |
| Fan  Temp   Perf          Pwr:Usage/Cap |           Memory-Usage | GPU-Util  Compute M. |
|                                         |                        |               MIG M. |
|=========================================+========================+======================|
|   0  NVIDIA H100 80GB HBM3          On  |   00000000:18:00.0 Off |                    0 |
| N/A   22C    P0             96W /  700W |       0MiB /  81559MiB |      0%      Default |
|                                         |                        |             Disabled |
+-----------------------------------------+------------------------+----------------------+
|   1  NVIDIA H100 80GB HBM3          On  |   00000000:3A:00.0 Off |                    0 |
| N/A   24C    P0             98W /  700W |       0MiB /  81559MiB |      0%      Default |
|                                         |                        |             Disabled |
+-----------------------------------------+------------------------+----------------------+
|   2  NVIDIA H100 80GB HBM3          On  |   00000000:5D:00.0 Off |                    0 |
| N/A   21C    P0             97W /  700W |       0MiB /  81559MiB |      0%      Default |
|                                         |                        |             Disabled |
+-----------------------------------------+------------------------+----------------------+
|   3  NVIDIA H100 80GB HBM3          On  |   00000000:9A:00.0 Off |                    0 |
| N/A   33C    P0            455W /  700W |   73571MiB /  81559MiB |    100%      Default |
|                                         |                        |             Disabled |
+-----------------------------------------+------------------------+----------------------+
|   4  NVIDIA H100 80GB HBM3          On  |   00000000:AB:00.0 Off |                    0 |
| N/A   39C    P0            452W /  700W |   73571MiB /  81559MiB |    100%      Default |
|                                         |                        |             Disabled |
+-----------------------------------------+------------------------+----------------------+
|   5  NVIDIA H100 80GB HBM3          On  |   00000000:BA:00.0 Off |                    0 |
| N/A   37C    P0            451W /  700W |   73571MiB /  81559MiB |    100%      Default |
|                                         |                        |             Disabled |
+-----------------------------------------+------------------------+----------------------+
|   6  NVIDIA H100 80GB HBM3          On  |   00000000:DB:00.0 Off |                    0 |
| N/A   33C    P0            451W /  700W |   73571MiB /  81559MiB |    100%      Default |
|                                         |                        |             Disabled |
+-----------------------------------------+------------------------+----------------------+

+-----------------------------------------------------------------------------------------+
| Processes:                                                                              |
|  GPU   GI   CI              PID   Type   Process name                        GPU Memory |
|        ID   ID                                                               Usage      |
|=========================================================================================|
|  No running processes found                                                             |
+-----------------------------------------------------------------------------------------+

===== 2026-09-09T06:02:57Z pokprod-b93r44s2 (nvidia-gpu-operator/nvidia-dcgm-kppxs) =====
Wed Sep  9 06:02:59 2026       
+-----------------------------------------------------------------------------------------+
| NVIDIA-SMI 580.105.08             Driver Version: 580.105.08     CUDA Version: 13.0     |
+-----------------------------------------+------------------------+----------------------+
| GPU  Name                 Persistence-M | Bus-Id          Disp.A | Volatile Uncorr. ECC |
| Fan  Temp   Perf          Pwr:Usage/Cap |           Memory-Usage | GPU-Util  Compute M. |
|                                         |                        |               MIG M. |
|=========================================+========================+======================|
|   0  NVIDIA H100 80GB HBM3          On  |   00000000:18:00.0 Off |                    0 |
| N/A   22C    P0             96W /  700W |       0MiB /  81559MiB |      0%      Default |
|                                         |                        |             Disabled |
+-----------------------------------------+------------------------+----------------------+
|   1  NVIDIA H100 80GB HBM3          On  |   00000000:3A:00.0 Off |                    0 |
| N/A   24C    P0             98W /  700W |       0MiB /  81559MiB |      0%      Default |
|                                         |                        |             Disabled |
+-----------------------------------------+------------------------+----------------------+
|   2  NVIDIA H100 80GB HBM3          On  |   00000000:5D:00.0 Off |                    0 |
| N/A   21C    P0             97W /  700W |       0MiB /  81559MiB |      0%      Default |
|                                         |                        |             Disabled |
+-----------------------------------------+------------------------+----------------------+
|   3  NVIDIA H100 80GB HBM3          On  |   00000000:9A:00.0 Off |                    0 |
| N/A   35C    P0            456W /  700W |   73571MiB /  81559MiB |    100%      Default |
|                                         |                        |             Disabled |
+-----------------------------------------+------------------------+----------------------+
|   4  NVIDIA H100 80GB HBM3          On  |   00000000:AB:00.0 Off |                    0 |
| N/A   41C    P0            454W /  700W |   73571MiB /  81559MiB |    100%      Default |
|                                         |                        |             Disabled |
+-----------------------------------------+------------------------+----------------------+
|   5  NVIDIA H100 80GB HBM3          On  |   00000000:BA:00.0 Off |                    0 |
| N/A   39C    P0            453W /  700W |   73571MiB /  81559MiB |    100%      Default |
|                                         |                        |             Disabled |
+-----------------------------------------+------------------------+----------------------+
|   6  NVIDIA H100 80GB HBM3          On  |   00000000:DB:00.0 Off |                    0 |
| N/A   34C    P0            452W /  700W |   73571MiB /  81559MiB |    100%      Default |
|                                         |                        |             Disabled |
+-----------------------------------------+------------------------+----------------------+

+-----------------------------------------------------------------------------------------+
| Processes:                                                                              |
|  GPU   GI   CI              PID   Type   Process name                        GPU Memory |
|        ID   ID                                                               Usage      |
|=========================================================================================|
|  No running processes found                                                             |
+-----------------------------------------------------------------------------------------+

===== 2026-09-09T06:03:09Z pokprod-b93r44s2 (nvidia-gpu-operator/nvidia-dcgm-kppxs) =====
Wed Sep  9 06:03:11 2026       
+-----------------------------------------------------------------------------------------+
| NVIDIA-SMI 580.105.08             Driver Version: 580.105.08     CUDA Version: 13.0     |
+-----------------------------------------+------------------------+----------------------+
| GPU  Name                 Persistence-M | Bus-Id          Disp.A | Volatile Uncorr. ECC |
| Fan  Temp   Perf          Pwr:Usage/Cap |           Memory-Usage | GPU-Util  Compute M. |
|                                         |                        |               MIG M. |
|=========================================+========================+======================|
|   0  NVIDIA H100 80GB HBM3          On  |   00000000:18:00.0 Off |                    0 |
| N/A   22C    P0             96W /  700W |       0MiB /  81559MiB |      0%      Default |
|                                         |                        |             Disabled |
+-----------------------------------------+------------------------+----------------------+
|   1  NVIDIA H100 80GB HBM3          On  |   00000000:3A:00.0 Off |                    0 |
| N/A   24C    P0             98W /  700W |       0MiB /  81559MiB |      0%      Default |
|                                         |                        |             Disabled |
+-----------------------------------------+------------------------+----------------------+
|   2  NVIDIA H100 80GB HBM3          On  |   00000000:5D:00.0 Off |                    0 |
| N/A   21C    P0             97W /  700W |       0MiB /  81559MiB |      0%      Default |
|                                         |                        |             Disabled |
+-----------------------------------------+------------------------+----------------------+
|   3  NVIDIA H100 80GB HBM3          On  |   00000000:9A:00.0 Off |                    0 |
| N/A   35C    P0            456W /  700W |   73571MiB /  81559MiB |    100%      Default |
|                                         |                        |             Disabled |
+-----------------------------------------+------------------------+----------------------+
|   4  NVIDIA H100 80GB HBM3          On  |   00000000:AB:00.0 Off |                    0 |
| N/A   42C    P0            454W /  700W |   73571MiB /  81559MiB |    100%      Default |
|                                         |                        |             Disabled |
+-----------------------------------------+------------------------+----------------------+
|   5  NVIDIA H100 80GB HBM3          On  |   00000000:BA:00.0 Off |                    0 |
| N/A   40C    P0            454W /  700W |   73571MiB /  81559MiB |    100%      Default |
|                                         |                        |             Disabled |
+-----------------------------------------+------------------------+----------------------+
|   6  NVIDIA H100 80GB HBM3          On  |   00000000:DB:00.0 Off |                    0 |
| N/A   35C    P0            452W /  700W |   73571MiB /  81559MiB |    100%      Default |
|                                         |                        |             Disabled |
+-----------------------------------------+------------------------+----------------------+

+-----------------------------------------------------------------------------------------+
| Processes:                                                                              |
|  GPU   GI   CI              PID   Type   Process name                        GPU Memory |
|        ID   ID                                                               Usage      |
|=========================================================================================|
|  No running processes found                                                             |
+-----------------------------------------------------------------------------------------+

===== 2026-09-09T06:03:22Z pokprod-b93r44s2 (nvidia-gpu-operator/nvidia-dcgm-kppxs) =====
Wed Sep  9 06:03:24 2026       
+-----------------------------------------------------------------------------------------+
| NVIDIA-SMI 580.105.08             Driver Version: 580.105.08     CUDA Version: 13.0     |
+-----------------------------------------+------------------------+----------------------+
| GPU  Name                 Persistence-M | Bus-Id          Disp.A | Volatile Uncorr. ECC |
| Fan  Temp   Perf          Pwr:Usage/Cap |           Memory-Usage | GPU-Util  Compute M. |
|                                         |                        |               MIG M. |
|=========================================+========================+======================|
|   0  NVIDIA H100 80GB HBM3          On  |   00000000:18:00.0 Off |                    0 |
| N/A   22C    P0             96W /  700W |       0MiB /  81559MiB |      0%      Default |
|                                         |                        |             Disabled |
+-----------------------------------------+------------------------+----------------------+
|   1  NVIDIA H100 80GB HBM3          On  |   00000000:3A:00.0 Off |                    0 |
| N/A   24C    P0             98W /  700W |       0MiB /  81559MiB |      0%      Default |
|                                         |                        |             Disabled |
+-----------------------------------------+------------------------+----------------------+
|   2  NVIDIA H100 80GB HBM3          On  |   00000000:5D:00.0 Off |                    0 |
| N/A   21C    P0             97W /  700W |       0MiB /  81559MiB |      0%      Default |
|                                         |                        |             Disabled |
+-----------------------------------------+------------------------+----------------------+
|   3  NVIDIA H100 80GB HBM3          On  |   00000000:9A:00.0 Off |                    0 |
| N/A   36C    P0            457W /  700W |   73571MiB /  81559MiB |    100%      Default |
|                                         |                        |             Disabled |
+-----------------------------------------+------------------------+----------------------+
|   4  NVIDIA H100 80GB HBM3          On  |   00000000:AB:00.0 Off |                    0 |
| N/A   43C    P0            456W /  700W |   73571MiB /  81559MiB |    100%      Default |
|                                         |                        |             Disabled |
+-----------------------------------------+------------------------+----------------------+
|   5  NVIDIA H100 80GB HBM3          On  |   00000000:BA:00.0 Off |                    0 |
| N/A   41C    P0            455W /  700W |   73571MiB /  81559MiB |    100%      Default |
|                                         |                        |             Disabled |
+-----------------------------------------+------------------------+----------------------+
|   6  NVIDIA H100 80GB HBM3          On  |   00000000:DB:00.0 Off |                    0 |
| N/A   35C    P0            453W /  700W |   73571MiB /  81559MiB |    100%      Default |
|                                         |                        |             Disabled |
+-----------------------------------------+------------------------+----------------------+

+-----------------------------------------------------------------------------------------+
| Processes:                                                                              |
|  GPU   GI   CI              PID   Type   Process name                        GPU Memory |
|        ID   ID                                                               Usage      |
|=========================================================================================|
|  No running processes found                                                             |
+-----------------------------------------------------------------------------------------+

===== 2026-09-09T06:03:36Z pokprod-b93r44s2 (nvidia-gpu-operator/nvidia-dcgm-kppxs) =====
Wed Sep  9 06:03:38 2026       
+-----------------------------------------------------------------------------------------+
| NVIDIA-SMI 580.105.08             Driver Version: 580.105.08     CUDA Version: 13.0     |
+-----------------------------------------+------------------------+----------------------+
| GPU  Name                 Persistence-M | Bus-Id          Disp.A | Volatile Uncorr. ECC |
| Fan  Temp   Perf          Pwr:Usage/Cap |           Memory-Usage | GPU-Util  Compute M. |
|                                         |                        |               MIG M. |
|=========================================+========================+======================|
|   0  NVIDIA H100 80GB HBM3          On  |   00000000:18:00.0 Off |                    0 |
| N/A   21C    P0             96W /  700W |       0MiB /  81559MiB |      0%      Default |
|                                         |                        |             Disabled |
+-----------------------------------------+------------------------+----------------------+
|   1  NVIDIA H100 80GB HBM3          On  |   00000000:3A:00.0 Off |                    0 |
| N/A   23C    P0             98W /  700W |       0MiB /  81559MiB |      0%      Default |
|                                         |                        |             Disabled |
+-----------------------------------------+------------------------+----------------------+
|   2  NVIDIA H100 80GB HBM3          On  |   00000000:5D:00.0 Off |                    0 |
| N/A   21C    P0             97W /  700W |       0MiB /  81559MiB |      0%      Default |
|                                         |                        |             Disabled |
+-----------------------------------------+------------------------+----------------------+
|   3  NVIDIA H100 80GB HBM3          On  |   00000000:9A:00.0 Off |                    0 |
| N/A   47C    P0            596W /  700W |   74293MiB /  81559MiB |    100%      Default |
|                                         |                        |             Disabled |
+-----------------------------------------+------------------------+----------------------+
|   4  NVIDIA H100 80GB HBM3          On  |   00000000:AB:00.0 Off |                    0 |
| N/A   55C    P0            604W /  700W |   74293MiB /  81559MiB |    100%      Default |
|                                         |                        |             Disabled |
+-----------------------------------------+------------------------+----------------------+
|   5  NVIDIA H100 80GB HBM3          On  |   00000000:BA:00.0 Off |                    0 |
| N/A   52C    P0            597W /  700W |   74293MiB /  81559MiB |    100%      Default |
|                                         |                        |             Disabled |
+-----------------------------------------+------------------------+----------------------+
|   6  NVIDIA H100 80GB HBM3          On  |   00000000:DB:00.0 Off |                    0 |
| N/A   44C    P0            587W /  700W |   74293MiB /  81559MiB |    100%      Default |
|                                         |                        |             Disabled |
+-----------------------------------------+------------------------+----------------------+

+-----------------------------------------------------------------------------------------+
| Processes:                                                                              |
|  GPU   GI   CI              PID   Type   Process name                        GPU Memory |
|        ID   ID                                                               Usage      |
|=========================================================================================|
|  No running processes found                                                             |
+-----------------------------------------------------------------------------------------+

===== 2026-09-09T06:03:49Z pokprod-b93r44s2 (nvidia-gpu-operator/nvidia-dcgm-kppxs) =====
Wed Sep  9 06:03:51 2026       
+-----------------------------------------------------------------------------------------+
| NVIDIA-SMI 580.105.08             Driver Version: 580.105.08     CUDA Version: 13.0     |
+-----------------------------------------+------------------------+----------------------+
| GPU  Name                 Persistence-M | Bus-Id          Disp.A | Volatile Uncorr. ECC |
| Fan  Temp   Perf          Pwr:Usage/Cap |           Memory-Usage | GPU-Util  Compute M. |
|                                         |                        |               MIG M. |
|=========================================+========================+======================|
|   0  NVIDIA H100 80GB HBM3          On  |   00000000:18:00.0 Off |                    0 |
| N/A   22C    P0             96W /  700W |       0MiB /  81559MiB |      0%      Default |
|                                         |                        |             Disabled |
+-----------------------------------------+------------------------+----------------------+
|   1  NVIDIA H100 80GB HBM3          On  |   00000000:3A:00.0 Off |                    0 |
| N/A   23C    P0             98W /  700W |       0MiB /  81559MiB |      0%      Default |
|                                         |                        |             Disabled |
+-----------------------------------------+------------------------+----------------------+
|   2  NVIDIA H100 80GB HBM3          On  |   00000000:5D:00.0 Off |                    0 |
| N/A   21C    P0             97W /  700W |       0MiB /  81559MiB |      0%      Default |
|                                         |                        |             Disabled |
+-----------------------------------------+------------------------+----------------------+
|   3  NVIDIA H100 80GB HBM3          On  |   00000000:9A:00.0 Off |                    0 |
| N/A   50C    P0            701W /  700W |   74923MiB /  81559MiB |    100%      Default |
|                                         |                        |             Disabled |
+-----------------------------------------+------------------------+----------------------+
|   4  NVIDIA H100 80GB HBM3          On  |   00000000:AB:00.0 Off |                    0 |
| N/A   59C    P0            696W /  700W |   74923MiB /  81559MiB |    100%      Default |
|                                         |                        |             Disabled |
+-----------------------------------------+------------------------+----------------------+
|   5  NVIDIA H100 80GB HBM3          On  |   00000000:BA:00.0 Off |                    0 |
| N/A   55C    P0            697W /  700W |   74923MiB /  81559MiB |    100%      Default |
|                                         |                        |             Disabled |
+-----------------------------------------+------------------------+----------------------+
|   6  NVIDIA H100 80GB HBM3          On  |   00000000:DB:00.0 Off |                    0 |
| N/A   50C    P0            691W /  700W |   74923MiB /  81559MiB |    100%      Default |
|                                         |                        |             Disabled |
+-----------------------------------------+------------------------+----------------------+

+-----------------------------------------------------------------------------------------+
| Processes:                                                                              |
|  GPU   GI   CI              PID   Type   Process name                        GPU Memory |
|        ID   ID                                                               Usage      |
|=========================================================================================|
|  No running processes found                                                             |
+-----------------------------------------------------------------------------------------+

===== 2026-09-09T06:04:01Z pokprod-b93r44s2 (nvidia-gpu-operator/nvidia-dcgm-kppxs) =====
Wed Sep  9 06:04:04 2026       
+-----------------------------------------------------------------------------------------+
| NVIDIA-SMI 580.105.08             Driver Version: 580.105.08     CUDA Version: 13.0     |
+-----------------------------------------+------------------------+----------------------+
| GPU  Name                 Persistence-M | Bus-Id          Disp.A | Volatile Uncorr. ECC |
| Fan  Temp   Perf          Pwr:Usage/Cap |           Memory-Usage | GPU-Util  Compute M. |
|                                         |                        |               MIG M. |
|=========================================+========================+======================|
|   0  NVIDIA H100 80GB HBM3          On  |   00000000:18:00.0 Off |                    0 |
| N/A   22C    P0             96W /  700W |       0MiB /  81559MiB |      0%      Default |
|                                         |                        |             Disabled |
+-----------------------------------------+------------------------+----------------------+
|   1  NVIDIA H100 80GB HBM3          On  |   00000000:3A:00.0 Off |                    0 |
| N/A   24C    P0             98W /  700W |       0MiB /  81559MiB |      0%      Default |
|                                         |                        |             Disabled |
+-----------------------------------------+------------------------+----------------------+
|   2  NVIDIA H100 80GB HBM3          On  |   00000000:5D:00.0 Off |                    0 |
| N/A   21C    P0             97W /  700W |       0MiB /  81559MiB |      0%      Default |
|                                         |                        |             Disabled |
+-----------------------------------------+------------------------+----------------------+
|   3  NVIDIA H100 80GB HBM3          On  |   00000000:9A:00.0 Off |                    0 |
| N/A   53C    P0            698W /  700W |   76483MiB /  81559MiB |    100%      Default |
|                                         |                        |             Disabled |
+-----------------------------------------+------------------------+----------------------+
|   4  NVIDIA H100 80GB HBM3          On  |   00000000:AB:00.0 Off |                    0 |
| N/A   60C    P0            679W /  700W |   76483MiB /  81559MiB |    100%      Default |
|                                         |                        |             Disabled |
+-----------------------------------------+------------------------+----------------------+
|   5  NVIDIA H100 80GB HBM3          On  |   00000000:BA:00.0 Off |                    0 |
| N/A   59C    P0            687W /  700W |   76483MiB /  81559MiB |    100%      Default |
|                                         |                        |             Disabled |
+-----------------------------------------+------------------------+----------------------+
|   6  NVIDIA H100 80GB HBM3          On  |   00000000:DB:00.0 Off |                    0 |
| N/A   48C    P0            676W /  700W |   76483MiB /  81559MiB |    100%      Default |
|                                         |                        |             Disabled |
+-----------------------------------------+------------------------+----------------------+

+-----------------------------------------------------------------------------------------+
| Processes:                                                                              |
|  GPU   GI   CI              PID   Type   Process name                        GPU Memory |
|        ID   ID                                                               Usage      |
|=========================================================================================|
|  No running processes found                                                             |
+-----------------------------------------------------------------------------------------+

===== 2026-09-09T06:04:14Z pokprod-b93r44s2 (nvidia-gpu-operator/nvidia-dcgm-kppxs) =====
Wed Sep  9 06:04:16 2026       
+-----------------------------------------------------------------------------------------+
| NVIDIA-SMI 580.105.08             Driver Version: 580.105.08     CUDA Version: 13.0     |
+-----------------------------------------+------------------------+----------------------+
| GPU  Name                 Persistence-M | Bus-Id          Disp.A | Volatile Uncorr. ECC |
| Fan  Temp   Perf          Pwr:Usage/Cap |           Memory-Usage | GPU-Util  Compute M. |
|                                         |                        |               MIG M. |
|=========================================+========================+======================|
|   0  NVIDIA H100 80GB HBM3          On  |   00000000:18:00.0 Off |                    0 |
| N/A   22C    P0             96W /  700W |       0MiB /  81559MiB |      0%      Default |
|                                         |                        |             Disabled |
+-----------------------------------------+------------------------+----------------------+
|   1  NVIDIA H100 80GB HBM3          On  |   00000000:3A:00.0 Off |                    0 |
| N/A   24C    P0             98W /  700W |       0MiB /  81559MiB |      0%      Default |
|                                         |                        |             Disabled |
+-----------------------------------------+------------------------+----------------------+
|   2  NVIDIA H100 80GB HBM3          On  |   00000000:5D:00.0 Off |                    0 |
| N/A   21C    P0             97W /  700W |       0MiB /  81559MiB |      0%      Default |
|                                         |                        |             Disabled |
+-----------------------------------------+------------------------+----------------------+
|   3  NVIDIA H100 80GB HBM3          On  |   00000000:9A:00.0 Off |                    0 |
| N/A   45C    P0            604W /  700W |   76483MiB /  81559MiB |    100%      Default |
|                                         |                        |             Disabled |
+-----------------------------------------+------------------------+----------------------+
|   4  NVIDIA H100 80GB HBM3          On  |   00000000:AB:00.0 Off |                    0 |
| N/A   53C    P0            579W /  700W |   76483MiB /  81559MiB |    100%      Default |
|                                         |                        |             Disabled |
+-----------------------------------------+------------------------+----------------------+
|   5  NVIDIA H100 80GB HBM3          On  |   00000000:BA:00.0 Off |                    0 |
| N/A   50C    P0            588W /  700W |   76483MiB /  81559MiB |    100%      Default |
|                                         |                        |             Disabled |
+-----------------------------------------+------------------------+----------------------+
|   6  NVIDIA H100 80GB HBM3          On  |   00000000:DB:00.0 Off |                    0 |
| N/A   44C    P0            566W /  700W |   76483MiB /  81559MiB |    100%      Default |
|                                         |                        |             Disabled |
+-----------------------------------------+------------------------+----------------------+

+-----------------------------------------------------------------------------------------+
| Processes:                                                                              |
|  GPU   GI   CI              PID   Type   Process name                        GPU Memory |
|        ID   ID                                                               Usage      |
|=========================================================================================|
|  No running processes found                                                             |
+-----------------------------------------------------------------------------------------+

===== 2026-09-09T06:04:27Z pokprod-b93r44s2 (nvidia-gpu-operator/nvidia-dcgm-kppxs) =====
Wed Sep  9 06:04:29 2026       
+-----------------------------------------------------------------------------------------+
| NVIDIA-SMI 580.105.08             Driver Version: 580.105.08     CUDA Version: 13.0     |
+-----------------------------------------+------------------------+----------------------+
| GPU  Name                 Persistence-M | Bus-Id          Disp.A | Volatile Uncorr. ECC |
| Fan  Temp   Perf          Pwr:Usage/Cap |           Memory-Usage | GPU-Util  Compute M. |
|                                         |                        |               MIG M. |
|=========================================+========================+======================|
|   0  NVIDIA H100 80GB HBM3          On  |   00000000:18:00.0 Off |                    0 |
| N/A   22C    P0             96W /  700W |       0MiB /  81559MiB |      0%      Default |
|                                         |                        |             Disabled |
+-----------------------------------------+------------------------+----------------------+
|   1  NVIDIA H100 80GB HBM3          On  |   00000000:3A:00.0 Off |                    0 |
| N/A   24C    P0             98W /  700W |       0MiB /  81559MiB |      0%      Default |
|                                         |                        |             Disabled |
+-----------------------------------------+------------------------+----------------------+
|   2  NVIDIA H100 80GB HBM3          On  |   00000000:5D:00.0 Off |                    0 |
| N/A   21C    P0             97W /  700W |       0MiB /  81559MiB |      0%      Default |
|                                         |                        |             Disabled |
+-----------------------------------------+------------------------+----------------------+
|   3  NVIDIA H100 80GB HBM3          On  |   00000000:9A:00.0 Off |                    0 |
| N/A   47C    P0            614W /  700W |   76483MiB /  81559MiB |    100%      Default |
|                                         |                        |             Disabled |
+-----------------------------------------+------------------------+----------------------+
|   4  NVIDIA H100 80GB HBM3          On  |   00000000:AB:00.0 Off |                    0 |
| N/A   54C    P0            612W /  700W |   76483MiB /  81559MiB |    100%      Default |
|                                         |                        |             Disabled |
+-----------------------------------------+------------------------+----------------------+
|   5  NVIDIA H100 80GB HBM3          On  |   00000000:BA:00.0 Off |                    0 |
| N/A   51C    P0            616W /  700W |   76483MiB /  81559MiB |    100%      Default |
|                                         |                        |             Disabled |
+-----------------------------------------+------------------------+----------------------+
|   6  NVIDIA H100 80GB HBM3          On  |   00000000:DB:00.0 Off |                    0 |
| N/A   45C    P0            614W /  700W |   76483MiB /  81559MiB |    100%      Default |
|                                         |                        |             Disabled |
+-----------------------------------------+------------------------+----------------------+

+-----------------------------------------------------------------------------------------+
| Processes:                                                                              |
|  GPU   GI   CI              PID   Type   Process name                        GPU Memory |
|        ID   ID                                                               Usage      |
|=========================================================================================|
|  No running processes found                                                             |
+-----------------------------------------------------------------------------------------+

===== 2026-09-09T06:04:40Z pokprod-b93r44s2 (nvidia-gpu-operator/nvidia-dcgm-kppxs) =====
Wed Sep  9 06:04:44 2026       
+-----------------------------------------------------------------------------------------+
| NVIDIA-SMI 580.105.08             Driver Version: 580.105.08     CUDA Version: 13.0     |
+-----------------------------------------+------------------------+----------------------+
| GPU  Name                 Persistence-M | Bus-Id          Disp.A | Volatile Uncorr. ECC |
| Fan  Temp   Perf          Pwr:Usage/Cap |           Memory-Usage | GPU-Util  Compute M. |
|                                         |                        |               MIG M. |
|=========================================+========================+======================|
|   0  NVIDIA H100 80GB HBM3          On  |   00000000:18:00.0 Off |                    0 |
| N/A   22C    P0             96W /  700W |       0MiB /  81559MiB |      0%      Default |
|                                         |                        |             Disabled |
+-----------------------------------------+------------------------+----------------------+
|   1  NVIDIA H100 80GB HBM3          On  |   00000000:3A:00.0 Off |                    0 |
| N/A   24C    P0             98W /  700W |       0MiB /  81559MiB |      0%      Default |
|                                         |                        |             Disabled |
+-----------------------------------------+------------------------+----------------------+
|   2  NVIDIA H100 80GB HBM3          On  |   00000000:5D:00.0 Off |                    0 |
| N/A   21C    P0             97W /  700W |       0MiB /  81559MiB |      0%      Default |
|                                         |                        |             Disabled |
+-----------------------------------------+------------------------+----------------------+
|   3  NVIDIA H100 80GB HBM3          On  |   00000000:9A:00.0 Off |                    0 |
| N/A   50C    P0            582W /  700W |   76483MiB /  81559MiB |    100%      Default |
|                                         |                        |             Disabled |
+-----------------------------------------+------------------------+----------------------+
|   4  NVIDIA H100 80GB HBM3          On  |   00000000:AB:00.0 Off |                    0 |
| N/A   55C    P0            576W /  700W |   76483MiB /  81559MiB |    100%      Default |
|                                         |                        |             Disabled |
+-----------------------------------------+------------------------+----------------------+
|   5  NVIDIA H100 80GB HBM3          On  |   00000000:BA:00.0 Off |                    0 |
| N/A   55C    P0            592W /  700W |   76483MiB /  81559MiB |    100%      Default |
|                                         |                        |             Disabled |
+-----------------------------------------+------------------------+----------------------+
|   6  NVIDIA H100 80GB HBM3          On  |   00000000:DB:00.0 Off |                    0 |
| N/A   46C    P0            579W /  700W |   76483MiB /  81559MiB |    100%      Default |
|                                         |                        |             Disabled |
+-----------------------------------------+------------------------+----------------------+

+-----------------------------------------------------------------------------------------+
| Processes:                                                                              |
|  GPU   GI   CI              PID   Type   Process name                        GPU Memory |
|        ID   ID                                                               Usage      |
|=========================================================================================|
|  No running processes found                                                             |
+-----------------------------------------------------------------------------------------+

===== 2026-09-09T06:04:58Z pokprod-b93r44s2 (nvidia-gpu-operator/nvidia-dcgm-kppxs) =====
Wed Sep  9 06:05:01 2026       
+-----------------------------------------------------------------------------------------+
| NVIDIA-SMI 580.105.08             Driver Version: 580.105.08     CUDA Version: 13.0     |
+-----------------------------------------+------------------------+----------------------+
| GPU  Name                 Persistence-M | Bus-Id          Disp.A | Volatile Uncorr. ECC |
| Fan  Temp   Perf          Pwr:Usage/Cap |           Memory-Usage | GPU-Util  Compute M. |
|                                         |                        |               MIG M. |
|=========================================+========================+======================|
|   0  NVIDIA H100 80GB HBM3          On  |   00000000:18:00.0 Off |                    0 |
| N/A   22C    P0             96W /  700W |       0MiB /  81559MiB |      0%      Default |
|                                         |                        |             Disabled |
+-----------------------------------------+------------------------+----------------------+
|   1  NVIDIA H100 80GB HBM3          On  |   00000000:3A:00.0 Off |                    0 |
| N/A   24C    P0             98W /  700W |       0MiB /  81559MiB |      0%      Default |
|                                         |                        |             Disabled |
+-----------------------------------------+------------------------+----------------------+
|   2  NVIDIA H100 80GB HBM3          On  |   00000000:5D:00.0 Off |                    0 |
| N/A   21C    P0             97W /  700W |       0MiB /  81559MiB |      0%      Default |
|                                         |                        |             Disabled |
+-----------------------------------------+------------------------+----------------------+
|   3  NVIDIA H100 80GB HBM3          On  |   00000000:9A:00.0 Off |                    0 |
| N/A   55C    P0            668W /  700W |   76483MiB /  81559MiB |    100%      Default |
|                                         |                        |             Disabled |
+-----------------------------------------+------------------------+----------------------+
|   4  NVIDIA H100 80GB HBM3          On  |   00000000:AB:00.0 Off |                    0 |
| N/A   64C    P0            668W /  700W |   76483MiB /  81559MiB |    100%      Default |
|                                         |                        |             Disabled |
+-----------------------------------------+------------------------+----------------------+
|   5  NVIDIA H100 80GB HBM3          On  |   00000000:BA:00.0 Off |                    0 |
| N/A   61C    P0            666W /  700W |   76483MiB /  81559MiB |    100%      Default |
|                                         |                        |             Disabled |
+-----------------------------------------+------------------------+----------------------+
|   6  NVIDIA H100 80GB HBM3          On  |   00000000:DB:00.0 Off |                    0 |
| N/A   54C    P0            673W /  700W |   76483MiB /  81559MiB |    100%      Default |
|                                         |                        |             Disabled |
+-----------------------------------------+------------------------+----------------------+

+-----------------------------------------------------------------------------------------+
| Processes:                                                                              |
|  GPU   GI   CI              PID   Type   Process name                        GPU Memory |
|        ID   ID                                                               Usage      |
|=========================================================================================|
|  No running processes found                                                             |
+-----------------------------------------------------------------------------------------+

===== 2026-09-09T06:05:11Z pokprod-b93r44s2 (nvidia-gpu-operator/nvidia-dcgm-kppxs) =====
Wed Sep  9 06:05:13 2026       
+-----------------------------------------------------------------------------------------+
| NVIDIA-SMI 580.105.08             Driver Version: 580.105.08     CUDA Version: 13.0     |
+-----------------------------------------+------------------------+----------------------+
| GPU  Name                 Persistence-M | Bus-Id          Disp.A | Volatile Uncorr. ECC |
| Fan  Temp   Perf          Pwr:Usage/Cap |           Memory-Usage | GPU-Util  Compute M. |
|                                         |                        |               MIG M. |
|=========================================+========================+======================|
|   0  NVIDIA H100 80GB HBM3          On  |   00000000:18:00.0 Off |                    0 |
| N/A   21C    P0             96W /  700W |       0MiB /  81559MiB |      0%      Default |
|                                         |                        |             Disabled |
+-----------------------------------------+------------------------+----------------------+
|   1  NVIDIA H100 80GB HBM3          On  |   00000000:3A:00.0 Off |                    0 |
| N/A   24C    P0             98W /  700W |       0MiB /  81559MiB |      0%      Default |
|                                         |                        |             Disabled |
+-----------------------------------------+------------------------+----------------------+
|   2  NVIDIA H100 80GB HBM3          On  |   00000000:5D:00.0 Off |                    0 |
| N/A   21C    P0             97W /  700W |       0MiB /  81559MiB |      0%      Default |
|                                         |                        |             Disabled |
+-----------------------------------------+------------------------+----------------------+
|   3  NVIDIA H100 80GB HBM3          On  |   00000000:9A:00.0 Off |                    0 |
| N/A   54C    P0            648W /  700W |   77199MiB /  81559MiB |    100%      Default |
|                                         |                        |             Disabled |
+-----------------------------------------+------------------------+----------------------+
|   4  NVIDIA H100 80GB HBM3          On  |   00000000:AB:00.0 Off |                    0 |
| N/A   61C    P0            646W /  700W |   77199MiB /  81559MiB |    100%      Default |
|                                         |                        |             Disabled |
+-----------------------------------------+------------------------+----------------------+
|   5  NVIDIA H100 80GB HBM3          On  |   00000000:BA:00.0 Off |                    0 |
| N/A   59C    P0            650W /  700W |   77199MiB /  81559MiB |    100%      Default |
|                                         |                        |             Disabled |
+-----------------------------------------+------------------------+----------------------+
|   6  NVIDIA H100 80GB HBM3          On  |   00000000:DB:00.0 Off |                    0 |
| N/A   52C    P0            644W /  700W |   77199MiB /  81559MiB |    100%      Default |
|                                         |                        |             Disabled |
+-----------------------------------------+------------------------+----------------------+

+-----------------------------------------------------------------------------------------+
| Processes:                                                                              |
|  GPU   GI   CI              PID   Type   Process name                        GPU Memory |
|        ID   ID                                                               Usage      |
|=========================================================================================|
|  No running processes found                                                             |
+-----------------------------------------------------------------------------------------+

===== 2026-09-09T06:05:24Z pokprod-b93r44s2 (nvidia-gpu-operator/nvidia-dcgm-kppxs) =====
Wed Sep  9 06:05:26 2026       
+-----------------------------------------------------------------------------------------+
| NVIDIA-SMI 580.105.08             Driver Version: 580.105.08     CUDA Version: 13.0     |
+-----------------------------------------+------------------------+----------------------+
| GPU  Name                 Persistence-M | Bus-Id          Disp.A | Volatile Uncorr. ECC |
| Fan  Temp   Perf          Pwr:Usage/Cap |           Memory-Usage | GPU-Util  Compute M. |
|                                         |                        |               MIG M. |
|=========================================+========================+======================|
|   0  NVIDIA H100 80GB HBM3          On  |   00000000:18:00.0 Off |                    0 |
| N/A   22C    P0             96W /  700W |       0MiB /  81559MiB |      0%      Default |
|                                         |                        |             Disabled |
+-----------------------------------------+------------------------+----------------------+
|   1  NVIDIA H100 80GB HBM3          On  |   00000000:3A:00.0 Off |                    0 |
| N/A   24C    P0             98W /  700W |       0MiB /  81559MiB |      0%      Default |
|                                         |                        |             Disabled |
+-----------------------------------------+------------------------+----------------------+
|   2  NVIDIA H100 80GB HBM3          On  |   00000000:5D:00.0 Off |                    0 |
| N/A   21C    P0             97W /  700W |       0MiB /  81559MiB |      0%      Default |
|                                         |                        |             Disabled |
+-----------------------------------------+------------------------+----------------------+
|   3  NVIDIA H100 80GB HBM3          On  |   00000000:9A:00.0 Off |                    0 |
| N/A   53C    P0            682W /  700W |   77199MiB /  81559MiB |    100%      Default |
|                                         |                        |             Disabled |
+-----------------------------------------+------------------------+----------------------+
|   4  NVIDIA H100 80GB HBM3          On  |   00000000:AB:00.0 Off |                    0 |
| N/A   64C    P0            683W /  700W |   77199MiB /  81559MiB |    100%      Default |
|                                         |                        |             Disabled |
+-----------------------------------------+------------------------+----------------------+
|   5  NVIDIA H100 80GB HBM3          On  |   00000000:BA:00.0 Off |                    0 |
| N/A   61C    P0            681W /  700W |   77199MiB /  81559MiB |    100%      Default |
|                                         |                        |             Disabled |
+-----------------------------------------+------------------------+----------------------+
|   6  NVIDIA H100 80GB HBM3          On  |   00000000:DB:00.0 Off |                    0 |
| N/A   54C    P0            690W /  700W |   77199MiB /  81559MiB |    100%      Default |
|                                         |                        |             Disabled |
+-----------------------------------------+------------------------+----------------------+

+-----------------------------------------------------------------------------------------+
| Processes:                                                                              |
|  GPU   GI   CI              PID   Type   Process name                        GPU Memory |
|        ID   ID                                                               Usage      |
|=========================================================================================|
|  No running processes found                                                             |
+-----------------------------------------------------------------------------------------+

===== 2026-09-09T06:05:37Z pokprod-b93r44s2 (nvidia-gpu-operator/nvidia-dcgm-kppxs) =====
Wed Sep  9 06:05:39 2026       
+-----------------------------------------------------------------------------------------+
| NVIDIA-SMI 580.105.08             Driver Version: 580.105.08     CUDA Version: 13.0     |
+-----------------------------------------+------------------------+----------------------+
| GPU  Name                 Persistence-M | Bus-Id          Disp.A | Volatile Uncorr. ECC |
| Fan  Temp   Perf          Pwr:Usage/Cap |           Memory-Usage | GPU-Util  Compute M. |
|                                         |                        |               MIG M. |
|=========================================+========================+======================|
|   0  NVIDIA H100 80GB HBM3          On  |   00000000:18:00.0 Off |                    0 |
| N/A   22C    P0             96W /  700W |       0MiB /  81559MiB |      0%      Default |
|                                         |                        |             Disabled |
+-----------------------------------------+------------------------+----------------------+
|   1  NVIDIA H100 80GB HBM3          On  |   00000000:3A:00.0 Off |                    0 |
| N/A   24C    P0             98W /  700W |       0MiB /  81559MiB |      0%      Default |
|                                         |                        |             Disabled |
+-----------------------------------------+------------------------+----------------------+
|   2  NVIDIA H100 80GB HBM3          On  |   00000000:5D:00.0 Off |                    0 |
| N/A   21C    P0             97W /  700W |       0MiB /  81559MiB |      0%      Default |
|                                         |                        |             Disabled |
+-----------------------------------------+------------------------+----------------------+
|   3  NVIDIA H100 80GB HBM3          On  |   00000000:9A:00.0 Off |                    0 |
| N/A   56C    P0            697W /  700W |   77199MiB /  81559MiB |    100%      Default |
|                                         |                        |             Disabled |
+-----------------------------------------+------------------------+----------------------+
|   4  NVIDIA H100 80GB HBM3          On  |   00000000:AB:00.0 Off |                    0 |
| N/A   64C    P0            695W /  700W |   77199MiB /  81559MiB |    100%      Default |
|                                         |                        |             Disabled |
+-----------------------------------------+------------------------+----------------------+
|   5  NVIDIA H100 80GB HBM3          On  |   00000000:BA:00.0 Off |                    0 |
| N/A   60C    P0            699W /  700W |   77199MiB /  81559MiB |    100%      Default |
|                                         |                        |             Disabled |
+-----------------------------------------+------------------------+----------------------+
|   6  NVIDIA H100 80GB HBM3          On  |   00000000:DB:00.0 Off |                    0 |
| N/A   55C    P0            696W /  700W |   77199MiB /  81559MiB |    100%      Default |
|                                         |                        |             Disabled |
+-----------------------------------------+------------------------+----------------------+

+-----------------------------------------------------------------------------------------+
| Processes:                                                                              |
|  GPU   GI   CI              PID   Type   Process name                        GPU Memory |
|        ID   ID                                                               Usage      |
|=========================================================================================|
|  No running processes found                                                             |
+-----------------------------------------------------------------------------------------+

===== 2026-09-09T06:05:50Z pokprod-b93r44s2 (nvidia-gpu-operator/nvidia-dcgm-kppxs) =====
Wed Sep  9 06:05:52 2026       
+-----------------------------------------------------------------------------------------+
| NVIDIA-SMI 580.105.08             Driver Version: 580.105.08     CUDA Version: 13.0     |
+-----------------------------------------+------------------------+----------------------+
| GPU  Name                 Persistence-M | Bus-Id          Disp.A | Volatile Uncorr. ECC |
| Fan  Temp   Perf          Pwr:Usage/Cap |           Memory-Usage | GPU-Util  Compute M. |
|                                         |                        |               MIG M. |
|=========================================+========================+======================|
|   0  NVIDIA H100 80GB HBM3          On  |   00000000:18:00.0 Off |                    0 |
| N/A   21C    P0             96W /  700W |       0MiB /  81559MiB |      0%      Default |
|                                         |                        |             Disabled |
+-----------------------------------------+------------------------+----------------------+
|   1  NVIDIA H100 80GB HBM3          On  |   00000000:3A:00.0 Off |                    0 |
| N/A   24C    P0             98W /  700W |       0MiB /  81559MiB |      0%      Default |
|                                         |                        |             Disabled |
+-----------------------------------------+------------------------+----------------------+
|   2  NVIDIA H100 80GB HBM3          On  |   00000000:5D:00.0 Off |                    0 |
| N/A   21C    P0             97W /  700W |       0MiB /  81559MiB |      0%      Default |
|                                         |                        |             Disabled |
+-----------------------------------------+------------------------+----------------------+
|   3  NVIDIA H100 80GB HBM3          On  |   00000000:9A:00.0 Off |                    0 |
| N/A   56C    P0            689W /  700W |   77199MiB /  81559MiB |    100%      Default |
|                                         |                        |             Disabled |
+-----------------------------------------+------------------------+----------------------+
|   4  NVIDIA H100 80GB HBM3          On  |   00000000:AB:00.0 Off |                    0 |
| N/A   63C    P0            692W /  700W |   77199MiB /  81559MiB |    100%      Default |
|                                         |                        |             Disabled |
+-----------------------------------------+------------------------+----------------------+
|   5  NVIDIA H100 80GB HBM3          On  |   00000000:BA:00.0 Off |                    0 |
| N/A   60C    P0            688W /  700W |   77199MiB /  81559MiB |    100%      Default |
|                                         |                        |             Disabled |
+-----------------------------------------+------------------------+----------------------+
|   6  NVIDIA H100 80GB HBM3          On  |   00000000:DB:00.0 Off |                    0 |
| N/A   54C    P0            688W /  700W |   77199MiB /  81559MiB |    100%      Default |
|                                         |                        |             Disabled |
+-----------------------------------------+------------------------+----------------------+

+-----------------------------------------------------------------------------------------+
| Processes:                                                                              |
|  GPU   GI   CI              PID   Type   Process name                        GPU Memory |
|        ID   ID                                                               Usage      |
|=========================================================================================|
|  No running processes found                                                             |
+-----------------------------------------------------------------------------------------+

===== 2026-09-09T06:06:03Z pokprod-b93r44s2 (nvidia-gpu-operator/nvidia-dcgm-kppxs) =====
Wed Sep  9 06:06:05 2026       
+-----------------------------------------------------------------------------------------+
| NVIDIA-SMI 580.105.08             Driver Version: 580.105.08     CUDA Version: 13.0     |
+-----------------------------------------+------------------------+----------------------+
| GPU  Name                 Persistence-M | Bus-Id          Disp.A | Volatile Uncorr. ECC |
| Fan  Temp   Perf          Pwr:Usage/Cap |           Memory-Usage | GPU-Util  Compute M. |
|                                         |                        |               MIG M. |
|=========================================+========================+======================|
|   0  NVIDIA H100 80GB HBM3          On  |   00000000:18:00.0 Off |                    0 |
| N/A   21C    P0             96W /  700W |       0MiB /  81559MiB |      0%      Default |
|                                         |                        |             Disabled |
+-----------------------------------------+------------------------+----------------------+
|   1  NVIDIA H100 80GB HBM3          On  |   00000000:3A:00.0 Off |                    0 |
| N/A   24C    P0             98W /  700W |       0MiB /  81559MiB |      0%      Default |
|                                         |                        |             Disabled |
+-----------------------------------------+------------------------+----------------------+
|   2  NVIDIA H100 80GB HBM3          On  |   00000000:5D:00.0 Off |                    0 |
| N/A   21C    P0             97W /  700W |       0MiB /  81559MiB |      0%      Default |
|                                         |                        |             Disabled |
+-----------------------------------------+------------------------+----------------------+
|   3  NVIDIA H100 80GB HBM3          On  |   00000000:9A:00.0 Off |                    0 |
| N/A   57C    P0            679W /  700W |   77199MiB /  81559MiB |    100%      Default |
|                                         |                        |             Disabled |
+-----------------------------------------+------------------------+----------------------+
|   4  NVIDIA H100 80GB HBM3          On  |   00000000:AB:00.0 Off |                    0 |
| N/A   60C    P0            676W /  700W |   77199MiB /  81559MiB |    100%      Default |
|                                         |                        |             Disabled |
+-----------------------------------------+------------------------+----------------------+
|   5  NVIDIA H100 80GB HBM3          On  |   00000000:BA:00.0 Off |                    0 |
| N/A   57C    P0            677W /  700W |   77199MiB /  81559MiB |    100%      Default |
|                                         |                        |             Disabled |
+-----------------------------------------+------------------------+----------------------+
|   6  NVIDIA H100 80GB HBM3          On  |   00000000:DB:00.0 Off |                    0 |
| N/A   50C    P0            663W /  700W |   77199MiB /  81559MiB |    100%      Default |
|                                         |                        |             Disabled |
+-----------------------------------------+------------------------+----------------------+

+-----------------------------------------------------------------------------------------+
| Processes:                                                                              |
|  GPU   GI   CI              PID   Type   Process name                        GPU Memory |
|        ID   ID                                                               Usage      |
|=========================================================================================|
|  No running processes found                                                             |
+-----------------------------------------------------------------------------------------+

===== 2026-09-09T06:06:16Z pokprod-b93r44s2 (nvidia-gpu-operator/nvidia-dcgm-kppxs) =====
Wed Sep  9 06:06:18 2026       
+-----------------------------------------------------------------------------------------+
| NVIDIA-SMI 580.105.08             Driver Version: 580.105.08     CUDA Version: 13.0     |
+-----------------------------------------+------------------------+----------------------+
| GPU  Name                 Persistence-M | Bus-Id          Disp.A | Volatile Uncorr. ECC |
| Fan  Temp   Perf          Pwr:Usage/Cap |           Memory-Usage | GPU-Util  Compute M. |
|                                         |                        |               MIG M. |
|=========================================+========================+======================|
|   0  NVIDIA H100 80GB HBM3          On  |   00000000:18:00.0 Off |                    0 |
| N/A   22C    P0             96W /  700W |       0MiB /  81559MiB |      0%      Default |
|                                         |                        |             Disabled |
+-----------------------------------------+------------------------+----------------------+
|   1  NVIDIA H100 80GB HBM3          On  |   00000000:3A:00.0 Off |                    0 |
| N/A   24C    P0             98W /  700W |       0MiB /  81559MiB |      0%      Default |
|                                         |                        |             Disabled |
+-----------------------------------------+------------------------+----------------------+
|   2  NVIDIA H100 80GB HBM3          On  |   00000000:5D:00.0 Off |                    0 |
| N/A   21C    P0             97W /  700W |       0MiB /  81559MiB |      0%      Default |
|                                         |                        |             Disabled |
+-----------------------------------------+------------------------+----------------------+
|   3  NVIDIA H100 80GB HBM3          On  |   00000000:9A:00.0 Off |                    0 |
| N/A   51C    P0            613W /  700W |   77199MiB /  81559MiB |    100%      Default |
|                                         |                        |             Disabled |
+-----------------------------------------+------------------------+----------------------+
|   4  NVIDIA H100 80GB HBM3          On  |   00000000:AB:00.0 Off |                    0 |
| N/A   58C    P0            612W /  700W |   77199MiB /  81559MiB |    100%      Default |
|                                         |                        |             Disabled |
+-----------------------------------------+------------------------+----------------------+
|   5  NVIDIA H100 80GB HBM3          On  |   00000000:BA:00.0 Off |                    0 |
| N/A   54C    P0            600W /  700W |   77199MiB /  81559MiB |    100%      Default |
|                                         |                        |             Disabled |
+-----------------------------------------+------------------------+----------------------+
|   6  NVIDIA H100 80GB HBM3          On  |   00000000:DB:00.0 Off |                    0 |
| N/A   48C    P0            601W /  700W |   77199MiB /  81559MiB |    100%      Default |
|                                         |                        |             Disabled |
+-----------------------------------------+------------------------+----------------------+

+-----------------------------------------------------------------------------------------+
| Processes:                                                                              |
|  GPU   GI   CI              PID   Type   Process name                        GPU Memory |
|        ID   ID                                                               Usage      |
|=========================================================================================|
|  No running processes found                                                             |
+-----------------------------------------------------------------------------------------+

===== 2026-09-09T06:06:29Z pokprod-b93r44s2 (nvidia-gpu-operator/nvidia-dcgm-kppxs) =====
Wed Sep  9 06:06:31 2026       
+-----------------------------------------------------------------------------------------+
| NVIDIA-SMI 580.105.08             Driver Version: 580.105.08     CUDA Version: 13.0     |
+-----------------------------------------+------------------------+----------------------+
| GPU  Name                 Persistence-M | Bus-Id          Disp.A | Volatile Uncorr. ECC |
| Fan  Temp   Perf          Pwr:Usage/Cap |           Memory-Usage | GPU-Util  Compute M. |
|                                         |                        |               MIG M. |
|=========================================+========================+======================|
|   0  NVIDIA H100 80GB HBM3          On  |   00000000:18:00.0 Off |                    0 |
| N/A   21C    P0             96W /  700W |       0MiB /  81559MiB |      0%      Default |
|                                         |                        |             Disabled |
+-----------------------------------------+------------------------+----------------------+
|   1  NVIDIA H100 80GB HBM3          On  |   00000000:3A:00.0 Off |                    0 |
| N/A   24C    P0             98W /  700W |       0MiB /  81559MiB |      0%      Default |
|                                         |                        |             Disabled |
+-----------------------------------------+------------------------+----------------------+
|   2  NVIDIA H100 80GB HBM3          On  |   00000000:5D:00.0 Off |                    0 |
| N/A   21C    P0             97W /  700W |       0MiB /  81559MiB |      0%      Default |
|                                         |                        |             Disabled |
+-----------------------------------------+------------------------+----------------------+
|   3  NVIDIA H100 80GB HBM3          On  |   00000000:9A:00.0 Off |                    0 |
| N/A   56C    P0            607W /  700W |   77199MiB /  81559MiB |    100%      Default |
|                                         |                        |             Disabled |
+-----------------------------------------+------------------------+----------------------+
|   4  NVIDIA H100 80GB HBM3          On  |   00000000:AB:00.0 Off |                    0 |
| N/A   63C    P0            625W /  700W |   77199MiB /  81559MiB |    100%      Default |
|                                         |                        |             Disabled |
+-----------------------------------------+------------------------+----------------------+
|   5  NVIDIA H100 80GB HBM3          On  |   00000000:BA:00.0 Off |                    0 |
| N/A   60C    P0            613W /  700W |   77199MiB /  81559MiB |    100%      Default |
|                                         |                        |             Disabled |
+-----------------------------------------+------------------------+----------------------+
|   6  NVIDIA H100 80GB HBM3          On  |   00000000:DB:00.0 Off |                    0 |
| N/A   54C    P0            622W /  700W |   77199MiB /  81559MiB |    100%      Default |
|                                         |                        |             Disabled |
+-----------------------------------------+------------------------+----------------------+

+-----------------------------------------------------------------------------------------+
| Processes:                                                                              |
|  GPU   GI   CI              PID   Type   Process name                        GPU Memory |
|        ID   ID                                                               Usage      |
|=========================================================================================|
|  No running processes found                                                             |
+-----------------------------------------------------------------------------------------+

===== 2026-09-09T06:06:42Z pokprod-b93r44s2 (nvidia-gpu-operator/nvidia-dcgm-kppxs) =====
Wed Sep  9 06:06:44 2026       
+-----------------------------------------------------------------------------------------+
| NVIDIA-SMI 580.105.08             Driver Version: 580.105.08     CUDA Version: 13.0     |
+-----------------------------------------+------------------------+----------------------+
| GPU  Name                 Persistence-M | Bus-Id          Disp.A | Volatile Uncorr. ECC |
| Fan  Temp   Perf          Pwr:Usage/Cap |           Memory-Usage | GPU-Util  Compute M. |
|                                         |                        |               MIG M. |
|=========================================+========================+======================|
|   0  NVIDIA H100 80GB HBM3          On  |   00000000:18:00.0 Off |                    0 |
| N/A   22C    P0             96W /  700W |       0MiB /  81559MiB |      0%      Default |
|                                         |                        |             Disabled |
+-----------------------------------------+------------------------+----------------------+
|   1  NVIDIA H100 80GB HBM3          On  |   00000000:3A:00.0 Off |                    0 |
| N/A   24C    P0             98W /  700W |       0MiB /  81559MiB |      0%      Default |
|                                         |                        |             Disabled |
+-----------------------------------------+------------------------+----------------------+
|   2  NVIDIA H100 80GB HBM3          On  |   00000000:5D:00.0 Off |                    0 |
| N/A   21C    P0             97W /  700W |       0MiB /  81559MiB |      0%      Default |
|                                         |                        |             Disabled |
+-----------------------------------------+------------------------+----------------------+
|   3  NVIDIA H100 80GB HBM3          On  |   00000000:9A:00.0 Off |                    0 |
| N/A   49C    P0            589W /  700W |   77199MiB /  81559MiB |     99%      Default |
|                                         |                        |             Disabled |
+-----------------------------------------+------------------------+----------------------+
|   4  NVIDIA H100 80GB HBM3          On  |   00000000:AB:00.0 Off |                    0 |
| N/A   57C    P0            582W /  700W |   77199MiB /  81559MiB |    100%      Default |
|                                         |                        |             Disabled |
+-----------------------------------------+------------------------+----------------------+
|   5  NVIDIA H100 80GB HBM3          On  |   00000000:BA:00.0 Off |                    0 |
| N/A   53C    P0            585W /  700W |   77199MiB /  81559MiB |     99%      Default |
|                                         |                        |             Disabled |
+-----------------------------------------+------------------------+----------------------+
|   6  NVIDIA H100 80GB HBM3          On  |   00000000:DB:00.0 Off |                    0 |
| N/A   46C    P0            585W /  700W |   77199MiB /  81559MiB |    100%      Default |
|                                         |                        |             Disabled |
+-----------------------------------------+------------------------+----------------------+

+-----------------------------------------------------------------------------------------+
| Processes:                                                                              |
|  GPU   GI   CI              PID   Type   Process name                        GPU Memory |
|        ID   ID                                                               Usage      |
|=========================================================================================|
|  No running processes found                                                             |
+-----------------------------------------------------------------------------------------+

===== 2026-09-09T06:06:55Z pokprod-b93r44s2 (nvidia-gpu-operator/nvidia-dcgm-kppxs) =====
Wed Sep  9 06:06:57 2026       
+-----------------------------------------------------------------------------------------+
| NVIDIA-SMI 580.105.08             Driver Version: 580.105.08     CUDA Version: 13.0     |
+-----------------------------------------+------------------------+----------------------+
| GPU  Name                 Persistence-M | Bus-Id          Disp.A | Volatile Uncorr. ECC |
| Fan  Temp   Perf          Pwr:Usage/Cap |           Memory-Usage | GPU-Util  Compute M. |
|                                         |                        |               MIG M. |
|=========================================+========================+======================|
|   0  NVIDIA H100 80GB HBM3          On  |   00000000:18:00.0 Off |                    0 |
| N/A   22C    P0             96W /  700W |       0MiB /  81559MiB |      0%      Default |
|                                         |                        |             Disabled |
+-----------------------------------------+------------------------+----------------------+
|   1  NVIDIA H100 80GB HBM3          On  |   00000000:3A:00.0 Off |                    0 |
| N/A   24C    P0             98W /  700W |       0MiB /  81559MiB |      0%      Default |
|                                         |                        |             Disabled |
+-----------------------------------------+------------------------+----------------------+
|   2  NVIDIA H100 80GB HBM3          On  |   00000000:5D:00.0 Off |                    0 |
| N/A   21C    P0             97W /  700W |       0MiB /  81559MiB |      0%      Default |
|                                         |                        |             Disabled |
+-----------------------------------------+------------------------+----------------------+
|   3  NVIDIA H100 80GB HBM3          On  |   00000000:9A:00.0 Off |                    0 |
| N/A   52C    P0            697W /  700W |   77199MiB /  81559MiB |    100%      Default |
|                                         |                        |             Disabled |
+-----------------------------------------+------------------------+----------------------+
|   4  NVIDIA H100 80GB HBM3          On  |   00000000:AB:00.0 Off |                    0 |
| N/A   60C    P0            694W /  700W |   77199MiB /  81559MiB |    100%      Default |
|                                         |                        |             Disabled |
+-----------------------------------------+------------------------+----------------------+
|   5  NVIDIA H100 80GB HBM3          On  |   00000000:BA:00.0 Off |                    0 |
| N/A   59C    P0            694W /  700W |   77199MiB /  81559MiB |    100%      Default |
|                                         |                        |             Disabled |
+-----------------------------------------+------------------------+----------------------+
|   6  NVIDIA H100 80GB HBM3          On  |   00000000:DB:00.0 Off |                    0 |
| N/A   53C    P0            690W /  700W |   77199MiB /  81559MiB |    100%      Default |
|                                         |                        |             Disabled |
+-----------------------------------------+------------------------+----------------------+

+-----------------------------------------------------------------------------------------+
| Processes:                                                                              |
|  GPU   GI   CI              PID   Type   Process name                        GPU Memory |
|        ID   ID                                                               Usage      |
|=========================================================================================|
|  No running processes found                                                             |
+-----------------------------------------------------------------------------------------+

===== 2026-09-09T06:07:07Z pokprod-b93r44s2 (nvidia-gpu-operator/nvidia-dcgm-kppxs) =====
Wed Sep  9 06:07:10 2026       
+-----------------------------------------------------------------------------------------+
| NVIDIA-SMI 580.105.08             Driver Version: 580.105.08     CUDA Version: 13.0     |
+-----------------------------------------+------------------------+----------------------+
| GPU  Name                 Persistence-M | Bus-Id          Disp.A | Volatile Uncorr. ECC |
| Fan  Temp   Perf          Pwr:Usage/Cap |           Memory-Usage | GPU-Util  Compute M. |
|                                         |                        |               MIG M. |
|=========================================+========================+======================|
|   0  NVIDIA H100 80GB HBM3          On  |   00000000:18:00.0 Off |                    0 |
| N/A   22C    P0             96W /  700W |       0MiB /  81559MiB |      0%      Default |
|                                         |                        |             Disabled |
+-----------------------------------------+------------------------+----------------------+
|   1  NVIDIA H100 80GB HBM3          On  |   00000000:3A:00.0 Off |                    0 |
| N/A   24C    P0             98W /  700W |       0MiB /  81559MiB |      0%      Default |
|                                         |                        |             Disabled |
+-----------------------------------------+------------------------+----------------------+
|   2  NVIDIA H100 80GB HBM3          On  |   00000000:5D:00.0 Off |                    0 |
| N/A   21C    P0             97W /  700W |       0MiB /  81559MiB |      0%      Default |
|                                         |                        |             Disabled |
+-----------------------------------------+------------------------+----------------------+
|   3  NVIDIA H100 80GB HBM3          On  |   00000000:9A:00.0 Off |                    0 |
| N/A   55C    P0            668W /  700W |   77199MiB /  81559MiB |    100%      Default |
|                                         |                        |             Disabled |
+-----------------------------------------+------------------------+----------------------+
|   4  NVIDIA H100 80GB HBM3          On  |   00000000:AB:00.0 Off |                    0 |
| N/A   64C    P0            678W /  700W |   77199MiB /  81559MiB |    100%      Default |
|                                         |                        |             Disabled |
+-----------------------------------------+------------------------+----------------------+
|   5  NVIDIA H100 80GB HBM3          On  |   00000000:BA:00.0 Off |                    0 |
| N/A   58C    P0            665W /  700W |   77199MiB /  81559MiB |    100%      Default |
|                                         |                        |             Disabled |
+-----------------------------------------+------------------------+----------------------+
|   6  NVIDIA H100 80GB HBM3          On  |   00000000:DB:00.0 Off |                    0 |
| N/A   54C    P0            667W /  700W |   77199MiB /  81559MiB |    100%      Default |
|                                         |                        |             Disabled |
+-----------------------------------------+------------------------+----------------------+

+-----------------------------------------------------------------------------------------+
| Processes:                                                                              |
|  GPU   GI   CI              PID   Type   Process name                        GPU Memory |
|        ID   ID                                                               Usage      |
|=========================================================================================|
|  No running processes found                                                             |
+-----------------------------------------------------------------------------------------+

===== 2026-09-09T06:07:20Z pokprod-b93r44s2 (nvidia-gpu-operator/nvidia-dcgm-kppxs) =====
Wed Sep  9 06:07:22 2026       
+-----------------------------------------------------------------------------------------+
| NVIDIA-SMI 580.105.08             Driver Version: 580.105.08     CUDA Version: 13.0     |
+-----------------------------------------+------------------------+----------------------+
| GPU  Name                 Persistence-M | Bus-Id          Disp.A | Volatile Uncorr. ECC |
| Fan  Temp   Perf          Pwr:Usage/Cap |           Memory-Usage | GPU-Util  Compute M. |
|                                         |                        |               MIG M. |
|=========================================+========================+======================|
|   0  NVIDIA H100 80GB HBM3          On  |   00000000:18:00.0 Off |                    0 |
| N/A   22C    P0             96W /  700W |       0MiB /  81559MiB |      0%      Default |
|                                         |                        |             Disabled |
+-----------------------------------------+------------------------+----------------------+
|   1  NVIDIA H100 80GB HBM3          On  |   00000000:3A:00.0 Off |                    0 |
| N/A   24C    P0             98W /  700W |       0MiB /  81559MiB |      0%      Default |
|                                         |                        |             Disabled |
+-----------------------------------------+------------------------+----------------------+
|   2  NVIDIA H100 80GB HBM3          On  |   00000000:5D:00.0 Off |                    0 |
| N/A   21C    P0             97W /  700W |       0MiB /  81559MiB |      0%      Default |
|                                         |                        |             Disabled |
+-----------------------------------------+------------------------+----------------------+
|   3  NVIDIA H100 80GB HBM3          On  |   00000000:9A:00.0 Off |                    0 |
| N/A   54C    P0            634W /  700W |   77199MiB /  81559MiB |    100%      Default |
|                                         |                        |             Disabled |
+-----------------------------------------+------------------------+----------------------+
|   4  NVIDIA H100 80GB HBM3          On  |   00000000:AB:00.0 Off |                    0 |
| N/A   62C    P0            629W /  700W |   77199MiB /  81559MiB |    100%      Default |
|                                         |                        |             Disabled |
+-----------------------------------------+------------------------+----------------------+
|   5  NVIDIA H100 80GB HBM3          On  |   00000000:BA:00.0 Off |                    0 |
| N/A   59C    P0            624W /  700W |   77199MiB /  81559MiB |    100%      Default |
|                                         |                        |             Disabled |
+-----------------------------------------+------------------------+----------------------+
|   6  NVIDIA H100 80GB HBM3          On  |   00000000:DB:00.0 Off |                    0 |
| N/A   53C    P0            624W /  700W |   77199MiB /  81559MiB |    100%      Default |
|                                         |                        |             Disabled |
+-----------------------------------------+------------------------+----------------------+

+-----------------------------------------------------------------------------------------+
| Processes:                                                                              |
|  GPU   GI   CI              PID   Type   Process name                        GPU Memory |
|        ID   ID                                                               Usage      |
|=========================================================================================|
|  No running processes found                                                             |
+-----------------------------------------------------------------------------------------+

===== 2026-09-09T06:07:34Z pokprod-b93r44s2 (nvidia-gpu-operator/nvidia-dcgm-kppxs) =====
Wed Sep  9 06:07:36 2026       
+-----------------------------------------------------------------------------------------+
| NVIDIA-SMI 580.105.08             Driver Version: 580.105.08     CUDA Version: 13.0     |
+-----------------------------------------+------------------------+----------------------+
| GPU  Name                 Persistence-M | Bus-Id          Disp.A | Volatile Uncorr. ECC |
| Fan  Temp   Perf          Pwr:Usage/Cap |           Memory-Usage | GPU-Util  Compute M. |
|                                         |                        |               MIG M. |
|=========================================+========================+======================|
|   0  NVIDIA H100 80GB HBM3          On  |   00000000:18:00.0 Off |                    0 |
| N/A   22C    P0             96W /  700W |       0MiB /  81559MiB |      0%      Default |
|                                         |                        |             Disabled |
+-----------------------------------------+------------------------+----------------------+
|   1  NVIDIA H100 80GB HBM3          On  |   00000000:3A:00.0 Off |                    0 |
| N/A   24C    P0             98W /  700W |       0MiB /  81559MiB |      0%      Default |
|                                         |                        |             Disabled |
+-----------------------------------------+------------------------+----------------------+
|   2  NVIDIA H100 80GB HBM3          On  |   00000000:5D:00.0 Off |                    0 |
| N/A   21C    P0             97W /  700W |       0MiB /  81559MiB |      0%      Default |
|                                         |                        |             Disabled |
+-----------------------------------------+------------------------+----------------------+
|   3  NVIDIA H100 80GB HBM3          On  |   00000000:9A:00.0 Off |                    0 |
| N/A   57C    P0            693W /  700W |   77199MiB /  81559MiB |    100%      Default |
|                                         |                        |             Disabled |
+-----------------------------------------+------------------------+----------------------+
|   4  NVIDIA H100 80GB HBM3          On  |   00000000:AB:00.0 Off |                    0 |
| N/A   64C    P0            697W /  700W |   77199MiB /  81559MiB |    100%      Default |
|                                         |                        |             Disabled |
+-----------------------------------------+------------------------+----------------------+
|   5  NVIDIA H100 80GB HBM3          On  |   00000000:BA:00.0 Off |                    0 |
| N/A   60C    P0            694W /  700W |   77199MiB /  81559MiB |    100%      Default |
|                                         |                        |             Disabled |
+-----------------------------------------+------------------------+----------------------+
|   6  NVIDIA H100 80GB HBM3          On  |   00000000:DB:00.0 Off |                    0 |
| N/A   55C    P0            703W /  700W |   77199MiB /  81559MiB |    100%      Default |
|                                         |                        |             Disabled |
+-----------------------------------------+------------------------+----------------------+

+-----------------------------------------------------------------------------------------+
| Processes:                                                                              |
|  GPU   GI   CI              PID   Type   Process name                        GPU Memory |
|        ID   ID                                                               Usage      |
|=========================================================================================|
|  No running processes found                                                             |
+-----------------------------------------------------------------------------------------+

===== 2026-09-09T06:07:47Z pokprod-b93r44s2 (nvidia-gpu-operator/nvidia-dcgm-kppxs) =====
Wed Sep  9 06:07:49 2026       
+-----------------------------------------------------------------------------------------+
| NVIDIA-SMI 580.105.08             Driver Version: 580.105.08     CUDA Version: 13.0     |
+-----------------------------------------+------------------------+----------------------+
| GPU  Name                 Persistence-M | Bus-Id          Disp.A | Volatile Uncorr. ECC |
| Fan  Temp   Perf          Pwr:Usage/Cap |           Memory-Usage | GPU-Util  Compute M. |
|                                         |                        |               MIG M. |
|=========================================+========================+======================|
|   0  NVIDIA H100 80GB HBM3          On  |   00000000:18:00.0 Off |                    0 |
| N/A   22C    P0             96W /  700W |       0MiB /  81559MiB |      0%      Default |
|                                         |                        |             Disabled |
+-----------------------------------------+------------------------+----------------------+
|   1  NVIDIA H100 80GB HBM3          On  |   00000000:3A:00.0 Off |                    0 |
| N/A   24C    P0             98W /  700W |       0MiB /  81559MiB |      0%      Default |
|                                         |                        |             Disabled |
+-----------------------------------------+------------------------+----------------------+
|   2  NVIDIA H100 80GB HBM3          On  |   00000000:5D:00.0 Off |                    0 |
| N/A   21C    P0             97W /  700W |       0MiB /  81559MiB |      0%      Default |
|                                         |                        |             Disabled |
+-----------------------------------------+------------------------+----------------------+
|   3  NVIDIA H100 80GB HBM3          On  |   00000000:9A:00.0 Off |                    0 |
| N/A   50C    P0            591W /  700W |   77199MiB /  81559MiB |    100%      Default |
|                                         |                        |             Disabled |
+-----------------------------------------+------------------------+----------------------+
|   4  NVIDIA H100 80GB HBM3          On  |   00000000:AB:00.0 Off |                    0 |
| N/A   56C    P0            594W /  700W |   77199MiB /  81559MiB |    100%      Default |
|                                         |                        |             Disabled |
+-----------------------------------------+------------------------+----------------------+
|   5  NVIDIA H100 80GB HBM3          On  |   00000000:BA:00.0 Off |                    0 |
| N/A   53C    P0            597W /  700W |   77199MiB /  81559MiB |    100%      Default |
|                                         |                        |             Disabled |
+-----------------------------------------+------------------------+----------------------+
|   6  NVIDIA H100 80GB HBM3          On  |   00000000:DB:00.0 Off |                    0 |
| N/A   46C    P0            585W /  700W |   77199MiB /  81559MiB |    100%      Default |
|                                         |                        |             Disabled |
+-----------------------------------------+------------------------+----------------------+

+-----------------------------------------------------------------------------------------+
| Processes:                                                                              |
|  GPU   GI   CI              PID   Type   Process name                        GPU Memory |
|        ID   ID                                                               Usage      |
|=========================================================================================|
|  No running processes found                                                             |
+-----------------------------------------------------------------------------------------+

===== 2026-09-09T06:07:59Z pokprod-b93r44s2 (nvidia-gpu-operator/nvidia-dcgm-kppxs) =====
Wed Sep  9 06:08:02 2026       
+-----------------------------------------------------------------------------------------+
| NVIDIA-SMI 580.105.08             Driver Version: 580.105.08     CUDA Version: 13.0     |
+-----------------------------------------+------------------------+----------------------+
| GPU  Name                 Persistence-M | Bus-Id          Disp.A | Volatile Uncorr. ECC |
| Fan  Temp   Perf          Pwr:Usage/Cap |           Memory-Usage | GPU-Util  Compute M. |
|                                         |                        |               MIG M. |
|=========================================+========================+======================|
|   0  NVIDIA H100 80GB HBM3          On  |   00000000:18:00.0 Off |                    0 |
| N/A   22C    P0             96W /  700W |       0MiB /  81559MiB |      0%      Default |
|                                         |                        |             Disabled |
+-----------------------------------------+------------------------+----------------------+
|   1  NVIDIA H100 80GB HBM3          On  |   00000000:3A:00.0 Off |                    0 |
| N/A   24C    P0             98W /  700W |       0MiB /  81559MiB |      0%      Default |
|                                         |                        |             Disabled |
+-----------------------------------------+------------------------+----------------------+
|   2  NVIDIA H100 80GB HBM3          On  |   00000000:5D:00.0 Off |                    0 |
| N/A   21C    P0             97W /  700W |       0MiB /  81559MiB |      0%      Default |
|                                         |                        |             Disabled |
+-----------------------------------------+------------------------+----------------------+
|   3  NVIDIA H100 80GB HBM3          On  |   00000000:9A:00.0 Off |                    0 |
| N/A   58C    P0            670W /  700W |   77199MiB /  81559MiB |    100%      Default |
|                                         |                        |             Disabled |
+-----------------------------------------+------------------------+----------------------+
|   4  NVIDIA H100 80GB HBM3          On  |   00000000:AB:00.0 Off |                    0 |
| N/A   64C    P0            675W /  700W |   77199MiB /  81559MiB |    100%      Default |
|                                         |                        |             Disabled |
+-----------------------------------------+------------------------+----------------------+
|   5  NVIDIA H100 80GB HBM3          On  |   00000000:BA:00.0 Off |                    0 |
| N/A   60C    P0            673W /  700W |   77199MiB /  81559MiB |    100%      Default |
|                                         |                        |             Disabled |
+-----------------------------------------+------------------------+----------------------+
|   6  NVIDIA H100 80GB HBM3          On  |   00000000:DB:00.0 Off |                    0 |
| N/A   55C    P0            665W /  700W |   77199MiB /  81559MiB |    100%      Default |
|                                         |                        |             Disabled |
+-----------------------------------------+------------------------+----------------------+

+-----------------------------------------------------------------------------------------+
| Processes:                                                                              |
|  GPU   GI   CI              PID   Type   Process name                        GPU Memory |
|        ID   ID                                                               Usage      |
|=========================================================================================|
|  No running processes found                                                             |
+-----------------------------------------------------------------------------------------+

===== 2026-09-09T06:08:12Z pokprod-b93r44s2 (nvidia-gpu-operator/nvidia-dcgm-kppxs) =====
Wed Sep  9 06:08:14 2026       
+-----------------------------------------------------------------------------------------+
| NVIDIA-SMI 580.105.08             Driver Version: 580.105.08     CUDA Version: 13.0     |
+-----------------------------------------+------------------------+----------------------+
| GPU  Name                 Persistence-M | Bus-Id          Disp.A | Volatile Uncorr. ECC |
| Fan  Temp   Perf          Pwr:Usage/Cap |           Memory-Usage | GPU-Util  Compute M. |
|                                         |                        |               MIG M. |
|=========================================+========================+======================|
|   0  NVIDIA H100 80GB HBM3          On  |   00000000:18:00.0 Off |                    0 |
| N/A   22C    P0             96W /  700W |       0MiB /  81559MiB |      0%      Default |
|                                         |                        |             Disabled |
+-----------------------------------------+------------------------+----------------------+
|   1  NVIDIA H100 80GB HBM3          On  |   00000000:3A:00.0 Off |                    0 |
| N/A   24C    P0             98W /  700W |       0MiB /  81559MiB |      0%      Default |
|                                         |                        |             Disabled |
+-----------------------------------------+------------------------+----------------------+
|   2  NVIDIA H100 80GB HBM3          On  |   00000000:5D:00.0 Off |                    0 |
| N/A   21C    P0             97W /  700W |       0MiB /  81559MiB |      0%      Default |
|                                         |                        |             Disabled |
+-----------------------------------------+------------------------+----------------------+
|   3  NVIDIA H100 80GB HBM3          On  |   00000000:9A:00.0 Off |                    0 |
| N/A   57C    P0            663W /  700W |   77199MiB /  81559MiB |    100%      Default |
|                                         |                        |             Disabled |
+-----------------------------------------+------------------------+----------------------+
|   4  NVIDIA H100 80GB HBM3          On  |   00000000:AB:00.0 Off |                    0 |
| N/A   65C    P0            669W /  700W |   77199MiB /  81559MiB |    100%      Default |
|                                         |                        |             Disabled |
+-----------------------------------------+------------------------+----------------------+
|   5  NVIDIA H100 80GB HBM3          On  |   00000000:BA:00.0 Off |                    0 |
| N/A   61C    P0            661W /  700W |   77199MiB /  81559MiB |    100%      Default |
|                                         |                        |             Disabled |
+-----------------------------------------+------------------------+----------------------+
|   6  NVIDIA H100 80GB HBM3          On  |   00000000:DB:00.0 Off |                    0 |
| N/A   55C    P0            672W /  700W |   77199MiB /  81559MiB |    100%      Default |
|                                         |                        |             Disabled |
+-----------------------------------------+------------------------+----------------------+

+-----------------------------------------------------------------------------------------+
| Processes:                                                                              |
|  GPU   GI   CI              PID   Type   Process name                        GPU Memory |
|        ID   ID                                                               Usage      |
|=========================================================================================|
|  No running processes found                                                             |
+-----------------------------------------------------------------------------------------+

===== 2026-09-09T06:08:25Z pokprod-b93r44s2 (nvidia-gpu-operator/nvidia-dcgm-kppxs) =====
Wed Sep  9 06:08:27 2026       
+-----------------------------------------------------------------------------------------+
| NVIDIA-SMI 580.105.08             Driver Version: 580.105.08     CUDA Version: 13.0     |
+-----------------------------------------+------------------------+----------------------+
| GPU  Name                 Persistence-M | Bus-Id          Disp.A | Volatile Uncorr. ECC |
| Fan  Temp   Perf          Pwr:Usage/Cap |           Memory-Usage | GPU-Util  Compute M. |
|                                         |                        |               MIG M. |
|=========================================+========================+======================|
|   0  NVIDIA H100 80GB HBM3          On  |   00000000:18:00.0 Off |                    0 |
| N/A   22C    P0             96W /  700W |       0MiB /  81559MiB |      0%      Default |
|                                         |                        |             Disabled |
+-----------------------------------------+------------------------+----------------------+
|   1  NVIDIA H100 80GB HBM3          On  |   00000000:3A:00.0 Off |                    0 |
| N/A   24C    P0             98W /  700W |       0MiB /  81559MiB |      0%      Default |
|                                         |                        |             Disabled |
+-----------------------------------------+------------------------+----------------------+
|   2  NVIDIA H100 80GB HBM3          On  |   00000000:5D:00.0 Off |                    0 |
| N/A   21C    P0             97W /  700W |       0MiB /  81559MiB |      0%      Default |
|                                         |                        |             Disabled |
+-----------------------------------------+------------------------+----------------------+
|   3  NVIDIA H100 80GB HBM3          On  |   00000000:9A:00.0 Off |                    0 |
| N/A   57C    P0            670W /  700W |   77199MiB /  81559MiB |    100%      Default |
|                                         |                        |             Disabled |
+-----------------------------------------+------------------------+----------------------+
|   4  NVIDIA H100 80GB HBM3          On  |   00000000:AB:00.0 Off |                    0 |
| N/A   64C    P0            669W /  700W |   77199MiB /  81559MiB |    100%      Default |
|                                         |                        |             Disabled |
+-----------------------------------------+------------------------+----------------------+
|   5  NVIDIA H100 80GB HBM3          On  |   00000000:BA:00.0 Off |                    0 |
| N/A   61C    P0            673W /  700W |   77199MiB /  81559MiB |    100%      Default |
|                                         |                        |             Disabled |
+-----------------------------------------+------------------------+----------------------+
|   6  NVIDIA H100 80GB HBM3          On  |   00000000:DB:00.0 Off |                    0 |
| N/A   54C    P0            675W /  700W |   77199MiB /  81559MiB |    100%      Default |
|                                         |                        |             Disabled |
+-----------------------------------------+------------------------+----------------------+

+-----------------------------------------------------------------------------------------+
| Processes:                                                                              |
|  GPU   GI   CI              PID   Type   Process name                        GPU Memory |
|        ID   ID                                                               Usage      |
|=========================================================================================|
|  No running processes found                                                             |
+-----------------------------------------------------------------------------------------+

===== 2026-09-09T06:08:38Z pokprod-b93r44s2 (nvidia-gpu-operator/nvidia-dcgm-kppxs) =====
Wed Sep  9 06:08:40 2026       
+-----------------------------------------------------------------------------------------+
| NVIDIA-SMI 580.105.08             Driver Version: 580.105.08     CUDA Version: 13.0     |
+-----------------------------------------+------------------------+----------------------+
| GPU  Name                 Persistence-M | Bus-Id          Disp.A | Volatile Uncorr. ECC |
| Fan  Temp   Perf          Pwr:Usage/Cap |           Memory-Usage | GPU-Util  Compute M. |
|                                         |                        |               MIG M. |
|=========================================+========================+======================|
|   0  NVIDIA H100 80GB HBM3          On  |   00000000:18:00.0 Off |                    0 |
| N/A   22C    P0             96W /  700W |       0MiB /  81559MiB |      0%      Default |
|                                         |                        |             Disabled |
+-----------------------------------------+------------------------+----------------------+
|   1  NVIDIA H100 80GB HBM3          On  |   00000000:3A:00.0 Off |                    0 |
| N/A   24C    P0             98W /  700W |       0MiB /  81559MiB |      0%      Default |
|                                         |                        |             Disabled |
+-----------------------------------------+------------------------+----------------------+
|   2  NVIDIA H100 80GB HBM3          On  |   00000000:5D:00.0 Off |                    0 |
| N/A   21C    P0             97W /  700W |       0MiB /  81559MiB |      0%      Default |
|                                         |                        |             Disabled |
+-----------------------------------------+------------------------+----------------------+
|   3  NVIDIA H100 80GB HBM3          On  |   00000000:9A:00.0 Off |                    0 |
| N/A   58C    P0            691W /  700W |   77199MiB /  81559MiB |    100%      Default |
|                                         |                        |             Disabled |
+-----------------------------------------+------------------------+----------------------+
|   4  NVIDIA H100 80GB HBM3          On  |   00000000:AB:00.0 Off |                    0 |
| N/A   61C    P0            682W /  700W |   77199MiB /  81559MiB |    100%      Default |
|                                         |                        |             Disabled |
+-----------------------------------------+------------------------+----------------------+
|   5  NVIDIA H100 80GB HBM3          On  |   00000000:BA:00.0 Off |                    0 |
| N/A   59C    P0            684W /  700W |   77199MiB /  81559MiB |    100%      Default |
|                                         |                        |             Disabled |
+-----------------------------------------+------------------------+----------------------+
|   6  NVIDIA H100 80GB HBM3          On  |   00000000:DB:00.0 Off |                    0 |
| N/A   53C    P0            679W /  700W |   77199MiB /  81559MiB |    100%      Default |
|                                         |                        |             Disabled |
+-----------------------------------------+------------------------+----------------------+

+-----------------------------------------------------------------------------------------+
| Processes:                                                                              |
|  GPU   GI   CI              PID   Type   Process name                        GPU Memory |
|        ID   ID                                                               Usage      |
|=========================================================================================|
|  No running processes found                                                             |
+-----------------------------------------------------------------------------------------+

===== 2026-09-09T06:08:52Z pokprod-b93r44s2 (nvidia-gpu-operator/nvidia-dcgm-kppxs) =====
Wed Sep  9 06:08:54 2026       
+-----------------------------------------------------------------------------------------+
| NVIDIA-SMI 580.105.08             Driver Version: 580.105.08     CUDA Version: 13.0     |
+-----------------------------------------+------------------------+----------------------+
| GPU  Name                 Persistence-M | Bus-Id          Disp.A | Volatile Uncorr. ECC |
| Fan  Temp   Perf          Pwr:Usage/Cap |           Memory-Usage | GPU-Util  Compute M. |
|                                         |                        |               MIG M. |
|=========================================+========================+======================|
|   0  NVIDIA H100 80GB HBM3          On  |   00000000:18:00.0 Off |                    0 |
| N/A   22C    P0             96W /  700W |       0MiB /  81559MiB |      0%      Default |
|                                         |                        |             Disabled |
+-----------------------------------------+------------------------+----------------------+
|   1  NVIDIA H100 80GB HBM3          On  |   00000000:3A:00.0 Off |                    0 |
| N/A   24C    P0             98W /  700W |       0MiB /  81559MiB |      0%      Default |
|                                         |                        |             Disabled |
+-----------------------------------------+------------------------+----------------------+
|   2  NVIDIA H100 80GB HBM3          On  |   00000000:5D:00.0 Off |                    0 |
| N/A   21C    P0             97W /  700W |       0MiB /  81559MiB |      0%      Default |
|                                         |                        |             Disabled |
+-----------------------------------------+------------------------+----------------------+
|   3  NVIDIA H100 80GB HBM3          On  |   00000000:9A:00.0 Off |                    0 |
| N/A   53C    P0            550W /  700W |   77199MiB /  81559MiB |    100%      Default |
|                                         |                        |             Disabled |
+-----------------------------------------+------------------------+----------------------+
|   4  NVIDIA H100 80GB HBM3          On  |   00000000:AB:00.0 Off |                    0 |
| N/A   55C    P0            549W /  700W |   77199MiB /  81559MiB |    100%      Default |
|                                         |                        |             Disabled |
+-----------------------------------------+------------------------+----------------------+
|   5  NVIDIA H100 80GB HBM3          On  |   00000000:BA:00.0 Off |                    0 |
| N/A   56C    P0            560W /  700W |   77199MiB /  81559MiB |    100%      Default |
|                                         |                        |             Disabled |
+-----------------------------------------+------------------------+----------------------+
|   6  NVIDIA H100 80GB HBM3          On  |   00000000:DB:00.0 Off |                    0 |
| N/A   46C    P0            542W /  700W |   77199MiB /  81559MiB |    100%      Default |
|                                         |                        |             Disabled |
+-----------------------------------------+------------------------+----------------------+

+-----------------------------------------------------------------------------------------+
| Processes:                                                                              |
|  GPU   GI   CI              PID   Type   Process name                        GPU Memory |
|        ID   ID                                                               Usage      |
|=========================================================================================|
|  No running processes found                                                             |
+-----------------------------------------------------------------------------------------+

===== 2026-09-09T06:09:04Z pokprod-b93r44s2 (nvidia-gpu-operator/nvidia-dcgm-kppxs) =====
Wed Sep  9 06:09:07 2026       
+-----------------------------------------------------------------------------------------+
| NVIDIA-SMI 580.105.08             Driver Version: 580.105.08     CUDA Version: 13.0     |
+-----------------------------------------+------------------------+----------------------+
| GPU  Name                 Persistence-M | Bus-Id          Disp.A | Volatile Uncorr. ECC |
| Fan  Temp   Perf          Pwr:Usage/Cap |           Memory-Usage | GPU-Util  Compute M. |
|                                         |                        |               MIG M. |
|=========================================+========================+======================|
|   0  NVIDIA H100 80GB HBM3          On  |   00000000:18:00.0 Off |                    0 |
| N/A   22C    P0             96W /  700W |       0MiB /  81559MiB |      0%      Default |
|                                         |                        |             Disabled |
+-----------------------------------------+------------------------+----------------------+
|   1  NVIDIA H100 80GB HBM3          On  |   00000000:3A:00.0 Off |                    0 |
| N/A   24C    P0             98W /  700W |       0MiB /  81559MiB |      0%      Default |
|                                         |                        |             Disabled |
+-----------------------------------------+------------------------+----------------------+
|   2  NVIDIA H100 80GB HBM3          On  |   00000000:5D:00.0 Off |                    0 |
| N/A   21C    P0             97W /  700W |       0MiB /  81559MiB |      0%      Default |
|                                         |                        |             Disabled |
+-----------------------------------------+------------------------+----------------------+
|   3  NVIDIA H100 80GB HBM3          On  |   00000000:9A:00.0 Off |                    0 |
| N/A   58C    P0            699W /  700W |   77199MiB /  81559MiB |    100%      Default |
|                                         |                        |             Disabled |
+-----------------------------------------+------------------------+----------------------+
|   4  NVIDIA H100 80GB HBM3          On  |   00000000:AB:00.0 Off |                    0 |
| N/A   65C    P0            697W /  700W |   77199MiB /  81559MiB |    100%      Default |
|                                         |                        |             Disabled |
+-----------------------------------------+------------------------+----------------------+
|   5  NVIDIA H100 80GB HBM3          On  |   00000000:BA:00.0 Off |                    0 |
| N/A   61C    P0            703W /  700W |   77199MiB /  81559MiB |    100%      Default |
|                                         |                        |             Disabled |
+-----------------------------------------+------------------------+----------------------+
|   6  NVIDIA H100 80GB HBM3          On  |   00000000:DB:00.0 Off |                    0 |
| N/A   55C    P0            694W /  700W |   77199MiB /  81559MiB |    100%      Default |
|                                         |                        |             Disabled |
+-----------------------------------------+------------------------+----------------------+

+-----------------------------------------------------------------------------------------+
| Processes:                                                                              |
|  GPU   GI   CI              PID   Type   Process name                        GPU Memory |
|        ID   ID                                                               Usage      |
|=========================================================================================|
|  No running processes found                                                             |
+-----------------------------------------------------------------------------------------+

===== 2026-09-09T06:09:17Z pokprod-b93r44s2 (nvidia-gpu-operator/nvidia-dcgm-kppxs) =====
Wed Sep  9 06:09:19 2026       
+-----------------------------------------------------------------------------------------+
| NVIDIA-SMI 580.105.08             Driver Version: 580.105.08     CUDA Version: 13.0     |
+-----------------------------------------+------------------------+----------------------+
| GPU  Name                 Persistence-M | Bus-Id          Disp.A | Volatile Uncorr. ECC |
| Fan  Temp   Perf          Pwr:Usage/Cap |           Memory-Usage | GPU-Util  Compute M. |
|                                         |                        |               MIG M. |
|=========================================+========================+======================|
|   0  NVIDIA H100 80GB HBM3          On  |   00000000:18:00.0 Off |                    0 |
| N/A   21C    P0             96W /  700W |       0MiB /  81559MiB |      0%      Default |
|                                         |                        |             Disabled |
+-----------------------------------------+------------------------+----------------------+
|   1  NVIDIA H100 80GB HBM3          On  |   00000000:3A:00.0 Off |                    0 |
| N/A   24C    P0             98W /  700W |       0MiB /  81559MiB |      0%      Default |
|                                         |                        |             Disabled |
+-----------------------------------------+------------------------+----------------------+
|   2  NVIDIA H100 80GB HBM3          On  |   00000000:5D:00.0 Off |                    0 |
| N/A   21C    P0             97W /  700W |       0MiB /  81559MiB |      0%      Default |
|                                         |                        |             Disabled |
+-----------------------------------------+------------------------+----------------------+
|   3  NVIDIA H100 80GB HBM3          On  |   00000000:9A:00.0 Off |                    0 |
| N/A   54C    P0            698W /  700W |   77199MiB /  81559MiB |    100%      Default |
|                                         |                        |             Disabled |
+-----------------------------------------+------------------------+----------------------+
|   4  NVIDIA H100 80GB HBM3          On  |   00000000:AB:00.0 Off |                    0 |
| N/A   63C    P0            705W /  700W |   77199MiB /  81559MiB |    100%      Default |
|                                         |                        |             Disabled |
+-----------------------------------------+------------------------+----------------------+
|   5  NVIDIA H100 80GB HBM3          On  |   00000000:BA:00.0 Off |                    0 |
| N/A   58C    P0            685W /  700W |   77199MiB /  81559MiB |    100%      Default |
|                                         |                        |             Disabled |
+-----------------------------------------+------------------------+----------------------+
|   6  NVIDIA H100 80GB HBM3          On  |   00000000:DB:00.0 Off |                    0 |
| N/A   54C    P0            684W /  700W |   77199MiB /  81559MiB |    100%      Default |
|                                         |                        |             Disabled |
+-----------------------------------------+------------------------+----------------------+

+-----------------------------------------------------------------------------------------+
| Processes:                                                                              |
|  GPU   GI   CI              PID   Type   Process name                        GPU Memory |
|        ID   ID                                                               Usage      |
|=========================================================================================|
|  No running processes found                                                             |
+-----------------------------------------------------------------------------------------+

===== 2026-09-09T06:09:30Z pokprod-b93r44s2 (nvidia-gpu-operator/nvidia-dcgm-kppxs) =====
Wed Sep  9 06:09:32 2026       
+-----------------------------------------------------------------------------------------+
| NVIDIA-SMI 580.105.08             Driver Version: 580.105.08     CUDA Version: 13.0     |
+-----------------------------------------+------------------------+----------------------+
| GPU  Name                 Persistence-M | Bus-Id          Disp.A | Volatile Uncorr. ECC |
| Fan  Temp   Perf          Pwr:Usage/Cap |           Memory-Usage | GPU-Util  Compute M. |
|                                         |                        |               MIG M. |
|=========================================+========================+======================|
|   0  NVIDIA H100 80GB HBM3          On  |   00000000:18:00.0 Off |                    0 |
| N/A   22C    P0             96W /  700W |       0MiB /  81559MiB |      0%      Default |
|                                         |                        |             Disabled |
+-----------------------------------------+------------------------+----------------------+
|   1  NVIDIA H100 80GB HBM3          On  |   00000000:3A:00.0 Off |                    0 |
| N/A   24C    P0             98W /  700W |       0MiB /  81559MiB |      0%      Default |
|                                         |                        |             Disabled |
+-----------------------------------------+------------------------+----------------------+
|   2  NVIDIA H100 80GB HBM3          On  |   00000000:5D:00.0 Off |                    0 |
| N/A   21C    P0             97W /  700W |       0MiB /  81559MiB |      0%      Default |
|                                         |                        |             Disabled |
+-----------------------------------------+------------------------+----------------------+
|   3  NVIDIA H100 80GB HBM3          On  |   00000000:9A:00.0 Off |                    0 |
| N/A   53C    P0            664W /  700W |   77199MiB /  81559MiB |    100%      Default |
|                                         |                        |             Disabled |
+-----------------------------------------+------------------------+----------------------+
|   4  NVIDIA H100 80GB HBM3          On  |   00000000:AB:00.0 Off |                    0 |
| N/A   63C    P0            674W /  700W |   77199MiB /  81559MiB |    100%      Default |
|                                         |                        |             Disabled |
+-----------------------------------------+------------------------+----------------------+
|   5  NVIDIA H100 80GB HBM3          On  |   00000000:BA:00.0 Off |                    0 |
| N/A   59C    P0            668W /  700W |   77199MiB /  81559MiB |    100%      Default |
|                                         |                        |             Disabled |
+-----------------------------------------+------------------------+----------------------+
|   6  NVIDIA H100 80GB HBM3          On  |   00000000:DB:00.0 Off |                    0 |
| N/A   54C    P0            664W /  700W |   77199MiB /  81559MiB |    100%      Default |
|                                         |                        |             Disabled |
+-----------------------------------------+------------------------+----------------------+

+-----------------------------------------------------------------------------------------+
| Processes:                                                                              |
|  GPU   GI   CI              PID   Type   Process name                        GPU Memory |
|        ID   ID                                                               Usage      |
|=========================================================================================|
|  No running processes found                                                             |
+-----------------------------------------------------------------------------------------+

===== 2026-09-09T06:09:43Z pokprod-b93r44s2 (nvidia-gpu-operator/nvidia-dcgm-kppxs) =====
Wed Sep  9 06:09:45 2026       
+-----------------------------------------------------------------------------------------+
| NVIDIA-SMI 580.105.08             Driver Version: 580.105.08     CUDA Version: 13.0     |
+-----------------------------------------+------------------------+----------------------+
| GPU  Name                 Persistence-M | Bus-Id          Disp.A | Volatile Uncorr. ECC |
| Fan  Temp   Perf          Pwr:Usage/Cap |           Memory-Usage | GPU-Util  Compute M. |
|                                         |                        |               MIG M. |
|=========================================+========================+======================|
|   0  NVIDIA H100 80GB HBM3          On  |   00000000:18:00.0 Off |                    0 |
| N/A   22C    P0             96W /  700W |       0MiB /  81559MiB |      0%      Default |
|                                         |                        |             Disabled |
+-----------------------------------------+------------------------+----------------------+
|   1  NVIDIA H100 80GB HBM3          On  |   00000000:3A:00.0 Off |                    0 |
| N/A   24C    P0             98W /  700W |       0MiB /  81559MiB |      0%      Default |
|                                         |                        |             Disabled |
+-----------------------------------------+------------------------+----------------------+
|   2  NVIDIA H100 80GB HBM3          On  |   00000000:5D:00.0 Off |                    0 |
| N/A   21C    P0             97W /  700W |       0MiB /  81559MiB |      0%      Default |
|                                         |                        |             Disabled |
+-----------------------------------------+------------------------+----------------------+
|   3  NVIDIA H100 80GB HBM3          On  |   00000000:9A:00.0 Off |                    0 |
| N/A   49C    P0            562W /  700W |   77199MiB /  81559MiB |    100%      Default |
|                                         |                        |             Disabled |
+-----------------------------------------+------------------------+----------------------+
|   4  NVIDIA H100 80GB HBM3          On  |   00000000:AB:00.0 Off |                    0 |
| N/A   55C    P0            569W /  700W |   77199MiB /  81559MiB |    100%      Default |
|                                         |                        |             Disabled |
+-----------------------------------------+------------------------+----------------------+
|   5  NVIDIA H100 80GB HBM3          On  |   00000000:BA:00.0 Off |                    0 |
| N/A   52C    P0            563W /  700W |   77199MiB /  81559MiB |    100%      Default |
|                                         |                        |             Disabled |
+-----------------------------------------+------------------------+----------------------+
|   6  NVIDIA H100 80GB HBM3          On  |   00000000:DB:00.0 Off |                    0 |
| N/A   46C    P0            558W /  700W |   77199MiB /  81559MiB |    100%      Default |
|                                         |                        |             Disabled |
+-----------------------------------------+------------------------+----------------------+

+-----------------------------------------------------------------------------------------+
| Processes:                                                                              |
|  GPU   GI   CI              PID   Type   Process name                        GPU Memory |
|        ID   ID                                                               Usage      |
|=========================================================================================|
|  No running processes found                                                             |
+-----------------------------------------------------------------------------------------+

===== 2026-09-09T06:09:56Z pokprod-b93r44s2 (nvidia-gpu-operator/nvidia-dcgm-kppxs) =====
Wed Sep  9 06:09:58 2026       
+-----------------------------------------------------------------------------------------+
| NVIDIA-SMI 580.105.08             Driver Version: 580.105.08     CUDA Version: 13.0     |
+-----------------------------------------+------------------------+----------------------+
| GPU  Name                 Persistence-M | Bus-Id          Disp.A | Volatile Uncorr. ECC |
| Fan  Temp   Perf          Pwr:Usage/Cap |           Memory-Usage | GPU-Util  Compute M. |
|                                         |                        |               MIG M. |
|=========================================+========================+======================|
|   0  NVIDIA H100 80GB HBM3          On  |   00000000:18:00.0 Off |                    0 |
| N/A   22C    P0             96W /  700W |       0MiB /  81559MiB |      0%      Default |
|                                         |                        |             Disabled |
+-----------------------------------------+------------------------+----------------------+
|   1  NVIDIA H100 80GB HBM3          On  |   00000000:3A:00.0 Off |                    0 |
| N/A   24C    P0             98W /  700W |       0MiB /  81559MiB |      0%      Default |
|                                         |                        |             Disabled |
+-----------------------------------------+------------------------+----------------------+
|   2  NVIDIA H100 80GB HBM3          On  |   00000000:5D:00.0 Off |                    0 |
| N/A   21C    P0             97W /  700W |       0MiB /  81559MiB |      0%      Default |
|                                         |                        |             Disabled |
+-----------------------------------------+------------------------+----------------------+
|   3  NVIDIA H100 80GB HBM3          On  |   00000000:9A:00.0 Off |                    0 |
| N/A   52C    P0            611W /  700W |   77199MiB /  81559MiB |    100%      Default |
|                                         |                        |             Disabled |
+-----------------------------------------+------------------------+----------------------+
|   4  NVIDIA H100 80GB HBM3          On  |   00000000:AB:00.0 Off |                    0 |
| N/A   59C    P0            597W /  700W |   77199MiB /  81559MiB |    100%      Default |
|                                         |                        |             Disabled |
+-----------------------------------------+------------------------+----------------------+
|   5  NVIDIA H100 80GB HBM3          On  |   00000000:BA:00.0 Off |                    0 |
| N/A   57C    P0            594W /  700W |   77199MiB /  81559MiB |    100%      Default |
|                                         |                        |             Disabled |
+-----------------------------------------+------------------------+----------------------+
|   6  NVIDIA H100 80GB HBM3          On  |   00000000:DB:00.0 Off |                    0 |
| N/A   48C    P0            581W /  700W |   77199MiB /  81559MiB |    100%      Default |
|                                         |                        |             Disabled |
+-----------------------------------------+------------------------+----------------------+

+-----------------------------------------------------------------------------------------+
| Processes:                                                                              |
|  GPU   GI   CI              PID   Type   Process name                        GPU Memory |
|        ID   ID                                                               Usage      |
|=========================================================================================|
|  No running processes found                                                             |
+-----------------------------------------------------------------------------------------+

===== 2026-09-09T06:10:09Z pokprod-b93r44s2 (nvidia-gpu-operator/nvidia-dcgm-kppxs) =====
Wed Sep  9 06:10:11 2026       
+-----------------------------------------------------------------------------------------+
| NVIDIA-SMI 580.105.08             Driver Version: 580.105.08     CUDA Version: 13.0     |
+-----------------------------------------+------------------------+----------------------+
| GPU  Name                 Persistence-M | Bus-Id          Disp.A | Volatile Uncorr. ECC |
| Fan  Temp   Perf          Pwr:Usage/Cap |           Memory-Usage | GPU-Util  Compute M. |
|                                         |                        |               MIG M. |
|=========================================+========================+======================|
|   0  NVIDIA H100 80GB HBM3          On  |   00000000:18:00.0 Off |                    0 |
| N/A   22C    P0             96W /  700W |       0MiB /  81559MiB |      0%      Default |
|                                         |                        |             Disabled |
+-----------------------------------------+------------------------+----------------------+
|   1  NVIDIA H100 80GB HBM3          On  |   00000000:3A:00.0 Off |                    0 |
| N/A   24C    P0             98W /  700W |       0MiB /  81559MiB |      0%      Default |
|                                         |                        |             Disabled |
+-----------------------------------------+------------------------+----------------------+
|   2  NVIDIA H100 80GB HBM3          On  |   00000000:5D:00.0 Off |                    0 |
| N/A   21C    P0             97W /  700W |       0MiB /  81559MiB |      0%      Default |
|                                         |                        |             Disabled |
+-----------------------------------------+------------------------+----------------------+
|   3  NVIDIA H100 80GB HBM3          On  |   00000000:9A:00.0 Off |                    0 |
| N/A   55C    P0            683W /  700W |   77199MiB /  81559MiB |    100%      Default |
|                                         |                        |             Disabled |
+-----------------------------------------+------------------------+----------------------+
|   4  NVIDIA H100 80GB HBM3          On  |   00000000:AB:00.0 Off |                    0 |
| N/A   60C    P0            685W /  700W |   77199MiB /  81559MiB |    100%      Default |
|                                         |                        |             Disabled |
+-----------------------------------------+------------------------+----------------------+
|   5  NVIDIA H100 80GB HBM3          On  |   00000000:BA:00.0 Off |                    0 |
| N/A   56C    P0            677W /  700W |   77199MiB /  81559MiB |    100%      Default |
|                                         |                        |             Disabled |
+-----------------------------------------+------------------------+----------------------+
|   6  NVIDIA H100 80GB HBM3          On  |   00000000:DB:00.0 Off |                    0 |
| N/A   51C    P0            687W /  700W |   77199MiB /  81559MiB |    100%      Default |
|                                         |                        |             Disabled |
+-----------------------------------------+------------------------+----------------------+

+-----------------------------------------------------------------------------------------+
| Processes:                                                                              |
|  GPU   GI   CI              PID   Type   Process name                        GPU Memory |
|        ID   ID                                                               Usage      |
|=========================================================================================|
|  No running processes found                                                             |
+-----------------------------------------------------------------------------------------+

===== 2026-09-09T06:10:22Z pokprod-b93r44s2 (nvidia-gpu-operator/nvidia-dcgm-kppxs) =====
Wed Sep  9 06:10:24 2026       
+-----------------------------------------------------------------------------------------+
| NVIDIA-SMI 580.105.08             Driver Version: 580.105.08     CUDA Version: 13.0     |
+-----------------------------------------+------------------------+----------------------+
| GPU  Name                 Persistence-M | Bus-Id          Disp.A | Volatile Uncorr. ECC |
| Fan  Temp   Perf          Pwr:Usage/Cap |           Memory-Usage | GPU-Util  Compute M. |
|                                         |                        |               MIG M. |
|=========================================+========================+======================|
|   0  NVIDIA H100 80GB HBM3          On  |   00000000:18:00.0 Off |                    0 |
| N/A   22C    P0             96W /  700W |       0MiB /  81559MiB |      0%      Default |
|                                         |                        |             Disabled |
+-----------------------------------------+------------------------+----------------------+
|   1  NVIDIA H100 80GB HBM3          On  |   00000000:3A:00.0 Off |                    0 |
| N/A   24C    P0             98W /  700W |       0MiB /  81559MiB |      0%      Default |
|                                         |                        |             Disabled |
+-----------------------------------------+------------------------+----------------------+
|   2  NVIDIA H100 80GB HBM3          On  |   00000000:5D:00.0 Off |                    0 |
| N/A   21C    P0             97W /  700W |       0MiB /  81559MiB |      0%      Default |
|                                         |                        |             Disabled |
+-----------------------------------------+------------------------+----------------------+
|   3  NVIDIA H100 80GB HBM3          On  |   00000000:9A:00.0 Off |                    0 |
| N/A   56C    P0            658W /  700W |   77199MiB /  81559MiB |    100%      Default |
|                                         |                        |             Disabled |
+-----------------------------------------+------------------------+----------------------+
|   4  NVIDIA H100 80GB HBM3          On  |   00000000:AB:00.0 Off |                    0 |
| N/A   59C    P0            642W /  700W |   77199MiB /  81559MiB |    100%      Default |
|                                         |                        |             Disabled |
+-----------------------------------------+------------------------+----------------------+
|   5  NVIDIA H100 80GB HBM3          On  |   00000000:BA:00.0 Off |                    0 |
| N/A   57C    P0            647W /  700W |   77199MiB /  81559MiB |    100%      Default |
|                                         |                        |             Disabled |
+-----------------------------------------+------------------------+----------------------+
|   6  NVIDIA H100 80GB HBM3          On  |   00000000:DB:00.0 Off |                    0 |
| N/A   48C    P0            645W /  700W |   77199MiB /  81559MiB |    100%      Default |
|                                         |                        |             Disabled |
+-----------------------------------------+------------------------+----------------------+

+-----------------------------------------------------------------------------------------+
| Processes:                                                                              |
|  GPU   GI   CI              PID   Type   Process name                        GPU Memory |
|        ID   ID                                                               Usage      |
|=========================================================================================|
|  No running processes found                                                             |
+-----------------------------------------------------------------------------------------+

===== 2026-09-09T06:10:35Z pokprod-b93r44s2 (nvidia-gpu-operator/nvidia-dcgm-kppxs) =====
Wed Sep  9 06:10:37 2026       
+-----------------------------------------------------------------------------------------+
| NVIDIA-SMI 580.105.08             Driver Version: 580.105.08     CUDA Version: 13.0     |
+-----------------------------------------+------------------------+----------------------+
| GPU  Name                 Persistence-M | Bus-Id          Disp.A | Volatile Uncorr. ECC |
| Fan  Temp   Perf          Pwr:Usage/Cap |           Memory-Usage | GPU-Util  Compute M. |
|                                         |                        |               MIG M. |
|=========================================+========================+======================|
|   0  NVIDIA H100 80GB HBM3          On  |   00000000:18:00.0 Off |                    0 |
| N/A   21C    P0             96W /  700W |       0MiB /  81559MiB |      0%      Default |
|                                         |                        |             Disabled |
+-----------------------------------------+------------------------+----------------------+
|   1  NVIDIA H100 80GB HBM3          On  |   00000000:3A:00.0 Off |                    0 |
| N/A   24C    P0             98W /  700W |       0MiB /  81559MiB |      0%      Default |
|                                         |                        |             Disabled |
+-----------------------------------------+------------------------+----------------------+
|   2  NVIDIA H100 80GB HBM3          On  |   00000000:5D:00.0 Off |                    0 |
| N/A   21C    P0             97W /  700W |       0MiB /  81559MiB |      0%      Default |
|                                         |                        |             Disabled |
+-----------------------------------------+------------------------+----------------------+
|   3  NVIDIA H100 80GB HBM3          On  |   00000000:9A:00.0 Off |                    0 |
| N/A   58C    P0            688W /  700W |   77199MiB /  81559MiB |    100%      Default |
|                                         |                        |             Disabled |
+-----------------------------------------+------------------------+----------------------+
|   4  NVIDIA H100 80GB HBM3          On  |   00000000:AB:00.0 Off |                    0 |
| N/A   63C    P0            694W /  700W |   77199MiB /  81559MiB |    100%      Default |
|                                         |                        |             Disabled |
+-----------------------------------------+------------------------+----------------------+
|   5  NVIDIA H100 80GB HBM3          On  |   00000000:BA:00.0 Off |                    0 |
| N/A   60C    P0            699W /  700W |   77199MiB /  81559MiB |    100%      Default |
|                                         |                        |             Disabled |
+-----------------------------------------+------------------------+----------------------+
|   6  NVIDIA H100 80GB HBM3          On  |   00000000:DB:00.0 Off |                    0 |
| N/A   54C    P0            692W /  700W |   77199MiB /  81559MiB |    100%      Default |
|                                         |                        |             Disabled |
+-----------------------------------------+------------------------+----------------------+

+-----------------------------------------------------------------------------------------+
| Processes:                                                                              |
|  GPU   GI   CI              PID   Type   Process name                        GPU Memory |
|        ID   ID                                                               Usage      |
|=========================================================================================|
|  No running processes found                                                             |
+-----------------------------------------------------------------------------------------+

===== 2026-09-09T06:10:48Z pokprod-b93r44s2 (nvidia-gpu-operator/nvidia-dcgm-kppxs) =====
Wed Sep  9 06:10:50 2026       
+-----------------------------------------------------------------------------------------+
| NVIDIA-SMI 580.105.08             Driver Version: 580.105.08     CUDA Version: 13.0     |
+-----------------------------------------+------------------------+----------------------+
| GPU  Name                 Persistence-M | Bus-Id          Disp.A | Volatile Uncorr. ECC |
| Fan  Temp   Perf          Pwr:Usage/Cap |           Memory-Usage | GPU-Util  Compute M. |
|                                         |                        |               MIG M. |
|=========================================+========================+======================|
|   0  NVIDIA H100 80GB HBM3          On  |   00000000:18:00.0 Off |                    0 |
| N/A   21C    P0             96W /  700W |       0MiB /  81559MiB |      0%      Default |
|                                         |                        |             Disabled |
+-----------------------------------------+------------------------+----------------------+
|   1  NVIDIA H100 80GB HBM3          On  |   00000000:3A:00.0 Off |                    0 |
| N/A   24C    P0             98W /  700W |       0MiB /  81559MiB |      0%      Default |
|                                         |                        |             Disabled |
+-----------------------------------------+------------------------+----------------------+
|   2  NVIDIA H100 80GB HBM3          On  |   00000000:5D:00.0 Off |                    0 |
| N/A   21C    P0             97W /  700W |       0MiB /  81559MiB |      0%      Default |
|                                         |                        |             Disabled |
+-----------------------------------------+------------------------+----------------------+
|   3  NVIDIA H100 80GB HBM3          On  |   00000000:9A:00.0 Off |                    0 |
| N/A   58C    P0            687W /  700W |   77199MiB /  81559MiB |    100%      Default |
|                                         |                        |             Disabled |
+-----------------------------------------+------------------------+----------------------+
|   4  NVIDIA H100 80GB HBM3          On  |   00000000:AB:00.0 Off |                    0 |
| N/A   64C    P0            696W /  700W |   77199MiB /  81559MiB |    100%      Default |
|                                         |                        |             Disabled |
+-----------------------------------------+------------------------+----------------------+
|   5  NVIDIA H100 80GB HBM3          On  |   00000000:BA:00.0 Off |                    0 |
| N/A   60C    P0            686W /  700W |   77199MiB /  81559MiB |    100%      Default |
|                                         |                        |             Disabled |
+-----------------------------------------+------------------------+----------------------+
|   6  NVIDIA H100 80GB HBM3          On  |   00000000:DB:00.0 Off |                    0 |
| N/A   55C    P0            708W /  700W |   77199MiB /  81559MiB |    100%      Default |
|                                         |                        |             Disabled |
+-----------------------------------------+------------------------+----------------------+

+-----------------------------------------------------------------------------------------+
| Processes:                                                                              |
|  GPU   GI   CI              PID   Type   Process name                        GPU Memory |
|        ID   ID                                                               Usage      |
|=========================================================================================|
|  No running processes found                                                             |
+-----------------------------------------------------------------------------------------+

===== 2026-09-09T06:11:01Z pokprod-b93r44s2 (nvidia-gpu-operator/nvidia-dcgm-kppxs) =====
Wed Sep  9 06:11:03 2026       
+-----------------------------------------------------------------------------------------+
| NVIDIA-SMI 580.105.08             Driver Version: 580.105.08     CUDA Version: 13.0     |
+-----------------------------------------+------------------------+----------------------+
| GPU  Name                 Persistence-M | Bus-Id          Disp.A | Volatile Uncorr. ECC |
| Fan  Temp   Perf          Pwr:Usage/Cap |           Memory-Usage | GPU-Util  Compute M. |
|                                         |                        |               MIG M. |
|=========================================+========================+======================|
|   0  NVIDIA H100 80GB HBM3          On  |   00000000:18:00.0 Off |                    0 |
| N/A   21C    P0             96W /  700W |       0MiB /  81559MiB |      0%      Default |
|                                         |                        |             Disabled |
+-----------------------------------------+------------------------+----------------------+
|   1  NVIDIA H100 80GB HBM3          On  |   00000000:3A:00.0 Off |                    0 |
| N/A   24C    P0             99W /  700W |       0MiB /  81559MiB |      0%      Default |
|                                         |                        |             Disabled |
+-----------------------------------------+------------------------+----------------------+
|   2  NVIDIA H100 80GB HBM3          On  |   00000000:5D:00.0 Off |                    0 |
| N/A   21C    P0             97W /  700W |       0MiB /  81559MiB |      0%      Default |
|                                         |                        |             Disabled |
+-----------------------------------------+------------------------+----------------------+
|   3  NVIDIA H100 80GB HBM3          On  |   00000000:9A:00.0 Off |                    0 |
| N/A   58C    P0            704W /  700W |   77199MiB /  81559MiB |    100%      Default |
|                                         |                        |             Disabled |
+-----------------------------------------+------------------------+----------------------+
|   4  NVIDIA H100 80GB HBM3          On  |   00000000:AB:00.0 Off |                    0 |
| N/A   64C    P0            703W /  700W |   77199MiB /  81559MiB |    100%      Default |
|                                         |                        |             Disabled |
+-----------------------------------------+------------------------+----------------------+
|   5  NVIDIA H100 80GB HBM3          On  |   00000000:BA:00.0 Off |                    0 |
| N/A   60C    P0            696W /  700W |   77199MiB /  81559MiB |    100%      Default |
|                                         |                        |             Disabled |
+-----------------------------------------+------------------------+----------------------+
|   6  NVIDIA H100 80GB HBM3          On  |   00000000:DB:00.0 Off |                    0 |
| N/A   54C    P0            685W /  700W |   77199MiB /  81559MiB |    100%      Default |
|                                         |                        |             Disabled |
+-----------------------------------------+------------------------+----------------------+

+-----------------------------------------------------------------------------------------+
| Processes:                                                                              |
|  GPU   GI   CI              PID   Type   Process name                        GPU Memory |
|        ID   ID                                                               Usage      |
|=========================================================================================|
|  No running processes found                                                             |
+-----------------------------------------------------------------------------------------+

===== 2026-09-09T06:11:14Z pokprod-b93r44s2 (nvidia-gpu-operator/nvidia-dcgm-kppxs) =====
Wed Sep  9 06:11:16 2026       
+-----------------------------------------------------------------------------------------+
| NVIDIA-SMI 580.105.08             Driver Version: 580.105.08     CUDA Version: 13.0     |
+-----------------------------------------+------------------------+----------------------+
| GPU  Name                 Persistence-M | Bus-Id          Disp.A | Volatile Uncorr. ECC |
| Fan  Temp   Perf          Pwr:Usage/Cap |           Memory-Usage | GPU-Util  Compute M. |
|                                         |                        |               MIG M. |
|=========================================+========================+======================|
|   0  NVIDIA H100 80GB HBM3          On  |   00000000:18:00.0 Off |                    0 |
| N/A   21C    P0             96W /  700W |       0MiB /  81559MiB |      0%      Default |
|                                         |                        |             Disabled |
+-----------------------------------------+------------------------+----------------------+
|   1  NVIDIA H100 80GB HBM3          On  |   00000000:3A:00.0 Off |                    0 |
| N/A   24C    P0             99W /  700W |       0MiB /  81559MiB |      0%      Default |
|                                         |                        |             Disabled |
+-----------------------------------------+------------------------+----------------------+
|   2  NVIDIA H100 80GB HBM3          On  |   00000000:5D:00.0 Off |                    0 |
| N/A   21C    P0             97W /  700W |       0MiB /  81559MiB |      0%      Default |
|                                         |                        |             Disabled |
+-----------------------------------------+------------------------+----------------------+
|   3  NVIDIA H100 80GB HBM3          On  |   00000000:9A:00.0 Off |                    0 |
| N/A   54C    P0            658W /  700W |   77199MiB /  81559MiB |    100%      Default |
|                                         |                        |             Disabled |
+-----------------------------------------+------------------------+----------------------+
|   4  NVIDIA H100 80GB HBM3          On  |   00000000:AB:00.0 Off |                    0 |
| N/A   60C    P0            658W /  700W |   77199MiB /  81559MiB |    100%      Default |
|                                         |                        |             Disabled |
+-----------------------------------------+------------------------+----------------------+
|   5  NVIDIA H100 80GB HBM3          On  |   00000000:BA:00.0 Off |                    0 |
| N/A   60C    P0            659W /  700W |   77199MiB /  81559MiB |    100%      Default |
|                                         |                        |             Disabled |
+-----------------------------------------+------------------------+----------------------+
|   6  NVIDIA H100 80GB HBM3          On  |   00000000:DB:00.0 Off |                    0 |
| N/A   52C    P0            653W /  700W |   77199MiB /  81559MiB |    100%      Default |
|                                         |                        |             Disabled |
+-----------------------------------------+------------------------+----------------------+

+-----------------------------------------------------------------------------------------+
| Processes:                                                                              |
|  GPU   GI   CI              PID   Type   Process name                        GPU Memory |
|        ID   ID                                                               Usage      |
|=========================================================================================|
|  No running processes found                                                             |
+-----------------------------------------------------------------------------------------+

===== 2026-09-09T06:11:27Z pokprod-b93r44s2 (nvidia-gpu-operator/nvidia-dcgm-kppxs) =====
Wed Sep  9 06:11:29 2026       
+-----------------------------------------------------------------------------------------+
| NVIDIA-SMI 580.105.08             Driver Version: 580.105.08     CUDA Version: 13.0     |
+-----------------------------------------+------------------------+----------------------+
| GPU  Name                 Persistence-M | Bus-Id          Disp.A | Volatile Uncorr. ECC |
| Fan  Temp   Perf          Pwr:Usage/Cap |           Memory-Usage | GPU-Util  Compute M. |
|                                         |                        |               MIG M. |
|=========================================+========================+======================|
|   0  NVIDIA H100 80GB HBM3          On  |   00000000:18:00.0 Off |                    0 |
| N/A   21C    P0             96W /  700W |       0MiB /  81559MiB |      0%      Default |
|                                         |                        |             Disabled |
+-----------------------------------------+------------------------+----------------------+
|   1  NVIDIA H100 80GB HBM3          On  |   00000000:3A:00.0 Off |                    0 |
| N/A   24C    P0             99W /  700W |       0MiB /  81559MiB |      0%      Default |
|                                         |                        |             Disabled |
+-----------------------------------------+------------------------+----------------------+
|   2  NVIDIA H100 80GB HBM3          On  |   00000000:5D:00.0 Off |                    0 |
| N/A   21C    P0             97W /  700W |       0MiB /  81559MiB |      0%      Default |
|                                         |                        |             Disabled |
+-----------------------------------------+------------------------+----------------------+
|   3  NVIDIA H100 80GB HBM3          On  |   00000000:9A:00.0 Off |                    0 |
| N/A   57C    P0            693W /  700W |   77199MiB /  81559MiB |    100%      Default |
|                                         |                        |             Disabled |
+-----------------------------------------+------------------------+----------------------+
|   4  NVIDIA H100 80GB HBM3          On  |   00000000:AB:00.0 Off |                    0 |
| N/A   64C    P0            690W /  700W |   77199MiB /  81559MiB |    100%      Default |
|                                         |                        |             Disabled |
+-----------------------------------------+------------------------+----------------------+
|   5  NVIDIA H100 80GB HBM3          On  |   00000000:BA:00.0 Off |                    0 |
| N/A   61C    P0            684W /  700W |   77199MiB /  81559MiB |    100%      Default |
|                                         |                        |             Disabled |
+-----------------------------------------+------------------------+----------------------+
|   6  NVIDIA H100 80GB HBM3          On  |   00000000:DB:00.0 Off |                    0 |
| N/A   55C    P0            691W /  700W |   77199MiB /  81559MiB |    100%      Default |
|                                         |                        |             Disabled |
+-----------------------------------------+------------------------+----------------------+

+-----------------------------------------------------------------------------------------+
| Processes:                                                                              |
|  GPU   GI   CI              PID   Type   Process name                        GPU Memory |
|        ID   ID                                                               Usage      |
|=========================================================================================|
|  No running processes found                                                             |
+-----------------------------------------------------------------------------------------+

===== 2026-09-09T06:11:40Z pokprod-b93r44s2 (nvidia-gpu-operator/nvidia-dcgm-kppxs) =====
Wed Sep  9 06:11:42 2026       
+-----------------------------------------------------------------------------------------+
| NVIDIA-SMI 580.105.08             Driver Version: 580.105.08     CUDA Version: 13.0     |
+-----------------------------------------+------------------------+----------------------+
| GPU  Name                 Persistence-M | Bus-Id          Disp.A | Volatile Uncorr. ECC |
| Fan  Temp   Perf          Pwr:Usage/Cap |           Memory-Usage | GPU-Util  Compute M. |
|                                         |                        |               MIG M. |
|=========================================+========================+======================|
|   0  NVIDIA H100 80GB HBM3          On  |   00000000:18:00.0 Off |                    0 |
| N/A   21C    P0             96W /  700W |       0MiB /  81559MiB |      0%      Default |
|                                         |                        |             Disabled |
+-----------------------------------------+------------------------+----------------------+
|   1  NVIDIA H100 80GB HBM3          On  |   00000000:3A:00.0 Off |                    0 |
| N/A   24C    P0             99W /  700W |       0MiB /  81559MiB |      0%      Default |
|                                         |                        |             Disabled |
+-----------------------------------------+------------------------+----------------------+
|   2  NVIDIA H100 80GB HBM3          On  |   00000000:5D:00.0 Off |                    0 |
| N/A   21C    P0             97W /  700W |       0MiB /  81559MiB |      0%      Default |
|                                         |                        |             Disabled |
+-----------------------------------------+------------------------+----------------------+
|   3  NVIDIA H100 80GB HBM3          On  |   00000000:9A:00.0 Off |                    0 |
| N/A   57C    P0            657W /  700W |   77199MiB /  81559MiB |    100%      Default |
|                                         |                        |             Disabled |
+-----------------------------------------+------------------------+----------------------+
|   4  NVIDIA H100 80GB HBM3          On  |   00000000:AB:00.0 Off |                    0 |
| N/A   64C    P0            650W /  700W |   77199MiB /  81559MiB |    100%      Default |
|                                         |                        |             Disabled |
+-----------------------------------------+------------------------+----------------------+
|   5  NVIDIA H100 80GB HBM3          On  |   00000000:BA:00.0 Off |                    0 |
| N/A   60C    P0            653W /  700W |   77199MiB /  81559MiB |    100%      Default |
|                                         |                        |             Disabled |
+-----------------------------------------+------------------------+----------------------+
|   6  NVIDIA H100 80GB HBM3          On  |   00000000:DB:00.0 Off |                    0 |
| N/A   54C    P0            650W /  700W |   77199MiB /  81559MiB |    100%      Default |
|                                         |                        |             Disabled |
+-----------------------------------------+------------------------+----------------------+

+-----------------------------------------------------------------------------------------+
| Processes:                                                                              |
|  GPU   GI   CI              PID   Type   Process name                        GPU Memory |
|        ID   ID                                                               Usage      |
|=========================================================================================|
|  No running processes found                                                             |
+-----------------------------------------------------------------------------------------+

===== 2026-09-09T06:11:53Z pokprod-b93r44s2 (nvidia-gpu-operator/nvidia-dcgm-kppxs) =====
Wed Sep  9 06:11:55 2026       
+-----------------------------------------------------------------------------------------+
| NVIDIA-SMI 580.105.08             Driver Version: 580.105.08     CUDA Version: 13.0     |
+-----------------------------------------+------------------------+----------------------+
| GPU  Name                 Persistence-M | Bus-Id          Disp.A | Volatile Uncorr. ECC |
| Fan  Temp   Perf          Pwr:Usage/Cap |           Memory-Usage | GPU-Util  Compute M. |
|                                         |                        |               MIG M. |
|=========================================+========================+======================|
|   0  NVIDIA H100 80GB HBM3          On  |   00000000:18:00.0 Off |                    0 |
| N/A   21C    P0             96W /  700W |       0MiB /  81559MiB |      0%      Default |
|                                         |                        |             Disabled |
+-----------------------------------------+------------------------+----------------------+
|   1  NVIDIA H100 80GB HBM3          On  |   00000000:3A:00.0 Off |                    0 |
| N/A   24C    P0             98W /  700W |       0MiB /  81559MiB |      0%      Default |
|                                         |                        |             Disabled |
+-----------------------------------------+------------------------+----------------------+
|   2  NVIDIA H100 80GB HBM3          On  |   00000000:5D:00.0 Off |                    0 |
| N/A   21C    P0             97W /  700W |       0MiB /  81559MiB |      0%      Default |
|                                         |                        |             Disabled |
+-----------------------------------------+------------------------+----------------------+
|   3  NVIDIA H100 80GB HBM3          On  |   00000000:9A:00.0 Off |                    0 |
| N/A   56C    P0            640W /  700W |   77199MiB /  81559MiB |    100%      Default |
|                                         |                        |             Disabled |
+-----------------------------------------+------------------------+----------------------+
|   4  NVIDIA H100 80GB HBM3          On  |   00000000:AB:00.0 Off |                    0 |
| N/A   62C    P0            637W /  700W |   77199MiB /  81559MiB |    100%      Default |
|                                         |                        |             Disabled |
+-----------------------------------------+------------------------+----------------------+
|   5  NVIDIA H100 80GB HBM3          On  |   00000000:BA:00.0 Off |                    0 |
| N/A   60C    P0            639W /  700W |   77199MiB /  81559MiB |    100%      Default |
|                                         |                        |             Disabled |
+-----------------------------------------+------------------------+----------------------+
|   6  NVIDIA H100 80GB HBM3          On  |   00000000:DB:00.0 Off |                    0 |
| N/A   54C    P0            635W /  700W |   77199MiB /  81559MiB |    100%      Default |
|                                         |                        |             Disabled |
+-----------------------------------------+------------------------+----------------------+

+-----------------------------------------------------------------------------------------+
| Processes:                                                                              |
|  GPU   GI   CI              PID   Type   Process name                        GPU Memory |
|        ID   ID                                                               Usage      |
|=========================================================================================|
|  No running processes found                                                             |
+-----------------------------------------------------------------------------------------+

===== 2026-09-09T06:12:06Z pokprod-b93r44s2 (nvidia-gpu-operator/nvidia-dcgm-kppxs) =====
Wed Sep  9 06:12:08 2026       
+-----------------------------------------------------------------------------------------+
| NVIDIA-SMI 580.105.08             Driver Version: 580.105.08     CUDA Version: 13.0     |
+-----------------------------------------+------------------------+----------------------+
| GPU  Name                 Persistence-M | Bus-Id          Disp.A | Volatile Uncorr. ECC |
| Fan  Temp   Perf          Pwr:Usage/Cap |           Memory-Usage | GPU-Util  Compute M. |
|                                         |                        |               MIG M. |
|=========================================+========================+======================|
|   0  NVIDIA H100 80GB HBM3          On  |   00000000:18:00.0 Off |                    0 |
| N/A   21C    P0             96W /  700W |       0MiB /  81559MiB |      0%      Default |
|                                         |                        |             Disabled |
+-----------------------------------------+------------------------+----------------------+
|   1  NVIDIA H100 80GB HBM3          On  |   00000000:3A:00.0 Off |                    0 |
| N/A   24C    P0             99W /  700W |       0MiB /  81559MiB |      0%      Default |
|                                         |                        |             Disabled |
+-----------------------------------------+------------------------+----------------------+
|   2  NVIDIA H100 80GB HBM3          On  |   00000000:5D:00.0 Off |                    0 |
| N/A   21C    P0             97W /  700W |       0MiB /  81559MiB |      0%      Default |
|                                         |                        |             Disabled |
+-----------------------------------------+------------------------+----------------------+
|   3  NVIDIA H100 80GB HBM3          On  |   00000000:9A:00.0 Off |                    0 |
| N/A   56C    P0            637W /  700W |   77199MiB /  81559MiB |    100%      Default |
|                                         |                        |             Disabled |
+-----------------------------------------+------------------------+----------------------+
|   4  NVIDIA H100 80GB HBM3          On  |   00000000:AB:00.0 Off |                    0 |
| N/A   62C    P0            636W /  700W |   77199MiB /  81559MiB |    100%      Default |
|                                         |                        |             Disabled |
+-----------------------------------------+------------------------+----------------------+
|   5  NVIDIA H100 80GB HBM3          On  |   00000000:BA:00.0 Off |                    0 |
| N/A   59C    P0            624W /  700W |   77199MiB /  81559MiB |    100%      Default |
|                                         |                        |             Disabled |
+-----------------------------------------+------------------------+----------------------+
|   6  NVIDIA H100 80GB HBM3          On  |   00000000:DB:00.0 Off |                    0 |
| N/A   53C    P0            628W /  700W |   77199MiB /  81559MiB |    100%      Default |
|                                         |                        |             Disabled |
+-----------------------------------------+------------------------+----------------------+

+-----------------------------------------------------------------------------------------+
| Processes:                                                                              |
|  GPU   GI   CI              PID   Type   Process name                        GPU Memory |
|        ID   ID                                                               Usage      |
|=========================================================================================|
|  No running processes found                                                             |
+-----------------------------------------------------------------------------------------+

===== 2026-09-09T06:12:18Z pokprod-b93r44s2 (nvidia-gpu-operator/nvidia-dcgm-kppxs) =====
Wed Sep  9 06:12:21 2026       
+-----------------------------------------------------------------------------------------+
| NVIDIA-SMI 580.105.08             Driver Version: 580.105.08     CUDA Version: 13.0     |
+-----------------------------------------+------------------------+----------------------+
| GPU  Name                 Persistence-M | Bus-Id          Disp.A | Volatile Uncorr. ECC |
| Fan  Temp   Perf          Pwr:Usage/Cap |           Memory-Usage | GPU-Util  Compute M. |
|                                         |                        |               MIG M. |
|=========================================+========================+======================|
|   0  NVIDIA H100 80GB HBM3          On  |   00000000:18:00.0 Off |                    0 |
| N/A   21C    P0             96W /  700W |       0MiB /  81559MiB |      0%      Default |
|                                         |                        |             Disabled |
+-----------------------------------------+------------------------+----------------------+
|   1  NVIDIA H100 80GB HBM3          On  |   00000000:3A:00.0 Off |                    0 |
| N/A   24C    P0             98W /  700W |       0MiB /  81559MiB |      0%      Default |
|                                         |                        |             Disabled |
+-----------------------------------------+------------------------+----------------------+
|   2  NVIDIA H100 80GB HBM3          On  |   00000000:5D:00.0 Off |                    0 |
| N/A   21C    P0             97W /  700W |       0MiB /  81559MiB |      0%      Default |
|                                         |                        |             Disabled |
+-----------------------------------------+------------------------+----------------------+
|   3  NVIDIA H100 80GB HBM3          On  |   00000000:9A:00.0 Off |                    0 |
| N/A   51C    P0            618W /  700W |   77199MiB /  81559MiB |    100%      Default |
|                                         |                        |             Disabled |
+-----------------------------------------+------------------------+----------------------+
|   4  NVIDIA H100 80GB HBM3          On  |   00000000:AB:00.0 Off |                    0 |
| N/A   56C    P0            609W /  700W |   77199MiB /  81559MiB |    100%      Default |
|                                         |                        |             Disabled |
+-----------------------------------------+------------------------+----------------------+
|   5  NVIDIA H100 80GB HBM3          On  |   00000000:BA:00.0 Off |                    0 |
| N/A   53C    P0            604W /  700W |   77199MiB /  81559MiB |    100%      Default |
|                                         |                        |             Disabled |
+-----------------------------------------+------------------------+----------------------+
|   6  NVIDIA H100 80GB HBM3          On  |   00000000:DB:00.0 Off |                    0 |
| N/A   47C    P0            601W /  700W |   77199MiB /  81559MiB |    100%      Default |
|                                         |                        |             Disabled |
+-----------------------------------------+------------------------+----------------------+

+-----------------------------------------------------------------------------------------+
| Processes:                                                                              |
|  GPU   GI   CI              PID   Type   Process name                        GPU Memory |
|        ID   ID                                                               Usage      |
|=========================================================================================|
|  No running processes found                                                             |
+-----------------------------------------------------------------------------------------+

===== 2026-09-09T06:12:31Z pokprod-b93r44s2 (nvidia-gpu-operator/nvidia-dcgm-kppxs) =====
Wed Sep  9 06:12:33 2026       
+-----------------------------------------------------------------------------------------+
| NVIDIA-SMI 580.105.08             Driver Version: 580.105.08     CUDA Version: 13.0     |
+-----------------------------------------+------------------------+----------------------+
| GPU  Name                 Persistence-M | Bus-Id          Disp.A | Volatile Uncorr. ECC |
| Fan  Temp   Perf          Pwr:Usage/Cap |           Memory-Usage | GPU-Util  Compute M. |
|                                         |                        |               MIG M. |
|=========================================+========================+======================|
|   0  NVIDIA H100 80GB HBM3          On  |   00000000:18:00.0 Off |                    0 |
| N/A   21C    P0             96W /  700W |       0MiB /  81559MiB |      0%      Default |
|                                         |                        |             Disabled |
+-----------------------------------------+------------------------+----------------------+
|   1  NVIDIA H100 80GB HBM3          On  |   00000000:3A:00.0 Off |                    0 |
| N/A   24C    P0             99W /  700W |       0MiB /  81559MiB |      0%      Default |
|                                         |                        |             Disabled |
+-----------------------------------------+------------------------+----------------------+
|   2  NVIDIA H100 80GB HBM3          On  |   00000000:5D:00.0 Off |                    0 |
| N/A   21C    P0             97W /  700W |       0MiB /  81559MiB |      0%      Default |
|                                         |                        |             Disabled |
+-----------------------------------------+------------------------+----------------------+
|   3  NVIDIA H100 80GB HBM3          On  |   00000000:9A:00.0 Off |                    0 |
| N/A   57C    P0            683W /  700W |   77199MiB /  81559MiB |    100%      Default |
|                                         |                        |             Disabled |
+-----------------------------------------+------------------------+----------------------+
|   4  NVIDIA H100 80GB HBM3          On  |   00000000:AB:00.0 Off |                    0 |
| N/A   64C    P0            683W /  700W |   77199MiB /  81559MiB |    100%      Default |
|                                         |                        |             Disabled |
+-----------------------------------------+------------------------+----------------------+
|   5  NVIDIA H100 80GB HBM3          On  |   00000000:BA:00.0 Off |                    0 |
| N/A   60C    P0            689W /  700W |   77199MiB /  81559MiB |    100%      Default |
|                                         |                        |             Disabled |
+-----------------------------------------+------------------------+----------------------+
|   6  NVIDIA H100 80GB HBM3          On  |   00000000:DB:00.0 Off |                    0 |
| N/A   54C    P0            683W /  700W |   77199MiB /  81559MiB |    100%      Default |
|                                         |                        |             Disabled |
+-----------------------------------------+------------------------+----------------------+

+-----------------------------------------------------------------------------------------+
| Processes:                                                                              |
|  GPU   GI   CI              PID   Type   Process name                        GPU Memory |
|        ID   ID                                                               Usage      |
|=========================================================================================|
|  No running processes found                                                             |
+-----------------------------------------------------------------------------------------+

===== 2026-09-09T06:12:45Z pokprod-b93r44s2 (nvidia-gpu-operator/nvidia-dcgm-kppxs) =====
Wed Sep  9 06:12:47 2026       
+-----------------------------------------------------------------------------------------+
| NVIDIA-SMI 580.105.08             Driver Version: 580.105.08     CUDA Version: 13.0     |
+-----------------------------------------+------------------------+----------------------+
| GPU  Name                 Persistence-M | Bus-Id          Disp.A | Volatile Uncorr. ECC |
| Fan  Temp   Perf          Pwr:Usage/Cap |           Memory-Usage | GPU-Util  Compute M. |
|                                         |                        |               MIG M. |
|=========================================+========================+======================|
|   0  NVIDIA H100 80GB HBM3          On  |   00000000:18:00.0 Off |                    0 |
| N/A   21C    P0             96W /  700W |       0MiB /  81559MiB |      0%      Default |
|                                         |                        |             Disabled |
+-----------------------------------------+------------------------+----------------------+
|   1  NVIDIA H100 80GB HBM3          On  |   00000000:3A:00.0 Off |                    0 |
| N/A   24C    P0             99W /  700W |       0MiB /  81559MiB |      0%      Default |
|                                         |                        |             Disabled |
+-----------------------------------------+------------------------+----------------------+
|   2  NVIDIA H100 80GB HBM3          On  |   00000000:5D:00.0 Off |                    0 |
| N/A   21C    P0             97W /  700W |       0MiB /  81559MiB |      0%      Default |
|                                         |                        |             Disabled |
+-----------------------------------------+------------------------+----------------------+
|   3  NVIDIA H100 80GB HBM3          On  |   00000000:9A:00.0 Off |                    0 |
| N/A   51C    P0            625W /  700W |   77199MiB /  81559MiB |    100%      Default |
|                                         |                        |             Disabled |
+-----------------------------------------+------------------------+----------------------+
|   4  NVIDIA H100 80GB HBM3          On  |   00000000:AB:00.0 Off |                    0 |
| N/A   57C    P0            638W /  700W |   77199MiB /  81559MiB |    100%      Default |
|                                         |                        |             Disabled |
+-----------------------------------------+------------------------+----------------------+
|   5  NVIDIA H100 80GB HBM3          On  |   00000000:BA:00.0 Off |                    0 |
| N/A   54C    P0            617W /  700W |   77199MiB /  81559MiB |    100%      Default |
|                                         |                        |             Disabled |
+-----------------------------------------+------------------------+----------------------+
|   6  NVIDIA H100 80GB HBM3          On  |   00000000:DB:00.0 Off |                    0 |
| N/A   47C    P0            622W /  700W |   77199MiB /  81559MiB |    100%      Default |
|                                         |                        |             Disabled |
+-----------------------------------------+------------------------+----------------------+

+-----------------------------------------------------------------------------------------+
| Processes:                                                                              |
|  GPU   GI   CI              PID   Type   Process name                        GPU Memory |
|        ID   ID                                                               Usage      |
|=========================================================================================|
|  No running processes found                                                             |
+-----------------------------------------------------------------------------------------+

===== 2026-09-09T06:12:58Z pokprod-b93r44s2 (nvidia-gpu-operator/nvidia-dcgm-kppxs) =====
Wed Sep  9 06:13:00 2026       
+-----------------------------------------------------------------------------------------+
| NVIDIA-SMI 580.105.08             Driver Version: 580.105.08     CUDA Version: 13.0     |
+-----------------------------------------+------------------------+----------------------+
| GPU  Name                 Persistence-M | Bus-Id          Disp.A | Volatile Uncorr. ECC |
| Fan  Temp   Perf          Pwr:Usage/Cap |           Memory-Usage | GPU-Util  Compute M. |
|                                         |                        |               MIG M. |
|=========================================+========================+======================|
|   0  NVIDIA H100 80GB HBM3          On  |   00000000:18:00.0 Off |                    0 |
| N/A   21C    P0             96W /  700W |       0MiB /  81559MiB |      0%      Default |
|                                         |                        |             Disabled |
+-----------------------------------------+------------------------+----------------------+
|   1  NVIDIA H100 80GB HBM3          On  |   00000000:3A:00.0 Off |                    0 |
| N/A   24C    P0             99W /  700W |       0MiB /  81559MiB |      0%      Default |
|                                         |                        |             Disabled |
+-----------------------------------------+------------------------+----------------------+
|   2  NVIDIA H100 80GB HBM3          On  |   00000000:5D:00.0 Off |                    0 |
| N/A   21C    P0             97W /  700W |       0MiB /  81559MiB |      0%      Default |
|                                         |                        |             Disabled |
+-----------------------------------------+------------------------+----------------------+
|   3  NVIDIA H100 80GB HBM3          On  |   00000000:9A:00.0 Off |                    0 |
| N/A   54C    P0            627W /  700W |   77199MiB /  81559MiB |    100%      Default |
|                                         |                        |             Disabled |
+-----------------------------------------+------------------------+----------------------+
|   4  NVIDIA H100 80GB HBM3          On  |   00000000:AB:00.0 Off |                    0 |
| N/A   62C    P0            626W /  700W |   77199MiB /  81559MiB |    100%      Default |
|                                         |                        |             Disabled |
+-----------------------------------------+------------------------+----------------------+
|   5  NVIDIA H100 80GB HBM3          On  |   00000000:BA:00.0 Off |                    0 |
| N/A   59C    P0            627W /  700W |   77199MiB /  81559MiB |    100%      Default |
|                                         |                        |             Disabled |
+-----------------------------------------+------------------------+----------------------+
|   6  NVIDIA H100 80GB HBM3          On  |   00000000:DB:00.0 Off |                    0 |
| N/A   53C    P0            619W /  700W |   77199MiB /  81559MiB |    100%      Default |
|                                         |                        |             Disabled |
+-----------------------------------------+------------------------+----------------------+

+-----------------------------------------------------------------------------------------+
| Processes:                                                                              |
|  GPU   GI   CI              PID   Type   Process name                        GPU Memory |
|        ID   ID                                                               Usage      |
|=========================================================================================|
|  No running processes found                                                             |
+-----------------------------------------------------------------------------------------+

===== 2026-09-09T06:13:10Z pokprod-b93r44s2 (nvidia-gpu-operator/nvidia-dcgm-kppxs) =====
Wed Sep  9 06:13:13 2026       
+-----------------------------------------------------------------------------------------+
| NVIDIA-SMI 580.105.08             Driver Version: 580.105.08     CUDA Version: 13.0     |
+-----------------------------------------+------------------------+----------------------+
| GPU  Name                 Persistence-M | Bus-Id          Disp.A | Volatile Uncorr. ECC |
| Fan  Temp   Perf          Pwr:Usage/Cap |           Memory-Usage | GPU-Util  Compute M. |
|                                         |                        |               MIG M. |
|=========================================+========================+======================|
|   0  NVIDIA H100 80GB HBM3          On  |   00000000:18:00.0 Off |                    0 |
| N/A   21C    P0             96W /  700W |       0MiB /  81559MiB |      0%      Default |
|                                         |                        |             Disabled |
+-----------------------------------------+------------------------+----------------------+
|   1  NVIDIA H100 80GB HBM3          On  |   00000000:3A:00.0 Off |                    0 |
| N/A   24C    P0             99W /  700W |       0MiB /  81559MiB |      0%      Default |
|                                         |                        |             Disabled |
+-----------------------------------------+------------------------+----------------------+
|   2  NVIDIA H100 80GB HBM3          On  |   00000000:5D:00.0 Off |                    0 |
| N/A   21C    P0             97W /  700W |       0MiB /  81559MiB |      0%      Default |
|                                         |                        |             Disabled |
+-----------------------------------------+------------------------+----------------------+
|   3  NVIDIA H100 80GB HBM3          On  |   00000000:9A:00.0 Off |                    0 |
| N/A   55C    P0            585W /  700W |   77199MiB /  81559MiB |    100%      Default |
|                                         |                        |             Disabled |
+-----------------------------------------+------------------------+----------------------+
|   4  NVIDIA H100 80GB HBM3          On  |   00000000:AB:00.0 Off |                    0 |
| N/A   63C    P0            578W /  700W |   77199MiB /  81559MiB |    100%      Default |
|                                         |                        |             Disabled |
+-----------------------------------------+------------------------+----------------------+
|   5  NVIDIA H100 80GB HBM3          On  |   00000000:BA:00.0 Off |                    0 |
| N/A   59C    P0            578W /  700W |   77199MiB /  81559MiB |    100%      Default |
|                                         |                        |             Disabled |
+-----------------------------------------+------------------------+----------------------+
|   6  NVIDIA H100 80GB HBM3          On  |   00000000:DB:00.0 Off |                    0 |
| N/A   53C    P0            578W /  700W |   77199MiB /  81559MiB |    100%      Default |
|                                         |                        |             Disabled |
+-----------------------------------------+------------------------+----------------------+

+-----------------------------------------------------------------------------------------+
| Processes:                                                                              |
|  GPU   GI   CI              PID   Type   Process name                        GPU Memory |
|        ID   ID                                                               Usage      |
|=========================================================================================|
|  No running processes found                                                             |
+-----------------------------------------------------------------------------------------+

===== 2026-09-09T06:13:23Z pokprod-b93r44s2 (nvidia-gpu-operator/nvidia-dcgm-kppxs) =====
Wed Sep  9 06:13:25 2026       
+-----------------------------------------------------------------------------------------+
| NVIDIA-SMI 580.105.08             Driver Version: 580.105.08     CUDA Version: 13.0     |
+-----------------------------------------+------------------------+----------------------+
| GPU  Name                 Persistence-M | Bus-Id          Disp.A | Volatile Uncorr. ECC |
| Fan  Temp   Perf          Pwr:Usage/Cap |           Memory-Usage | GPU-Util  Compute M. |
|                                         |                        |               MIG M. |
|=========================================+========================+======================|
|   0  NVIDIA H100 80GB HBM3          On  |   00000000:18:00.0 Off |                    0 |
| N/A   21C    P0             96W /  700W |       0MiB /  81559MiB |      0%      Default |
|                                         |                        |             Disabled |
+-----------------------------------------+------------------------+----------------------+
|   1  NVIDIA H100 80GB HBM3          On  |   00000000:3A:00.0 Off |                    0 |
| N/A   24C    P0             99W /  700W |       0MiB /  81559MiB |      0%      Default |
|                                         |                        |             Disabled |
+-----------------------------------------+------------------------+----------------------+
|   2  NVIDIA H100 80GB HBM3          On  |   00000000:5D:00.0 Off |                    0 |
| N/A   21C    P0             97W /  700W |       0MiB /  81559MiB |      0%      Default |
|                                         |                        |             Disabled |
+-----------------------------------------+------------------------+----------------------+
|   3  NVIDIA H100 80GB HBM3          On  |   00000000:9A:00.0 Off |                    0 |
| N/A   58C    P0            643W /  700W |   77199MiB /  81559MiB |    100%      Default |
|                                         |                        |             Disabled |
+-----------------------------------------+------------------------+----------------------+
|   4  NVIDIA H100 80GB HBM3          On  |   00000000:AB:00.0 Off |                    0 |
| N/A   63C    P0            645W /  700W |   77199MiB /  81559MiB |    100%      Default |
|                                         |                        |             Disabled |
+-----------------------------------------+------------------------+----------------------+
|   5  NVIDIA H100 80GB HBM3          On  |   00000000:BA:00.0 Off |                    0 |
| N/A   56C    P0            638W /  700W |   77199MiB /  81559MiB |    100%      Default |
|                                         |                        |             Disabled |
+-----------------------------------------+------------------------+----------------------+
|   6  NVIDIA H100 80GB HBM3          On  |   00000000:DB:00.0 Off |                    0 |
| N/A   50C    P0            632W /  700W |   77199MiB /  81559MiB |    100%      Default |
|                                         |                        |             Disabled |
+-----------------------------------------+------------------------+----------------------+

+-----------------------------------------------------------------------------------------+
| Processes:                                                                              |
|  GPU   GI   CI              PID   Type   Process name                        GPU Memory |
|        ID   ID                                                               Usage      |
|=========================================================================================|
|  No running processes found                                                             |
+-----------------------------------------------------------------------------------------+

===== 2026-09-09T06:13:36Z pokprod-b93r44s2 (nvidia-gpu-operator/nvidia-dcgm-kppxs) =====
Wed Sep  9 06:13:38 2026       
+-----------------------------------------------------------------------------------------+
| NVIDIA-SMI 580.105.08             Driver Version: 580.105.08     CUDA Version: 13.0     |
+-----------------------------------------+------------------------+----------------------+
| GPU  Name                 Persistence-M | Bus-Id          Disp.A | Volatile Uncorr. ECC |
| Fan  Temp   Perf          Pwr:Usage/Cap |           Memory-Usage | GPU-Util  Compute M. |
|                                         |                        |               MIG M. |
|=========================================+========================+======================|
|   0  NVIDIA H100 80GB HBM3          On  |   00000000:18:00.0 Off |                    0 |
| N/A   22C    P0             96W /  700W |       0MiB /  81559MiB |      0%      Default |
|                                         |                        |             Disabled |
+-----------------------------------------+------------------------+----------------------+
|   1  NVIDIA H100 80GB HBM3          On  |   00000000:3A:00.0 Off |                    0 |
| N/A   24C    P0             98W /  700W |       0MiB /  81559MiB |      0%      Default |
|                                         |                        |             Disabled |
+-----------------------------------------+------------------------+----------------------+
|   2  NVIDIA H100 80GB HBM3          On  |   00000000:5D:00.0 Off |                    0 |
| N/A   21C    P0             97W /  700W |       0MiB /  81559MiB |      0%      Default |
|                                         |                        |             Disabled |
+-----------------------------------------+------------------------+----------------------+
|   3  NVIDIA H100 80GB HBM3          On  |   00000000:9A:00.0 Off |                    0 |
| N/A   55C    P0            601W /  700W |   77199MiB /  81559MiB |    100%      Default |
|                                         |                        |             Disabled |
+-----------------------------------------+------------------------+----------------------+
|   4  NVIDIA H100 80GB HBM3          On  |   00000000:AB:00.0 Off |                    0 |
| N/A   62C    P0            589W /  700W |   77199MiB /  81559MiB |    100%      Default |
|                                         |                        |             Disabled |
+-----------------------------------------+------------------------+----------------------+
|   5  NVIDIA H100 80GB HBM3          On  |   00000000:BA:00.0 Off |                    0 |
| N/A   59C    P0            606W /  700W |   77199MiB /  81559MiB |    100%      Default |
|                                         |                        |             Disabled |
+-----------------------------------------+------------------------+----------------------+
|   6  NVIDIA H100 80GB HBM3          On  |   00000000:DB:00.0 Off |                    0 |
| N/A   52C    P0            594W /  700W |   77199MiB /  81559MiB |    100%      Default |
|                                         |                        |             Disabled |
+-----------------------------------------+------------------------+----------------------+

+-----------------------------------------------------------------------------------------+
| Processes:                                                                              |
|  GPU   GI   CI              PID   Type   Process name                        GPU Memory |
|        ID   ID                                                               Usage      |
|=========================================================================================|
|  No running processes found                                                             |
+-----------------------------------------------------------------------------------------+

===== 2026-09-09T06:13:49Z pokprod-b93r44s2 (nvidia-gpu-operator/nvidia-dcgm-kppxs) =====
Wed Sep  9 06:13:51 2026       
+-----------------------------------------------------------------------------------------+
| NVIDIA-SMI 580.105.08             Driver Version: 580.105.08     CUDA Version: 13.0     |
+-----------------------------------------+------------------------+----------------------+
| GPU  Name                 Persistence-M | Bus-Id          Disp.A | Volatile Uncorr. ECC |
| Fan  Temp   Perf          Pwr:Usage/Cap |           Memory-Usage | GPU-Util  Compute M. |
|                                         |                        |               MIG M. |
|=========================================+========================+======================|
|   0  NVIDIA H100 80GB HBM3          On  |   00000000:18:00.0 Off |                    0 |
| N/A   21C    P0             96W /  700W |       0MiB /  81559MiB |      0%      Default |
|                                         |                        |             Disabled |
+-----------------------------------------+------------------------+----------------------+
|   1  NVIDIA H100 80GB HBM3          On  |   00000000:3A:00.0 Off |                    0 |
| N/A   24C    P0             99W /  700W |       0MiB /  81559MiB |      0%      Default |
|                                         |                        |             Disabled |
+-----------------------------------------+------------------------+----------------------+
|   2  NVIDIA H100 80GB HBM3          On  |   00000000:5D:00.0 Off |                    0 |
| N/A   21C    P0             97W /  700W |       0MiB /  81559MiB |      0%      Default |
|                                         |                        |             Disabled |
+-----------------------------------------+------------------------+----------------------+
|   3  NVIDIA H100 80GB HBM3          On  |   00000000:9A:00.0 Off |                    0 |
| N/A   56C    P0            687W /  700W |   77199MiB /  81559MiB |    100%      Default |
|                                         |                        |             Disabled |
+-----------------------------------------+------------------------+----------------------+
|   4  NVIDIA H100 80GB HBM3          On  |   00000000:AB:00.0 Off |                    0 |
| N/A   64C    P0            688W /  700W |   77199MiB /  81559MiB |    100%      Default |
|                                         |                        |             Disabled |
+-----------------------------------------+------------------------+----------------------+
|   5  NVIDIA H100 80GB HBM3          On  |   00000000:BA:00.0 Off |                    0 |
| N/A   59C    P0            686W /  700W |   77199MiB /  81559MiB |    100%      Default |
|                                         |                        |             Disabled |
+-----------------------------------------+------------------------+----------------------+
|   6  NVIDIA H100 80GB HBM3          On  |   00000000:DB:00.0 Off |                    0 |
| N/A   52C    P0            692W /  700W |   77199MiB /  81559MiB |    100%      Default |
|                                         |                        |             Disabled |
+-----------------------------------------+------------------------+----------------------+

+-----------------------------------------------------------------------------------------+
| Processes:                                                                              |
|  GPU   GI   CI              PID   Type   Process name                        GPU Memory |
|        ID   ID                                                               Usage      |
|=========================================================================================|
|  No running processes found                                                             |
+-----------------------------------------------------------------------------------------+

===== 2026-09-09T06:14:02Z pokprod-b93r44s2 (nvidia-gpu-operator/nvidia-dcgm-kppxs) =====
Wed Sep  9 06:14:05 2026       
+-----------------------------------------------------------------------------------------+
| NVIDIA-SMI 580.105.08             Driver Version: 580.105.08     CUDA Version: 13.0     |
+-----------------------------------------+------------------------+----------------------+
| GPU  Name                 Persistence-M | Bus-Id          Disp.A | Volatile Uncorr. ECC |
| Fan  Temp   Perf          Pwr:Usage/Cap |           Memory-Usage | GPU-Util  Compute M. |
|                                         |                        |               MIG M. |
|=========================================+========================+======================|
|   0  NVIDIA H100 80GB HBM3          On  |   00000000:18:00.0 Off |                    0 |
| N/A   21C    P0             96W /  700W |       0MiB /  81559MiB |      0%      Default |
|                                         |                        |             Disabled |
+-----------------------------------------+------------------------+----------------------+
|   1  NVIDIA H100 80GB HBM3          On  |   00000000:3A:00.0 Off |                    0 |
| N/A   24C    P0             99W /  700W |       0MiB /  81559MiB |      0%      Default |
|                                         |                        |             Disabled |
+-----------------------------------------+------------------------+----------------------+
|   2  NVIDIA H100 80GB HBM3          On  |   00000000:5D:00.0 Off |                    0 |
| N/A   21C    P0             97W /  700W |       0MiB /  81559MiB |      0%      Default |
|                                         |                        |             Disabled |
+-----------------------------------------+------------------------+----------------------+
|   3  NVIDIA H100 80GB HBM3          On  |   00000000:9A:00.0 Off |                    0 |
| N/A   54C    P0            641W /  700W |   77199MiB /  81559MiB |    100%      Default |
|                                         |                        |             Disabled |
+-----------------------------------------+------------------------+----------------------+
|   4  NVIDIA H100 80GB HBM3          On  |   00000000:AB:00.0 Off |                    0 |
| N/A   59C    P0            635W /  700W |   77199MiB /  81559MiB |    100%      Default |
|                                         |                        |             Disabled |
+-----------------------------------------+------------------------+----------------------+
|   5  NVIDIA H100 80GB HBM3          On  |   00000000:BA:00.0 Off |                    0 |
| N/A   56C    P0            632W /  700W |   77199MiB /  81559MiB |    100%      Default |
|                                         |                        |             Disabled |
+-----------------------------------------+------------------------+----------------------+
|   6  NVIDIA H100 80GB HBM3          On  |   00000000:DB:00.0 Off |                    0 |
| N/A   49C    P0            633W /  700W |   77199MiB /  81559MiB |    100%      Default |
|                                         |                        |             Disabled |
+-----------------------------------------+------------------------+----------------------+

+-----------------------------------------------------------------------------------------+
| Processes:                                                                              |
|  GPU   GI   CI              PID   Type   Process name                        GPU Memory |
|        ID   ID                                                               Usage      |
|=========================================================================================|
|  No running processes found                                                             |
+-----------------------------------------------------------------------------------------+

===== 2026-09-09T06:14:15Z pokprod-b93r44s2 (nvidia-gpu-operator/nvidia-dcgm-kppxs) =====
Wed Sep  9 06:14:18 2026       
+-----------------------------------------------------------------------------------------+
| NVIDIA-SMI 580.105.08             Driver Version: 580.105.08     CUDA Version: 13.0     |
+-----------------------------------------+------------------------+----------------------+
| GPU  Name                 Persistence-M | Bus-Id          Disp.A | Volatile Uncorr. ECC |
| Fan  Temp   Perf          Pwr:Usage/Cap |           Memory-Usage | GPU-Util  Compute M. |
|                                         |                        |               MIG M. |
|=========================================+========================+======================|
|   0  NVIDIA H100 80GB HBM3          On  |   00000000:18:00.0 Off |                    0 |
| N/A   21C    P0             96W /  700W |       0MiB /  81559MiB |      0%      Default |
|                                         |                        |             Disabled |
+-----------------------------------------+------------------------+----------------------+
|   1  NVIDIA H100 80GB HBM3          On  |   00000000:3A:00.0 Off |                    0 |
| N/A   24C    P0             98W /  700W |       0MiB /  81559MiB |      0%      Default |
|                                         |                        |             Disabled |
+-----------------------------------------+------------------------+----------------------+
|   2  NVIDIA H100 80GB HBM3          On  |   00000000:5D:00.0 Off |                    0 |
| N/A   21C    P0             97W /  700W |       0MiB /  81559MiB |      0%      Default |
|                                         |                        |             Disabled |
+-----------------------------------------+------------------------+----------------------+
|   3  NVIDIA H100 80GB HBM3          On  |   00000000:9A:00.0 Off |                    0 |
| N/A   50C    P0            559W /  700W |   77199MiB /  81559MiB |    100%      Default |
|                                         |                        |             Disabled |
+-----------------------------------------+------------------------+----------------------+
|   4  NVIDIA H100 80GB HBM3          On  |   00000000:AB:00.0 Off |                    0 |
| N/A   56C    P0            555W /  700W |   77199MiB /  81559MiB |    100%      Default |
|                                         |                        |             Disabled |
+-----------------------------------------+------------------------+----------------------+
|   5  NVIDIA H100 80GB HBM3          On  |   00000000:BA:00.0 Off |                    0 |
| N/A   53C    P0            555W /  700W |   77199MiB /  81559MiB |    100%      Default |
|                                         |                        |             Disabled |
+-----------------------------------------+------------------------+----------------------+
|   6  NVIDIA H100 80GB HBM3          On  |   00000000:DB:00.0 Off |                    0 |
| N/A   46C    P0            548W /  700W |   77199MiB /  81559MiB |    100%      Default |
|                                         |                        |             Disabled |
+-----------------------------------------+------------------------+----------------------+

+-----------------------------------------------------------------------------------------+
| Processes:                                                                              |
|  GPU   GI   CI              PID   Type   Process name                        GPU Memory |
|        ID   ID                                                               Usage      |
|=========================================================================================|
|  No running processes found                                                             |
+-----------------------------------------------------------------------------------------+

===== 2026-09-09T06:14:28Z pokprod-b93r44s2 (nvidia-gpu-operator/nvidia-dcgm-kppxs) =====
Wed Sep  9 06:14:30 2026       
+-----------------------------------------------------------------------------------------+
| NVIDIA-SMI 580.105.08             Driver Version: 580.105.08     CUDA Version: 13.0     |
+-----------------------------------------+------------------------+----------------------+
| GPU  Name                 Persistence-M | Bus-Id          Disp.A | Volatile Uncorr. ECC |
| Fan  Temp   Perf          Pwr:Usage/Cap |           Memory-Usage | GPU-Util  Compute M. |
|                                         |                        |               MIG M. |
|=========================================+========================+======================|
|   0  NVIDIA H100 80GB HBM3          On  |   00000000:18:00.0 Off |                    0 |
| N/A   21C    P0             96W /  700W |       0MiB /  81559MiB |      0%      Default |
|                                         |                        |             Disabled |
+-----------------------------------------+------------------------+----------------------+
|   1  NVIDIA H100 80GB HBM3          On  |   00000000:3A:00.0 Off |                    0 |
| N/A   24C    P0             98W /  700W |       0MiB /  81559MiB |      0%      Default |
|                                         |                        |             Disabled |
+-----------------------------------------+------------------------+----------------------+
|   2  NVIDIA H100 80GB HBM3          On  |   00000000:5D:00.0 Off |                    0 |
| N/A   21C    P0             97W /  700W |       0MiB /  81559MiB |      0%      Default |
|                                         |                        |             Disabled |
+-----------------------------------------+------------------------+----------------------+
|   3  NVIDIA H100 80GB HBM3          On  |   00000000:9A:00.0 Off |                    0 |
| N/A   53C    P0            662W /  700W |   77199MiB /  81559MiB |    100%      Default |
|                                         |                        |             Disabled |
+-----------------------------------------+------------------------+----------------------+
|   4  NVIDIA H100 80GB HBM3          On  |   00000000:AB:00.0 Off |                    0 |
| N/A   59C    P0            665W /  700W |   77199MiB /  81559MiB |    100%      Default |
|                                         |                        |             Disabled |
+-----------------------------------------+------------------------+----------------------+
|   5  NVIDIA H100 80GB HBM3          On  |   00000000:BA:00.0 Off |                    0 |
| N/A   56C    P0            660W /  700W |   77199MiB /  81559MiB |    100%      Default |
|                                         |                        |             Disabled |
+-----------------------------------------+------------------------+----------------------+
|   6  NVIDIA H100 80GB HBM3          On  |   00000000:DB:00.0 Off |                    0 |
| N/A   53C    P0            653W /  700W |   77199MiB /  81559MiB |    100%      Default |
|                                         |                        |             Disabled |
+-----------------------------------------+------------------------+----------------------+

+-----------------------------------------------------------------------------------------+
| Processes:                                                                              |
|  GPU   GI   CI              PID   Type   Process name                        GPU Memory |
|        ID   ID                                                               Usage      |
|=========================================================================================|
|  No running processes found                                                             |
+-----------------------------------------------------------------------------------------+

===== 2026-09-09T06:14:41Z pokprod-b93r44s2 (nvidia-gpu-operator/nvidia-dcgm-kppxs) =====
Wed Sep  9 06:14:43 2026       
+-----------------------------------------------------------------------------------------+
| NVIDIA-SMI 580.105.08             Driver Version: 580.105.08     CUDA Version: 13.0     |
+-----------------------------------------+------------------------+----------------------+
| GPU  Name                 Persistence-M | Bus-Id          Disp.A | Volatile Uncorr. ECC |
| Fan  Temp   Perf          Pwr:Usage/Cap |           Memory-Usage | GPU-Util  Compute M. |
|                                         |                        |               MIG M. |
|=========================================+========================+======================|
|   0  NVIDIA H100 80GB HBM3          On  |   00000000:18:00.0 Off |                    0 |
| N/A   22C    P0             96W /  700W |       0MiB /  81559MiB |      0%      Default |
|                                         |                        |             Disabled |
+-----------------------------------------+------------------------+----------------------+
|   1  NVIDIA H100 80GB HBM3          On  |   00000000:3A:00.0 Off |                    0 |
| N/A   24C    P0             98W /  700W |       0MiB /  81559MiB |      0%      Default |
|                                         |                        |             Disabled |
+-----------------------------------------+------------------------+----------------------+
|   2  NVIDIA H100 80GB HBM3          On  |   00000000:5D:00.0 Off |                    0 |
| N/A   21C    P0             97W /  700W |       0MiB /  81559MiB |      0%      Default |
|                                         |                        |             Disabled |
+-----------------------------------------+------------------------+----------------------+
|   3  NVIDIA H100 80GB HBM3          On  |   00000000:9A:00.0 Off |                    0 |
| N/A   54C    P0            657W /  700W |   77199MiB /  81559MiB |    100%      Default |
|                                         |                        |             Disabled |
+-----------------------------------------+------------------------+----------------------+
|   4  NVIDIA H100 80GB HBM3          On  |   00000000:AB:00.0 Off |                    0 |
| N/A   59C    P0            660W /  700W |   77199MiB /  81559MiB |    100%      Default |
|                                         |                        |             Disabled |
+-----------------------------------------+------------------------+----------------------+
|   5  NVIDIA H100 80GB HBM3          On  |   00000000:BA:00.0 Off |                    0 |
| N/A   56C    P0            656W /  700W |   77199MiB /  81559MiB |    100%      Default |
|                                         |                        |             Disabled |
+-----------------------------------------+------------------------+----------------------+
|   6  NVIDIA H100 80GB HBM3          On  |   00000000:DB:00.0 Off |                    0 |
| N/A   49C    P0            650W /  700W |   77199MiB /  81559MiB |    100%      Default |
|                                         |                        |             Disabled |
+-----------------------------------------+------------------------+----------------------+

+-----------------------------------------------------------------------------------------+
| Processes:                                                                              |
|  GPU   GI   CI              PID   Type   Process name                        GPU Memory |
|        ID   ID                                                               Usage      |
|=========================================================================================|
|  No running processes found                                                             |
+-----------------------------------------------------------------------------------------+

===== 2026-09-09T06:14:54Z pokprod-b93r44s2 (nvidia-gpu-operator/nvidia-dcgm-kppxs) =====
Wed Sep  9 06:14:56 2026       
+-----------------------------------------------------------------------------------------+
| NVIDIA-SMI 580.105.08             Driver Version: 580.105.08     CUDA Version: 13.0     |
+-----------------------------------------+------------------------+----------------------+
| GPU  Name                 Persistence-M | Bus-Id          Disp.A | Volatile Uncorr. ECC |
| Fan  Temp   Perf          Pwr:Usage/Cap |           Memory-Usage | GPU-Util  Compute M. |
|                                         |                        |               MIG M. |
|=========================================+========================+======================|
|   0  NVIDIA H100 80GB HBM3          On  |   00000000:18:00.0 Off |                    0 |
| N/A   22C    P0             96W /  700W |       0MiB /  81559MiB |      0%      Default |
|                                         |                        |             Disabled |
+-----------------------------------------+------------------------+----------------------+
|   1  NVIDIA H100 80GB HBM3          On  |   00000000:3A:00.0 Off |                    0 |
| N/A   24C    P0             98W /  700W |       0MiB /  81559MiB |      0%      Default |
|                                         |                        |             Disabled |
+-----------------------------------------+------------------------+----------------------+
|   2  NVIDIA H100 80GB HBM3          On  |   00000000:5D:00.0 Off |                    0 |
| N/A   21C    P0             97W /  700W |       0MiB /  81559MiB |      0%      Default |
|                                         |                        |             Disabled |
+-----------------------------------------+------------------------+----------------------+
|   3  NVIDIA H100 80GB HBM3          On  |   00000000:9A:00.0 Off |                    0 |
| N/A   58C    P0            693W /  700W |   77199MiB /  81559MiB |    100%      Default |
|                                         |                        |             Disabled |
+-----------------------------------------+------------------------+----------------------+
|   4  NVIDIA H100 80GB HBM3          On  |   00000000:AB:00.0 Off |                    0 |
| N/A   64C    P0            687W /  700W |   77199MiB /  81559MiB |    100%      Default |
|                                         |                        |             Disabled |
+-----------------------------------------+------------------------+----------------------+
|   5  NVIDIA H100 80GB HBM3          On  |   00000000:BA:00.0 Off |                    0 |
| N/A   62C    P0            697W /  700W |   77199MiB /  81559MiB |    100%      Default |
|                                         |                        |             Disabled |
+-----------------------------------------+------------------------+----------------------+
|   6  NVIDIA H100 80GB HBM3          On  |   00000000:DB:00.0 Off |                    0 |
| N/A   51C    P0            686W /  700W |   77199MiB /  81559MiB |    100%      Default |
|                                         |                        |             Disabled |
+-----------------------------------------+------------------------+----------------------+

+-----------------------------------------------------------------------------------------+
| Processes:                                                                              |
|  GPU   GI   CI              PID   Type   Process name                        GPU Memory |
|        ID   ID                                                               Usage      |
|=========================================================================================|
|  No running processes found                                                             |
+-----------------------------------------------------------------------------------------+

===== 2026-09-09T06:15:07Z pokprod-b93r44s2 (nvidia-gpu-operator/nvidia-dcgm-kppxs) =====
Wed Sep  9 06:15:09 2026       
+-----------------------------------------------------------------------------------------+
| NVIDIA-SMI 580.105.08             Driver Version: 580.105.08     CUDA Version: 13.0     |
+-----------------------------------------+------------------------+----------------------+
| GPU  Name                 Persistence-M | Bus-Id          Disp.A | Volatile Uncorr. ECC |
| Fan  Temp   Perf          Pwr:Usage/Cap |           Memory-Usage | GPU-Util  Compute M. |
|                                         |                        |               MIG M. |
|=========================================+========================+======================|
|   0  NVIDIA H100 80GB HBM3          On  |   00000000:18:00.0 Off |                    0 |
| N/A   22C    P0             96W /  700W |       0MiB /  81559MiB |      0%      Default |
|                                         |                        |             Disabled |
+-----------------------------------------+------------------------+----------------------+
|   1  NVIDIA H100 80GB HBM3          On  |   00000000:3A:00.0 Off |                    0 |
| N/A   24C    P0             98W /  700W |       0MiB /  81559MiB |      0%      Default |
|                                         |                        |             Disabled |
+-----------------------------------------+------------------------+----------------------+
|   2  NVIDIA H100 80GB HBM3          On  |   00000000:5D:00.0 Off |                    0 |
| N/A   21C    P0             97W /  700W |       0MiB /  81559MiB |      0%      Default |
|                                         |                        |             Disabled |
+-----------------------------------------+------------------------+----------------------+
|   3  NVIDIA H100 80GB HBM3          On  |   00000000:9A:00.0 Off |                    0 |
| N/A   57C    P0            648W /  700W |   77199MiB /  81559MiB |    100%      Default |
|                                         |                        |             Disabled |
+-----------------------------------------+------------------------+----------------------+
|   4  NVIDIA H100 80GB HBM3          On  |   00000000:AB:00.0 Off |                    0 |
| N/A   65C    P0            666W /  700W |   77199MiB /  81559MiB |    100%      Default |
|                                         |                        |             Disabled |
+-----------------------------------------+------------------------+----------------------+
|   5  NVIDIA H100 80GB HBM3          On  |   00000000:BA:00.0 Off |                    0 |
| N/A   62C    P0            672W /  700W |   77199MiB /  81559MiB |    100%      Default |
|                                         |                        |             Disabled |
+-----------------------------------------+------------------------+----------------------+
|   6  NVIDIA H100 80GB HBM3          On  |   00000000:DB:00.0 Off |                    0 |
| N/A   55C    P0            671W /  700W |   77199MiB /  81559MiB |    100%      Default |
|                                         |                        |             Disabled |
+-----------------------------------------+------------------------+----------------------+

+-----------------------------------------------------------------------------------------+
| Processes:                                                                              |
|  GPU   GI   CI              PID   Type   Process name                        GPU Memory |
|        ID   ID                                                               Usage      |
|=========================================================================================|
|  No running processes found                                                             |
+-----------------------------------------------------------------------------------------+

===== 2026-09-09T06:15:20Z pokprod-b93r44s2 (nvidia-gpu-operator/nvidia-dcgm-kppxs) =====
Wed Sep  9 06:15:23 2026       
+-----------------------------------------------------------------------------------------+
| NVIDIA-SMI 580.105.08             Driver Version: 580.105.08     CUDA Version: 13.0     |
+-----------------------------------------+------------------------+----------------------+
| GPU  Name                 Persistence-M | Bus-Id          Disp.A | Volatile Uncorr. ECC |
| Fan  Temp   Perf          Pwr:Usage/Cap |           Memory-Usage | GPU-Util  Compute M. |
|                                         |                        |               MIG M. |
|=========================================+========================+======================|
|   0  NVIDIA H100 80GB HBM3          On  |   00000000:18:00.0 Off |                    0 |
| N/A   22C    P0             96W /  700W |       0MiB /  81559MiB |      0%      Default |
|                                         |                        |             Disabled |
+-----------------------------------------+------------------------+----------------------+
|   1  NVIDIA H100 80GB HBM3          On  |   00000000:3A:00.0 Off |                    0 |
| N/A   24C    P0             98W /  700W |       0MiB /  81559MiB |      0%      Default |
|                                         |                        |             Disabled |
+-----------------------------------------+------------------------+----------------------+
|   2  NVIDIA H100 80GB HBM3          On  |   00000000:5D:00.0 Off |                    0 |
| N/A   21C    P0             97W /  700W |       0MiB /  81559MiB |      0%      Default |
|                                         |                        |             Disabled |
+-----------------------------------------+------------------------+----------------------+
|   3  NVIDIA H100 80GB HBM3          On  |   00000000:9A:00.0 Off |                    0 |
| N/A   55C    P0            679W /  700W |   77199MiB /  81559MiB |    100%      Default |
|                                         |                        |             Disabled |
+-----------------------------------------+------------------------+----------------------+
|   4  NVIDIA H100 80GB HBM3          On  |   00000000:AB:00.0 Off |                    0 |
| N/A   62C    P0            674W /  700W |   77199MiB /  81559MiB |    100%      Default |
|                                         |                        |             Disabled |
+-----------------------------------------+------------------------+----------------------+
|   5  NVIDIA H100 80GB HBM3          On  |   00000000:BA:00.0 Off |                    0 |
| N/A   61C    P0            679W /  700W |   77199MiB /  81559MiB |    100%      Default |
|                                         |                        |             Disabled |
+-----------------------------------------+------------------------+----------------------+
|   6  NVIDIA H100 80GB HBM3          On  |   00000000:DB:00.0 Off |                    0 |
| N/A   54C    P0            673W /  700W |   77199MiB /  81559MiB |    100%      Default |
|                                         |                        |             Disabled |
+-----------------------------------------+------------------------+----------------------+

+-----------------------------------------------------------------------------------------+
| Processes:                                                                              |
|  GPU   GI   CI              PID   Type   Process name                        GPU Memory |
|        ID   ID                                                               Usage      |
|=========================================================================================|
|  No running processes found                                                             |
+-----------------------------------------------------------------------------------------+

===== 2026-09-09T06:15:34Z pokprod-b93r44s2 (nvidia-gpu-operator/nvidia-dcgm-kppxs) =====
Wed Sep  9 06:15:36 2026       
+-----------------------------------------------------------------------------------------+
| NVIDIA-SMI 580.105.08             Driver Version: 580.105.08     CUDA Version: 13.0     |
+-----------------------------------------+------------------------+----------------------+
| GPU  Name                 Persistence-M | Bus-Id          Disp.A | Volatile Uncorr. ECC |
| Fan  Temp   Perf          Pwr:Usage/Cap |           Memory-Usage | GPU-Util  Compute M. |
|                                         |                        |               MIG M. |
|=========================================+========================+======================|
|   0  NVIDIA H100 80GB HBM3          On  |   00000000:18:00.0 Off |                    0 |
| N/A   22C    P0             96W /  700W |       0MiB /  81559MiB |      0%      Default |
|                                         |                        |             Disabled |
+-----------------------------------------+------------------------+----------------------+
|   1  NVIDIA H100 80GB HBM3          On  |   00000000:3A:00.0 Off |                    0 |
| N/A   24C    P0             98W /  700W |       0MiB /  81559MiB |      0%      Default |
|                                         |                        |             Disabled |
+-----------------------------------------+------------------------+----------------------+
|   2  NVIDIA H100 80GB HBM3          On  |   00000000:5D:00.0 Off |                    0 |
| N/A   21C    P0             97W /  700W |       0MiB /  81559MiB |      0%      Default |
|                                         |                        |             Disabled |
+-----------------------------------------+------------------------+----------------------+
|   3  NVIDIA H100 80GB HBM3          On  |   00000000:9A:00.0 Off |                    0 |
| N/A   58C    P0            695W /  700W |   77199MiB /  81559MiB |    100%      Default |
|                                         |                        |             Disabled |
+-----------------------------------------+------------------------+----------------------+
|   4  NVIDIA H100 80GB HBM3          On  |   00000000:AB:00.0 Off |                    0 |
| N/A   64C    P0            688W /  700W |   77199MiB /  81559MiB |    100%      Default |
|                                         |                        |             Disabled |
+-----------------------------------------+------------------------+----------------------+
|   5  NVIDIA H100 80GB HBM3          On  |   00000000:BA:00.0 Off |                    0 |
| N/A   60C    P0            695W /  700W |   77199MiB /  81559MiB |    100%      Default |
|                                         |                        |             Disabled |
+-----------------------------------------+------------------------+----------------------+
|   6  NVIDIA H100 80GB HBM3          On  |   00000000:DB:00.0 Off |                    0 |
| N/A   52C    P0            693W /  700W |   77199MiB /  81559MiB |    100%      Default |
|                                         |                        |             Disabled |
+-----------------------------------------+------------------------+----------------------+

+-----------------------------------------------------------------------------------------+
| Processes:                                                                              |
|  GPU   GI   CI              PID   Type   Process name                        GPU Memory |
|        ID   ID                                                               Usage      |
|=========================================================================================|
|  No running processes found                                                             |
+-----------------------------------------------------------------------------------------+

===== 2026-09-09T06:15:47Z pokprod-b93r44s2 (nvidia-gpu-operator/nvidia-dcgm-kppxs) =====
Wed Sep  9 06:15:49 2026       
+-----------------------------------------------------------------------------------------+
| NVIDIA-SMI 580.105.08             Driver Version: 580.105.08     CUDA Version: 13.0     |
+-----------------------------------------+------------------------+----------------------+
| GPU  Name                 Persistence-M | Bus-Id          Disp.A | Volatile Uncorr. ECC |
| Fan  Temp   Perf          Pwr:Usage/Cap |           Memory-Usage | GPU-Util  Compute M. |
|                                         |                        |               MIG M. |
|=========================================+========================+======================|
|   0  NVIDIA H100 80GB HBM3          On  |   00000000:18:00.0 Off |                    0 |
| N/A   22C    P0             96W /  700W |       0MiB /  81559MiB |      0%      Default |
|                                         |                        |             Disabled |
+-----------------------------------------+------------------------+----------------------+
|   1  NVIDIA H100 80GB HBM3          On  |   00000000:3A:00.0 Off |                    0 |
| N/A   24C    P0             98W /  700W |       0MiB /  81559MiB |      0%      Default |
|                                         |                        |             Disabled |
+-----------------------------------------+------------------------+----------------------+
|   2  NVIDIA H100 80GB HBM3          On  |   00000000:5D:00.0 Off |                    0 |
| N/A   21C    P0             97W /  700W |       0MiB /  81559MiB |      0%      Default |
|                                         |                        |             Disabled |
+-----------------------------------------+------------------------+----------------------+
|   3  NVIDIA H100 80GB HBM3          On  |   00000000:9A:00.0 Off |                    0 |
| N/A   58C    P0            679W /  700W |   77199MiB /  81559MiB |    100%      Default |
|                                         |                        |             Disabled |
+-----------------------------------------+------------------------+----------------------+
|   4  NVIDIA H100 80GB HBM3          On  |   00000000:AB:00.0 Off |                    0 |
| N/A   61C    P0            668W /  700W |   77199MiB /  81559MiB |    100%      Default |
|                                         |                        |             Disabled |
+-----------------------------------------+------------------------+----------------------+
|   5  NVIDIA H100 80GB HBM3          On  |   00000000:BA:00.0 Off |                    0 |
| N/A   62C    P0            675W /  700W |   77199MiB /  81559MiB |    100%      Default |
|                                         |                        |             Disabled |
+-----------------------------------------+------------------------+----------------------+
|   6  NVIDIA H100 80GB HBM3          On  |   00000000:DB:00.0 Off |                    0 |
| N/A   55C    P0            664W /  700W |   77199MiB /  81559MiB |    100%      Default |
|                                         |                        |             Disabled |
+-----------------------------------------+------------------------+----------------------+

+-----------------------------------------------------------------------------------------+
| Processes:                                                                              |
|  GPU   GI   CI              PID   Type   Process name                        GPU Memory |
|        ID   ID                                                               Usage      |
|=========================================================================================|
|  No running processes found                                                             |
+-----------------------------------------------------------------------------------------+

===== 2026-09-09T06:15:59Z pokprod-b93r44s2 (nvidia-gpu-operator/nvidia-dcgm-kppxs) =====
Wed Sep  9 06:16:02 2026       
+-----------------------------------------------------------------------------------------+
| NVIDIA-SMI 580.105.08             Driver Version: 580.105.08     CUDA Version: 13.0     |
+-----------------------------------------+------------------------+----------------------+
| GPU  Name                 Persistence-M | Bus-Id          Disp.A | Volatile Uncorr. ECC |
| Fan  Temp   Perf          Pwr:Usage/Cap |           Memory-Usage | GPU-Util  Compute M. |
|                                         |                        |               MIG M. |
|=========================================+========================+======================|
|   0  NVIDIA H100 80GB HBM3          On  |   00000000:18:00.0 Off |                    0 |
| N/A   22C    P0             96W /  700W |       0MiB /  81559MiB |      0%      Default |
|                                         |                        |             Disabled |
+-----------------------------------------+------------------------+----------------------+
|   1  NVIDIA H100 80GB HBM3          On  |   00000000:3A:00.0 Off |                    0 |
| N/A   24C    P0             98W /  700W |       0MiB /  81559MiB |      0%      Default |
|                                         |                        |             Disabled |
+-----------------------------------------+------------------------+----------------------+
|   2  NVIDIA H100 80GB HBM3          On  |   00000000:5D:00.0 Off |                    0 |
| N/A   21C    P0             97W /  700W |       0MiB /  81559MiB |      0%      Default |
|                                         |                        |             Disabled |
+-----------------------------------------+------------------------+----------------------+
|   3  NVIDIA H100 80GB HBM3          On  |   00000000:9A:00.0 Off |                    0 |
| N/A   54C    P0            611W /  700W |   77199MiB /  81559MiB |    100%      Default |
|                                         |                        |             Disabled |
+-----------------------------------------+------------------------+----------------------+
|   4  NVIDIA H100 80GB HBM3          On  |   00000000:AB:00.0 Off |                    0 |
| N/A   57C    P0            606W /  700W |   77199MiB /  81559MiB |    100%      Default |
|                                         |                        |             Disabled |
+-----------------------------------------+------------------------+----------------------+
|   5  NVIDIA H100 80GB HBM3          On  |   00000000:BA:00.0 Off |                    0 |
| N/A   54C    P0            603W /  700W |   77199MiB /  81559MiB |    100%      Default |
|                                         |                        |             Disabled |
+-----------------------------------------+------------------------+----------------------+
|   6  NVIDIA H100 80GB HBM3          On  |   00000000:DB:00.0 Off |                    0 |
| N/A   47C    P0            607W /  700W |   77199MiB /  81559MiB |    100%      Default |
|                                         |                        |             Disabled |
+-----------------------------------------+------------------------+----------------------+

+-----------------------------------------------------------------------------------------+
| Processes:                                                                              |
|  GPU   GI   CI              PID   Type   Process name                        GPU Memory |
|        ID   ID                                                               Usage      |
|=========================================================================================|
|  No running processes found                                                             |
+-----------------------------------------------------------------------------------------+

===== 2026-09-09T06:16:12Z pokprod-b93r44s2 (nvidia-gpu-operator/nvidia-dcgm-kppxs) =====
Wed Sep  9 06:16:15 2026       
+-----------------------------------------------------------------------------------------+
| NVIDIA-SMI 580.105.08             Driver Version: 580.105.08     CUDA Version: 13.0     |
+-----------------------------------------+------------------------+----------------------+
| GPU  Name                 Persistence-M | Bus-Id          Disp.A | Volatile Uncorr. ECC |
| Fan  Temp   Perf          Pwr:Usage/Cap |           Memory-Usage | GPU-Util  Compute M. |
|                                         |                        |               MIG M. |
|=========================================+========================+======================|
|   0  NVIDIA H100 80GB HBM3          On  |   00000000:18:00.0 Off |                    0 |
| N/A   22C    P0             96W /  700W |       0MiB /  81559MiB |      0%      Default |
|                                         |                        |             Disabled |
+-----------------------------------------+------------------------+----------------------+
|   1  NVIDIA H100 80GB HBM3          On  |   00000000:3A:00.0 Off |                    0 |
| N/A   24C    P0             98W /  700W |       0MiB /  81559MiB |      0%      Default |
|                                         |                        |             Disabled |
+-----------------------------------------+------------------------+----------------------+
|   2  NVIDIA H100 80GB HBM3          On  |   00000000:5D:00.0 Off |                    0 |
| N/A   21C    P0             97W /  700W |       0MiB /  81559MiB |      0%      Default |
|                                         |                        |             Disabled |
+-----------------------------------------+------------------------+----------------------+
|   3  NVIDIA H100 80GB HBM3          On  |   00000000:9A:00.0 Off |                    0 |
| N/A   52C    P0            540W /  700W |   77199MiB /  81559MiB |    100%      Default |
|                                         |                        |             Disabled |
+-----------------------------------------+------------------------+----------------------+
|   4  NVIDIA H100 80GB HBM3          On  |   00000000:AB:00.0 Off |                    0 |
| N/A   60C    P0            551W /  700W |   77199MiB /  81559MiB |    100%      Default |
|                                         |                        |             Disabled |
+-----------------------------------------+------------------------+----------------------+
|   5  NVIDIA H100 80GB HBM3          On  |   00000000:BA:00.0 Off |                    0 |
| N/A   54C    P0            543W /  700W |   77199MiB /  81559MiB |    100%      Default |
|                                         |                        |             Disabled |
+-----------------------------------------+------------------------+----------------------+
|   6  NVIDIA H100 80GB HBM3          On  |   00000000:DB:00.0 Off |                    0 |
| N/A   51C    P0            547W /  700W |   77199MiB /  81559MiB |    100%      Default |
|                                         |                        |             Disabled |
+-----------------------------------------+------------------------+----------------------+

+-----------------------------------------------------------------------------------------+
| Processes:                                                                              |
|  GPU   GI   CI              PID   Type   Process name                        GPU Memory |
|        ID   ID                                                               Usage      |
|=========================================================================================|
|  No running processes found                                                             |
+-----------------------------------------------------------------------------------------+

===== 2026-09-09T06:16:26Z pokprod-b93r44s2 (nvidia-gpu-operator/nvidia-dcgm-kppxs) =====
Wed Sep  9 06:16:28 2026       
+-----------------------------------------------------------------------------------------+
| NVIDIA-SMI 580.105.08             Driver Version: 580.105.08     CUDA Version: 13.0     |
+-----------------------------------------+------------------------+----------------------+
| GPU  Name                 Persistence-M | Bus-Id          Disp.A | Volatile Uncorr. ECC |
| Fan  Temp   Perf          Pwr:Usage/Cap |           Memory-Usage | GPU-Util  Compute M. |
|                                         |                        |               MIG M. |
|=========================================+========================+======================|
|   0  NVIDIA H100 80GB HBM3          On  |   00000000:18:00.0 Off |                    0 |
| N/A   22C    P0             96W /  700W |       0MiB /  81559MiB |      0%      Default |
|                                         |                        |             Disabled |
+-----------------------------------------+------------------------+----------------------+
|   1  NVIDIA H100 80GB HBM3          On  |   00000000:3A:00.0 Off |                    0 |
| N/A   24C    P0             98W /  700W |       0MiB /  81559MiB |      0%      Default |
|                                         |                        |             Disabled |
+-----------------------------------------+------------------------+----------------------+
|   2  NVIDIA H100 80GB HBM3          On  |   00000000:5D:00.0 Off |                    0 |
| N/A   21C    P0             97W /  700W |       0MiB /  81559MiB |      0%      Default |
|                                         |                        |             Disabled |
+-----------------------------------------+------------------------+----------------------+
|   3  NVIDIA H100 80GB HBM3          On  |   00000000:9A:00.0 Off |                    0 |
| N/A   57C    P0            653W /  700W |   77199MiB /  81559MiB |    100%      Default |
|                                         |                        |             Disabled |
+-----------------------------------------+------------------------+----------------------+
|   4  NVIDIA H100 80GB HBM3          On  |   00000000:AB:00.0 Off |                    0 |
| N/A   60C    P0            652W /  700W |   77199MiB /  81559MiB |    100%      Default |
|                                         |                        |             Disabled |
+-----------------------------------------+------------------------+----------------------+
|   5  NVIDIA H100 80GB HBM3          On  |   00000000:BA:00.0 Off |                    0 |
| N/A   60C    P0            655W /  700W |   77199MiB /  81559MiB |    100%      Default |
|                                         |                        |             Disabled |
+-----------------------------------------+------------------------+----------------------+
|   6  NVIDIA H100 80GB HBM3          On  |   00000000:DB:00.0 Off |                    0 |
| N/A   49C    P0            649W /  700W |   77199MiB /  81559MiB |    100%      Default |
|                                         |                        |             Disabled |
+-----------------------------------------+------------------------+----------------------+

+-----------------------------------------------------------------------------------------+
| Processes:                                                                              |
|  GPU   GI   CI              PID   Type   Process name                        GPU Memory |
|        ID   ID                                                               Usage      |
|=========================================================================================|
|  No running processes found                                                             |
+-----------------------------------------------------------------------------------------+

===== 2026-09-09T06:16:39Z pokprod-b93r44s2 (nvidia-gpu-operator/nvidia-dcgm-kppxs) =====
Wed Sep  9 06:16:42 2026       
+-----------------------------------------------------------------------------------------+
| NVIDIA-SMI 580.105.08             Driver Version: 580.105.08     CUDA Version: 13.0     |
+-----------------------------------------+------------------------+----------------------+
| GPU  Name                 Persistence-M | Bus-Id          Disp.A | Volatile Uncorr. ECC |
| Fan  Temp   Perf          Pwr:Usage/Cap |           Memory-Usage | GPU-Util  Compute M. |
|                                         |                        |               MIG M. |
|=========================================+========================+======================|
|   0  NVIDIA H100 80GB HBM3          On  |   00000000:18:00.0 Off |                    0 |
| N/A   22C    P0             96W /  700W |       0MiB /  81559MiB |      0%      Default |
|                                         |                        |             Disabled |
+-----------------------------------------+------------------------+----------------------+
|   1  NVIDIA H100 80GB HBM3          On  |   00000000:3A:00.0 Off |                    0 |
| N/A   24C    P0             98W /  700W |       0MiB /  81559MiB |      0%      Default |
|                                         |                        |             Disabled |
+-----------------------------------------+------------------------+----------------------+
|   2  NVIDIA H100 80GB HBM3          On  |   00000000:5D:00.0 Off |                    0 |
| N/A   21C    P0             97W /  700W |       0MiB /  81559MiB |      0%      Default |
|                                         |                        |             Disabled |
+-----------------------------------------+------------------------+----------------------+
|   3  NVIDIA H100 80GB HBM3          On  |   00000000:9A:00.0 Off |                    0 |
| N/A   57C    P0            668W /  700W |   77199MiB /  81559MiB |    100%      Default |
|                                         |                        |             Disabled |
+-----------------------------------------+------------------------+----------------------+
|   4  NVIDIA H100 80GB HBM3          On  |   00000000:AB:00.0 Off |                    0 |
| N/A   64C    P0            666W /  700W |   77199MiB /  81559MiB |    100%      Default |
|                                         |                        |             Disabled |
+-----------------------------------------+------------------------+----------------------+
|   5  NVIDIA H100 80GB HBM3          On  |   00000000:BA:00.0 Off |                    0 |
| N/A   61C    P0            660W /  700W |   77199MiB /  81559MiB |    100%      Default |
|                                         |                        |             Disabled |
+-----------------------------------------+------------------------+----------------------+
|   6  NVIDIA H100 80GB HBM3          On  |   00000000:DB:00.0 Off |                    0 |
| N/A   55C    P0            656W /  700W |   77199MiB /  81559MiB |    100%      Default |
|                                         |                        |             Disabled |
+-----------------------------------------+------------------------+----------------------+

+-----------------------------------------------------------------------------------------+
| Processes:                                                                              |
|  GPU   GI   CI              PID   Type   Process name                        GPU Memory |
|        ID   ID                                                               Usage      |
|=========================================================================================|
|  No running processes found                                                             |
+-----------------------------------------------------------------------------------------+

===== 2026-09-09T06:16:52Z pokprod-b93r44s2 (nvidia-gpu-operator/nvidia-dcgm-kppxs) =====
Wed Sep  9 06:16:54 2026       
+-----------------------------------------------------------------------------------------+
| NVIDIA-SMI 580.105.08             Driver Version: 580.105.08     CUDA Version: 13.0     |
+-----------------------------------------+------------------------+----------------------+
| GPU  Name                 Persistence-M | Bus-Id          Disp.A | Volatile Uncorr. ECC |
| Fan  Temp   Perf          Pwr:Usage/Cap |           Memory-Usage | GPU-Util  Compute M. |
|                                         |                        |               MIG M. |
|=========================================+========================+======================|
|   0  NVIDIA H100 80GB HBM3          On  |   00000000:18:00.0 Off |                    0 |
| N/A   22C    P0             96W /  700W |       0MiB /  81559MiB |      0%      Default |
|                                         |                        |             Disabled |
+-----------------------------------------+------------------------+----------------------+
|   1  NVIDIA H100 80GB HBM3          On  |   00000000:3A:00.0 Off |                    0 |
| N/A   24C    P0             98W /  700W |       0MiB /  81559MiB |      0%      Default |
|                                         |                        |             Disabled |
+-----------------------------------------+------------------------+----------------------+
|   2  NVIDIA H100 80GB HBM3          On  |   00000000:5D:00.0 Off |                    0 |
| N/A   21C    P0             97W /  700W |       0MiB /  81559MiB |      0%      Default |
|                                         |                        |             Disabled |
+-----------------------------------------+------------------------+----------------------+
|   3  NVIDIA H100 80GB HBM3          On  |   00000000:9A:00.0 Off |                    0 |
| N/A   52C    P0            622W /  700W |   77199MiB /  81559MiB |    100%      Default |
|                                         |                        |             Disabled |
+-----------------------------------------+------------------------+----------------------+
|   4  NVIDIA H100 80GB HBM3          On  |   00000000:AB:00.0 Off |                    0 |
| N/A   60C    P0            635W /  700W |   77199MiB /  81559MiB |    100%      Default |
|                                         |                        |             Disabled |
+-----------------------------------------+------------------------+----------------------+
|   5  NVIDIA H100 80GB HBM3          On  |   00000000:BA:00.0 Off |                    0 |
| N/A   54C    P0            627W /  700W |   77199MiB /  81559MiB |    100%      Default |
|                                         |                        |             Disabled |
+-----------------------------------------+------------------------+----------------------+
|   6  NVIDIA H100 80GB HBM3          On  |   00000000:DB:00.0 Off |                    0 |
| N/A   53C    P0            633W /  700W |   77199MiB /  81559MiB |    100%      Default |
|                                         |                        |             Disabled |
+-----------------------------------------+------------------------+----------------------+

+-----------------------------------------------------------------------------------------+
| Processes:                                                                              |
|  GPU   GI   CI              PID   Type   Process name                        GPU Memory |
|        ID   ID                                                               Usage      |
|=========================================================================================|
|  No running processes found                                                             |
+-----------------------------------------------------------------------------------------+

===== 2026-09-09T06:17:05Z pokprod-b93r44s2 (nvidia-gpu-operator/nvidia-dcgm-kppxs) =====
Wed Sep  9 06:17:07 2026       
+-----------------------------------------------------------------------------------------+
| NVIDIA-SMI 580.105.08             Driver Version: 580.105.08     CUDA Version: 13.0     |
+-----------------------------------------+------------------------+----------------------+
| GPU  Name                 Persistence-M | Bus-Id          Disp.A | Volatile Uncorr. ECC |
| Fan  Temp   Perf          Pwr:Usage/Cap |           Memory-Usage | GPU-Util  Compute M. |
|                                         |                        |               MIG M. |
|=========================================+========================+======================|
|   0  NVIDIA H100 80GB HBM3          On  |   00000000:18:00.0 Off |                    0 |
| N/A   22C    P0             96W /  700W |       0MiB /  81559MiB |      0%      Default |
|                                         |                        |             Disabled |
+-----------------------------------------+------------------------+----------------------+
|   1  NVIDIA H100 80GB HBM3          On  |   00000000:3A:00.0 Off |                    0 |
| N/A   24C    P0             98W /  700W |       0MiB /  81559MiB |      0%      Default |
|                                         |                        |             Disabled |
+-----------------------------------------+------------------------+----------------------+
|   2  NVIDIA H100 80GB HBM3          On  |   00000000:5D:00.0 Off |                    0 |
| N/A   21C    P0             97W /  700W |       0MiB /  81559MiB |      0%      Default |
|                                         |                        |             Disabled |
+-----------------------------------------+------------------------+----------------------+
|   3  NVIDIA H100 80GB HBM3          On  |   00000000:9A:00.0 Off |                    0 |
| N/A   51C    P0            628W /  700W |   77199MiB /  81559MiB |    100%      Default |
|                                         |                        |             Disabled |
+-----------------------------------------+------------------------+----------------------+
|   4  NVIDIA H100 80GB HBM3          On  |   00000000:AB:00.0 Off |                    0 |
| N/A   59C    P0            638W /  700W |   77199MiB /  81559MiB |    100%      Default |
|                                         |                        |             Disabled |
+-----------------------------------------+------------------------+----------------------+
|   5  NVIDIA H100 80GB HBM3          On  |   00000000:BA:00.0 Off |                    0 |
| N/A   54C    P0            627W /  700W |   77199MiB /  81559MiB |    100%      Default |
|                                         |                        |             Disabled |
+-----------------------------------------+------------------------+----------------------+
|   6  NVIDIA H100 80GB HBM3          On  |   00000000:DB:00.0 Off |                    0 |
| N/A   48C    P0            626W /  700W |   77199MiB /  81559MiB |    100%      Default |
|                                         |                        |             Disabled |
+-----------------------------------------+------------------------+----------------------+

+-----------------------------------------------------------------------------------------+
| Processes:                                                                              |
|  GPU   GI   CI              PID   Type   Process name                        GPU Memory |
|        ID   ID                                                               Usage      |
|=========================================================================================|
|  No running processes found                                                             |
+-----------------------------------------------------------------------------------------+

===== 2026-09-09T06:17:18Z pokprod-b93r44s2 (nvidia-gpu-operator/nvidia-dcgm-kppxs) =====
Wed Sep  9 06:17:20 2026       
+-----------------------------------------------------------------------------------------+
| NVIDIA-SMI 580.105.08             Driver Version: 580.105.08     CUDA Version: 13.0     |
+-----------------------------------------+------------------------+----------------------+
| GPU  Name                 Persistence-M | Bus-Id          Disp.A | Volatile Uncorr. ECC |
| Fan  Temp   Perf          Pwr:Usage/Cap |           Memory-Usage | GPU-Util  Compute M. |
|                                         |                        |               MIG M. |
|=========================================+========================+======================|
|   0  NVIDIA H100 80GB HBM3          On  |   00000000:18:00.0 Off |                    0 |
| N/A   22C    P0             96W /  700W |       0MiB /  81559MiB |      0%      Default |
|                                         |                        |             Disabled |
+-----------------------------------------+------------------------+----------------------+
|   1  NVIDIA H100 80GB HBM3          On  |   00000000:3A:00.0 Off |                    0 |
| N/A   24C    P0             98W /  700W |       0MiB /  81559MiB |      0%      Default |
|                                         |                        |             Disabled |
+-----------------------------------------+------------------------+----------------------+
|   2  NVIDIA H100 80GB HBM3          On  |   00000000:5D:00.0 Off |                    0 |
| N/A   21C    P0             97W /  700W |       0MiB /  81559MiB |      0%      Default |
|                                         |                        |             Disabled |
+-----------------------------------------+------------------------+----------------------+
|   3  NVIDIA H100 80GB HBM3          On  |   00000000:9A:00.0 Off |                    0 |
| N/A   50C    P0            593W /  700W |   77199MiB /  81559MiB |    100%      Default |
|                                         |                        |             Disabled |
+-----------------------------------------+------------------------+----------------------+
|   4  NVIDIA H100 80GB HBM3          On  |   00000000:AB:00.0 Off |                    0 |
| N/A   56C    P0            589W /  700W |   77199MiB /  81559MiB |    100%      Default |
|                                         |                        |             Disabled |
+-----------------------------------------+------------------------+----------------------+
|   5  NVIDIA H100 80GB HBM3          On  |   00000000:BA:00.0 Off |                    0 |
| N/A   53C    P0            587W /  700W |   77199MiB /  81559MiB |    100%      Default |
|                                         |                        |             Disabled |
+-----------------------------------------+------------------------+----------------------+
|   6  NVIDIA H100 80GB HBM3          On  |   00000000:DB:00.0 Off |                    0 |
| N/A   47C    P0            576W /  700W |   77199MiB /  81559MiB |    100%      Default |
|                                         |                        |             Disabled |
+-----------------------------------------+------------------------+----------------------+

+-----------------------------------------------------------------------------------------+
| Processes:                                                                              |
|  GPU   GI   CI              PID   Type   Process name                        GPU Memory |
|        ID   ID                                                               Usage      |
|=========================================================================================|
|  No running processes found                                                             |
+-----------------------------------------------------------------------------------------+

===== 2026-09-09T06:17:31Z pokprod-b93r44s2 (nvidia-gpu-operator/nvidia-dcgm-kppxs) =====
Wed Sep  9 06:17:33 2026       
+-----------------------------------------------------------------------------------------+
| NVIDIA-SMI 580.105.08             Driver Version: 580.105.08     CUDA Version: 13.0     |
+-----------------------------------------+------------------------+----------------------+
| GPU  Name                 Persistence-M | Bus-Id          Disp.A | Volatile Uncorr. ECC |
| Fan  Temp   Perf          Pwr:Usage/Cap |           Memory-Usage | GPU-Util  Compute M. |
|                                         |                        |               MIG M. |
|=========================================+========================+======================|
|   0  NVIDIA H100 80GB HBM3          On  |   00000000:18:00.0 Off |                    0 |
| N/A   22C    P0             96W /  700W |       0MiB /  81559MiB |      0%      Default |
|                                         |                        |             Disabled |
+-----------------------------------------+------------------------+----------------------+
|   1  NVIDIA H100 80GB HBM3          On  |   00000000:3A:00.0 Off |                    0 |
| N/A   24C    P0             98W /  700W |       0MiB /  81559MiB |      0%      Default |
|                                         |                        |             Disabled |
+-----------------------------------------+------------------------+----------------------+
|   2  NVIDIA H100 80GB HBM3          On  |   00000000:5D:00.0 Off |                    0 |
| N/A   21C    P0             97W /  700W |       0MiB /  81559MiB |      0%      Default |
|                                         |                        |             Disabled |
+-----------------------------------------+------------------------+----------------------+
|   3  NVIDIA H100 80GB HBM3          On  |   00000000:9A:00.0 Off |                    0 |
| N/A   56C    P0            658W /  700W |   77199MiB /  81559MiB |    100%      Default |
|                                         |                        |             Disabled |
+-----------------------------------------+------------------------+----------------------+
|   4  NVIDIA H100 80GB HBM3          On  |   00000000:AB:00.0 Off |                    0 |
| N/A   63C    P0            677W /  700W |   77199MiB /  81559MiB |    100%      Default |
|                                         |                        |             Disabled |
+-----------------------------------------+------------------------+----------------------+
|   5  NVIDIA H100 80GB HBM3          On  |   00000000:BA:00.0 Off |                    0 |
| N/A   59C    P0            667W /  700W |   77199MiB /  81559MiB |    100%      Default |
|                                         |                        |             Disabled |
+-----------------------------------------+------------------------+----------------------+
|   6  NVIDIA H100 80GB HBM3          On  |   00000000:DB:00.0 Off |                    0 |
| N/A   53C    P0            665W /  700W |   77199MiB /  81559MiB |    100%      Default |
|                                         |                        |             Disabled |
+-----------------------------------------+------------------------+----------------------+

+-----------------------------------------------------------------------------------------+
| Processes:                                                                              |
|  GPU   GI   CI              PID   Type   Process name                        GPU Memory |
|        ID   ID                                                               Usage      |
|=========================================================================================|
|  No running processes found                                                             |
+-----------------------------------------------------------------------------------------+

===== 2026-09-09T06:17:44Z pokprod-b93r44s2 (nvidia-gpu-operator/nvidia-dcgm-kppxs) =====
Wed Sep  9 06:17:46 2026       
+-----------------------------------------------------------------------------------------+
| NVIDIA-SMI 580.105.08             Driver Version: 580.105.08     CUDA Version: 13.0     |
+-----------------------------------------+------------------------+----------------------+
| GPU  Name                 Persistence-M | Bus-Id          Disp.A | Volatile Uncorr. ECC |
| Fan  Temp   Perf          Pwr:Usage/Cap |           Memory-Usage | GPU-Util  Compute M. |
|                                         |                        |               MIG M. |
|=========================================+========================+======================|
|   0  NVIDIA H100 80GB HBM3          On  |   00000000:18:00.0 Off |                    0 |
| N/A   22C    P0             96W /  700W |       0MiB /  81559MiB |      0%      Default |
|                                         |                        |             Disabled |
+-----------------------------------------+------------------------+----------------------+
|   1  NVIDIA H100 80GB HBM3          On  |   00000000:3A:00.0 Off |                    0 |
| N/A   24C    P0             98W /  700W |       0MiB /  81559MiB |      0%      Default |
|                                         |                        |             Disabled |
+-----------------------------------------+------------------------+----------------------+
|   2  NVIDIA H100 80GB HBM3          On  |   00000000:5D:00.0 Off |                    0 |
| N/A   21C    P0             97W /  700W |       0MiB /  81559MiB |      0%      Default |
|                                         |                        |             Disabled |
+-----------------------------------------+------------------------+----------------------+
|   3  NVIDIA H100 80GB HBM3          On  |   00000000:9A:00.0 Off |                    0 |
| N/A   57C    P0            699W /  700W |   77199MiB /  81559MiB |    100%      Default |
|                                         |                        |             Disabled |
+-----------------------------------------+------------------------+----------------------+
|   4  NVIDIA H100 80GB HBM3          On  |   00000000:AB:00.0 Off |                    0 |
| N/A   63C    P0            699W /  700W |   77199MiB /  81559MiB |    100%      Default |
|                                         |                        |             Disabled |
+-----------------------------------------+------------------------+----------------------+
|   5  NVIDIA H100 80GB HBM3          On  |   00000000:BA:00.0 Off |                    0 |
| N/A   56C    P0            692W /  700W |   77199MiB /  81559MiB |    100%      Default |
|                                         |                        |             Disabled |
+-----------------------------------------+------------------------+----------------------+
|   6  NVIDIA H100 80GB HBM3          On  |   00000000:DB:00.0 Off |                    0 |
| N/A   54C    P0            695W /  700W |   77199MiB /  81559MiB |    100%      Default |
|                                         |                        |             Disabled |
+-----------------------------------------+------------------------+----------------------+

+-----------------------------------------------------------------------------------------+
| Processes:                                                                              |
|  GPU   GI   CI              PID   Type   Process name                        GPU Memory |
|        ID   ID                                                               Usage      |
|=========================================================================================|
|  No running processes found                                                             |
+-----------------------------------------------------------------------------------------+

===== 2026-09-09T06:17:57Z pokprod-b93r44s2 (nvidia-gpu-operator/nvidia-dcgm-kppxs) =====
Wed Sep  9 06:17:59 2026       
+-----------------------------------------------------------------------------------------+
| NVIDIA-SMI 580.105.08             Driver Version: 580.105.08     CUDA Version: 13.0     |
+-----------------------------------------+------------------------+----------------------+
| GPU  Name                 Persistence-M | Bus-Id          Disp.A | Volatile Uncorr. ECC |
| Fan  Temp   Perf          Pwr:Usage/Cap |           Memory-Usage | GPU-Util  Compute M. |
|                                         |                        |               MIG M. |
|=========================================+========================+======================|
|   0  NVIDIA H100 80GB HBM3          On  |   00000000:18:00.0 Off |                    0 |
| N/A   22C    P0             96W /  700W |       0MiB /  81559MiB |      0%      Default |
|                                         |                        |             Disabled |
+-----------------------------------------+------------------------+----------------------+
|   1  NVIDIA H100 80GB HBM3          On  |   00000000:3A:00.0 Off |                    0 |
| N/A   24C    P0             98W /  700W |       0MiB /  81559MiB |      0%      Default |
|                                         |                        |             Disabled |
+-----------------------------------------+------------------------+----------------------+
|   2  NVIDIA H100 80GB HBM3          On  |   00000000:5D:00.0 Off |                    0 |
| N/A   21C    P0             97W /  700W |       0MiB /  81559MiB |      0%      Default |
|                                         |                        |             Disabled |
+-----------------------------------------+------------------------+----------------------+
|   3  NVIDIA H100 80GB HBM3          On  |   00000000:9A:00.0 Off |                    0 |
| N/A   57C    P0            687W /  700W |   77199MiB /  81559MiB |    100%      Default |
|                                         |                        |             Disabled |
+-----------------------------------------+------------------------+----------------------+
|   4  NVIDIA H100 80GB HBM3          On  |   00000000:AB:00.0 Off |                    0 |
| N/A   64C    P0            693W /  700W |   77199MiB /  81559MiB |    100%      Default |
|                                         |                        |             Disabled |
+-----------------------------------------+------------------------+----------------------+
|   5  NVIDIA H100 80GB HBM3          On  |   00000000:BA:00.0 Off |                    0 |
| N/A   61C    P0            691W /  700W |   77199MiB /  81559MiB |    100%      Default |
|                                         |                        |             Disabled |
+-----------------------------------------+------------------------+----------------------+
|   6  NVIDIA H100 80GB HBM3          On  |   00000000:DB:00.0 Off |                    0 |
| N/A   55C    P0            691W /  700W |   77199MiB /  81559MiB |    100%      Default |
|                                         |                        |             Disabled |
+-----------------------------------------+------------------------+----------------------+

+-----------------------------------------------------------------------------------------+
| Processes:                                                                              |
|  GPU   GI   CI              PID   Type   Process name                        GPU Memory |
|        ID   ID                                                               Usage      |
|=========================================================================================|
|  No running processes found                                                             |
+-----------------------------------------------------------------------------------------+

===== 2026-09-09T06:18:10Z pokprod-b93r44s2 (nvidia-gpu-operator/nvidia-dcgm-kppxs) =====
Wed Sep  9 06:18:12 2026       
+-----------------------------------------------------------------------------------------+
| NVIDIA-SMI 580.105.08             Driver Version: 580.105.08     CUDA Version: 13.0     |
+-----------------------------------------+------------------------+----------------------+
| GPU  Name                 Persistence-M | Bus-Id          Disp.A | Volatile Uncorr. ECC |
| Fan  Temp   Perf          Pwr:Usage/Cap |           Memory-Usage | GPU-Util  Compute M. |
|                                         |                        |               MIG M. |
|=========================================+========================+======================|
|   0  NVIDIA H100 80GB HBM3          On  |   00000000:18:00.0 Off |                    0 |
| N/A   22C    P0             96W /  700W |       0MiB /  81559MiB |      0%      Default |
|                                         |                        |             Disabled |
+-----------------------------------------+------------------------+----------------------+
|   1  NVIDIA H100 80GB HBM3          On  |   00000000:3A:00.0 Off |                    0 |
| N/A   24C    P0             98W /  700W |       0MiB /  81559MiB |      0%      Default |
|                                         |                        |             Disabled |
+-----------------------------------------+------------------------+----------------------+
|   2  NVIDIA H100 80GB HBM3          On  |   00000000:5D:00.0 Off |                    0 |
| N/A   21C    P0             97W /  700W |       0MiB /  81559MiB |      0%      Default |
|                                         |                        |             Disabled |
+-----------------------------------------+------------------------+----------------------+
|   3  NVIDIA H100 80GB HBM3          On  |   00000000:9A:00.0 Off |                    0 |
| N/A   53C    P0            662W /  700W |   77199MiB /  81559MiB |    100%      Default |
|                                         |                        |             Disabled |
+-----------------------------------------+------------------------+----------------------+
|   4  NVIDIA H100 80GB HBM3          On  |   00000000:AB:00.0 Off |                    0 |
| N/A   58C    P0            650W /  700W |   77199MiB /  81559MiB |    100%      Default |
|                                         |                        |             Disabled |
+-----------------------------------------+------------------------+----------------------+
|   5  NVIDIA H100 80GB HBM3          On  |   00000000:BA:00.0 Off |                    0 |
| N/A   55C    P0            652W /  700W |   77199MiB /  81559MiB |    100%      Default |
|                                         |                        |             Disabled |
+-----------------------------------------+------------------------+----------------------+
|   6  NVIDIA H100 80GB HBM3          On  |   00000000:DB:00.0 Off |                    0 |
| N/A   49C    P0            651W /  700W |   77199MiB /  81559MiB |    100%      Default |
|                                         |                        |             Disabled |
+-----------------------------------------+------------------------+----------------------+

+-----------------------------------------------------------------------------------------+
| Processes:                                                                              |
|  GPU   GI   CI              PID   Type   Process name                        GPU Memory |
|        ID   ID                                                               Usage      |
|=========================================================================================|
|  No running processes found                                                             |
+-----------------------------------------------------------------------------------------+

===== 2026-09-09T06:18:23Z pokprod-b93r44s2 (nvidia-gpu-operator/nvidia-dcgm-kppxs) =====
Wed Sep  9 06:18:25 2026       
+-----------------------------------------------------------------------------------------+
| NVIDIA-SMI 580.105.08             Driver Version: 580.105.08     CUDA Version: 13.0     |
+-----------------------------------------+------------------------+----------------------+
| GPU  Name                 Persistence-M | Bus-Id          Disp.A | Volatile Uncorr. ECC |
| Fan  Temp   Perf          Pwr:Usage/Cap |           Memory-Usage | GPU-Util  Compute M. |
|                                         |                        |               MIG M. |
|=========================================+========================+======================|
|   0  NVIDIA H100 80GB HBM3          On  |   00000000:18:00.0 Off |                    0 |
| N/A   22C    P0             96W /  700W |       0MiB /  81559MiB |      0%      Default |
|                                         |                        |             Disabled |
+-----------------------------------------+------------------------+----------------------+
|   1  NVIDIA H100 80GB HBM3          On  |   00000000:3A:00.0 Off |                    0 |
| N/A   24C    P0             98W /  700W |       0MiB /  81559MiB |      0%      Default |
|                                         |                        |             Disabled |
+-----------------------------------------+------------------------+----------------------+
|   2  NVIDIA H100 80GB HBM3          On  |   00000000:5D:00.0 Off |                    0 |
| N/A   21C    P0             97W /  700W |       0MiB /  81559MiB |      0%      Default |
|                                         |                        |             Disabled |
+-----------------------------------------+------------------------+----------------------+
|   3  NVIDIA H100 80GB HBM3          On  |   00000000:9A:00.0 Off |                    0 |
| N/A   58C    P0            696W /  700W |   77199MiB /  81559MiB |    100%      Default |
|                                         |                        |             Disabled |
+-----------------------------------------+------------------------+----------------------+
|   4  NVIDIA H100 80GB HBM3          On  |   00000000:AB:00.0 Off |                    0 |
| N/A   65C    P0            694W /  700W |   77199MiB /  81559MiB |    100%      Default |
|                                         |                        |             Disabled |
+-----------------------------------------+------------------------+----------------------+
|   5  NVIDIA H100 80GB HBM3          On  |   00000000:BA:00.0 Off |                    0 |
| N/A   60C    P0            696W /  700W |   77199MiB /  81559MiB |    100%      Default |
|                                         |                        |             Disabled |
+-----------------------------------------+------------------------+----------------------+
|   6  NVIDIA H100 80GB HBM3          On  |   00000000:DB:00.0 Off |                    0 |
| N/A   51C    P0            695W /  700W |   77199MiB /  81559MiB |    100%      Default |
|                                         |                        |             Disabled |
+-----------------------------------------+------------------------+----------------------+

+-----------------------------------------------------------------------------------------+
| Processes:                                                                              |
|  GPU   GI   CI              PID   Type   Process name                        GPU Memory |
|        ID   ID                                                               Usage      |
|=========================================================================================|
|  No running processes found                                                             |
+-----------------------------------------------------------------------------------------+

===== 2026-09-09T06:18:36Z pokprod-b93r44s2 (nvidia-gpu-operator/nvidia-dcgm-kppxs) =====
Wed Sep  9 06:18:38 2026       
+-----------------------------------------------------------------------------------------+
| NVIDIA-SMI 580.105.08             Driver Version: 580.105.08     CUDA Version: 13.0     |
+-----------------------------------------+------------------------+----------------------+
| GPU  Name                 Persistence-M | Bus-Id          Disp.A | Volatile Uncorr. ECC |
| Fan  Temp   Perf          Pwr:Usage/Cap |           Memory-Usage | GPU-Util  Compute M. |
|                                         |                        |               MIG M. |
|=========================================+========================+======================|
|   0  NVIDIA H100 80GB HBM3          On  |   00000000:18:00.0 Off |                    0 |
| N/A   22C    P0             96W /  700W |       0MiB /  81559MiB |      0%      Default |
|                                         |                        |             Disabled |
+-----------------------------------------+------------------------+----------------------+
|   1  NVIDIA H100 80GB HBM3          On  |   00000000:3A:00.0 Off |                    0 |
| N/A   24C    P0             98W /  700W |       0MiB /  81559MiB |      0%      Default |
|                                         |                        |             Disabled |
+-----------------------------------------+------------------------+----------------------+
|   2  NVIDIA H100 80GB HBM3          On  |   00000000:5D:00.0 Off |                    0 |
| N/A   21C    P0             97W /  700W |       0MiB /  81559MiB |      0%      Default |
|                                         |                        |             Disabled |
+-----------------------------------------+------------------------+----------------------+
|   3  NVIDIA H100 80GB HBM3          On  |   00000000:9A:00.0 Off |                    0 |
| N/A   52C    P0            640W /  700W |   77199MiB /  81559MiB |    100%      Default |
|                                         |                        |             Disabled |
+-----------------------------------------+------------------------+----------------------+
|   4  NVIDIA H100 80GB HBM3          On  |   00000000:AB:00.0 Off |                    0 |
| N/A   58C    P0            640W /  700W |   77199MiB /  81559MiB |    100%      Default |
|                                         |                        |             Disabled |
+-----------------------------------------+------------------------+----------------------+
|   5  NVIDIA H100 80GB HBM3          On  |   00000000:BA:00.0 Off |                    0 |
| N/A   54C    P0            635W /  700W |   77199MiB /  81559MiB |    100%      Default |
|                                         |                        |             Disabled |
+-----------------------------------------+------------------------+----------------------+
|   6  NVIDIA H100 80GB HBM3          On  |   00000000:DB:00.0 Off |                    0 |
| N/A   48C    P0            626W /  700W |   77199MiB /  81559MiB |    100%      Default |
|                                         |                        |             Disabled |
+-----------------------------------------+------------------------+----------------------+

+-----------------------------------------------------------------------------------------+
| Processes:                                                                              |
|  GPU   GI   CI              PID   Type   Process name                        GPU Memory |
|        ID   ID                                                               Usage      |
|=========================================================================================|
|  No running processes found                                                             |
+-----------------------------------------------------------------------------------------+

===== 2026-09-09T06:18:49Z pokprod-b93r44s2 (nvidia-gpu-operator/nvidia-dcgm-kppxs) =====
Wed Sep  9 06:18:51 2026       
+-----------------------------------------------------------------------------------------+
| NVIDIA-SMI 580.105.08             Driver Version: 580.105.08     CUDA Version: 13.0     |
+-----------------------------------------+------------------------+----------------------+
| GPU  Name                 Persistence-M | Bus-Id          Disp.A | Volatile Uncorr. ECC |
| Fan  Temp   Perf          Pwr:Usage/Cap |           Memory-Usage | GPU-Util  Compute M. |
|                                         |                        |               MIG M. |
|=========================================+========================+======================|
|   0  NVIDIA H100 80GB HBM3          On  |   00000000:18:00.0 Off |                    0 |
| N/A   22C    P0             96W /  700W |       0MiB /  81559MiB |      0%      Default |
|                                         |                        |             Disabled |
+-----------------------------------------+------------------------+----------------------+
|   1  NVIDIA H100 80GB HBM3          On  |   00000000:3A:00.0 Off |                    0 |
| N/A   24C    P0             98W /  700W |       0MiB /  81559MiB |      0%      Default |
|                                         |                        |             Disabled |
+-----------------------------------------+------------------------+----------------------+
|   2  NVIDIA H100 80GB HBM3          On  |   00000000:5D:00.0 Off |                    0 |
| N/A   21C    P0             97W /  700W |       0MiB /  81559MiB |      0%      Default |
|                                         |                        |             Disabled |
+-----------------------------------------+------------------------+----------------------+
|   3  NVIDIA H100 80GB HBM3          On  |   00000000:9A:00.0 Off |                    0 |
| N/A   53C    P0            651W /  700W |   77199MiB /  81559MiB |    100%      Default |
|                                         |                        |             Disabled |
+-----------------------------------------+------------------------+----------------------+
|   4  NVIDIA H100 80GB HBM3          On  |   00000000:AB:00.0 Off |                    0 |
| N/A   58C    P0            652W /  700W |   77199MiB /  81559MiB |    100%      Default |
|                                         |                        |             Disabled |
+-----------------------------------------+------------------------+----------------------+
|   5  NVIDIA H100 80GB HBM3          On  |   00000000:BA:00.0 Off |                    0 |
| N/A   54C    P0            645W /  700W |   77199MiB /  81559MiB |    100%      Default |
|                                         |                        |             Disabled |
+-----------------------------------------+------------------------+----------------------+
|   6  NVIDIA H100 80GB HBM3          On  |   00000000:DB:00.0 Off |                    0 |
| N/A   49C    P0            638W /  700W |   77199MiB /  81559MiB |    100%      Default |
|                                         |                        |             Disabled |
+-----------------------------------------+------------------------+----------------------+

+-----------------------------------------------------------------------------------------+
| Processes:                                                                              |
|  GPU   GI   CI              PID   Type   Process name                        GPU Memory |
|        ID   ID                                                               Usage      |
|=========================================================================================|
|  No running processes found                                                             |
+-----------------------------------------------------------------------------------------+

===== 2026-09-09T06:19:02Z pokprod-b93r44s2 (nvidia-gpu-operator/nvidia-dcgm-kppxs) =====
Wed Sep  9 06:19:04 2026       
+-----------------------------------------------------------------------------------------+
| NVIDIA-SMI 580.105.08             Driver Version: 580.105.08     CUDA Version: 13.0     |
+-----------------------------------------+------------------------+----------------------+
| GPU  Name                 Persistence-M | Bus-Id          Disp.A | Volatile Uncorr. ECC |
| Fan  Temp   Perf          Pwr:Usage/Cap |           Memory-Usage | GPU-Util  Compute M. |
|                                         |                        |               MIG M. |
|=========================================+========================+======================|
|   0  NVIDIA H100 80GB HBM3          On  |   00000000:18:00.0 Off |                    0 |
| N/A   22C    P0             96W /  700W |       0MiB /  81559MiB |      0%      Default |
|                                         |                        |             Disabled |
+-----------------------------------------+------------------------+----------------------+
|   1  NVIDIA H100 80GB HBM3          On  |   00000000:3A:00.0 Off |                    0 |
| N/A   24C    P0             98W /  700W |       0MiB /  81559MiB |      0%      Default |
|                                         |                        |             Disabled |
+-----------------------------------------+------------------------+----------------------+
|   2  NVIDIA H100 80GB HBM3          On  |   00000000:5D:00.0 Off |                    0 |
| N/A   21C    P0             97W /  700W |       0MiB /  81559MiB |      0%      Default |
|                                         |                        |             Disabled |
+-----------------------------------------+------------------------+----------------------+
|   3  NVIDIA H100 80GB HBM3          On  |   00000000:9A:00.0 Off |                    0 |
| N/A   54C    P0            645W /  700W |   77199MiB /  81559MiB |    100%      Default |
|                                         |                        |             Disabled |
+-----------------------------------------+------------------------+----------------------+
|   4  NVIDIA H100 80GB HBM3          On  |   00000000:AB:00.0 Off |                    0 |
| N/A   64C    P0            646W /  700W |   77199MiB /  81559MiB |    100%      Default |
|                                         |                        |             Disabled |
+-----------------------------------------+------------------------+----------------------+
|   5  NVIDIA H100 80GB HBM3          On  |   00000000:BA:00.0 Off |                    0 |
| N/A   60C    P0            650W /  700W |   77199MiB /  81559MiB |    100%      Default |
|                                         |                        |             Disabled |
+-----------------------------------------+------------------------+----------------------+
|   6  NVIDIA H100 80GB HBM3          On  |   00000000:DB:00.0 Off |                    0 |
| N/A   54C    P0            633W /  700W |   77199MiB /  81559MiB |    100%      Default |
|                                         |                        |             Disabled |
+-----------------------------------------+------------------------+----------------------+

+-----------------------------------------------------------------------------------------+
| Processes:                                                                              |
|  GPU   GI   CI              PID   Type   Process name                        GPU Memory |
|        ID   ID                                                               Usage      |
|=========================================================================================|
|  No running processes found                                                             |
+-----------------------------------------------------------------------------------------+

===== 2026-09-09T06:19:15Z pokprod-b93r44s2 (nvidia-gpu-operator/nvidia-dcgm-kppxs) =====
Wed Sep  9 06:19:18 2026       
+-----------------------------------------------------------------------------------------+
| NVIDIA-SMI 580.105.08             Driver Version: 580.105.08     CUDA Version: 13.0     |
+-----------------------------------------+------------------------+----------------------+
| GPU  Name                 Persistence-M | Bus-Id          Disp.A | Volatile Uncorr. ECC |
| Fan  Temp   Perf          Pwr:Usage/Cap |           Memory-Usage | GPU-Util  Compute M. |
|                                         |                        |               MIG M. |
|=========================================+========================+======================|
|   0  NVIDIA H100 80GB HBM3          On  |   00000000:18:00.0 Off |                    0 |
| N/A   22C    P0             96W /  700W |       0MiB /  81559MiB |      0%      Default |
|                                         |                        |             Disabled |
+-----------------------------------------+------------------------+----------------------+
|   1  NVIDIA H100 80GB HBM3          On  |   00000000:3A:00.0 Off |                    0 |
| N/A   24C    P0             98W /  700W |       0MiB /  81559MiB |      0%      Default |
|                                         |                        |             Disabled |
+-----------------------------------------+------------------------+----------------------+
|   2  NVIDIA H100 80GB HBM3          On  |   00000000:5D:00.0 Off |                    0 |
| N/A   21C    P0             97W /  700W |       0MiB /  81559MiB |      0%      Default |
|                                         |                        |             Disabled |
+-----------------------------------------+------------------------+----------------------+
|   3  NVIDIA H100 80GB HBM3          On  |   00000000:9A:00.0 Off |                    0 |
| N/A   56C    P0            631W /  700W |   77199MiB /  81559MiB |    100%      Default |
|                                         |                        |             Disabled |
+-----------------------------------------+------------------------+----------------------+
|   4  NVIDIA H100 80GB HBM3          On  |   00000000:AB:00.0 Off |                    0 |
| N/A   63C    P0            636W /  700W |   77199MiB /  81559MiB |    100%      Default |
|                                         |                        |             Disabled |
+-----------------------------------------+------------------------+----------------------+
|   5  NVIDIA H100 80GB HBM3          On  |   00000000:BA:00.0 Off |                    0 |
| N/A   55C    P0            619W /  700W |   77199MiB /  81559MiB |    100%      Default |
|                                         |                        |             Disabled |
+-----------------------------------------+------------------------+----------------------+
|   6  NVIDIA H100 80GB HBM3          On  |   00000000:DB:00.0 Off |                    0 |
| N/A   49C    P0            618W /  700W |   77199MiB /  81559MiB |    100%      Default |
|                                         |                        |             Disabled |
+-----------------------------------------+------------------------+----------------------+

+-----------------------------------------------------------------------------------------+
| Processes:                                                                              |
|  GPU   GI   CI              PID   Type   Process name                        GPU Memory |
|        ID   ID                                                               Usage      |
|=========================================================================================|
|  No running processes found                                                             |
+-----------------------------------------------------------------------------------------+

===== 2026-09-09T06:19:28Z pokprod-b93r44s2 (nvidia-gpu-operator/nvidia-dcgm-kppxs) =====
Wed Sep  9 06:19:30 2026       
+-----------------------------------------------------------------------------------------+
| NVIDIA-SMI 580.105.08             Driver Version: 580.105.08     CUDA Version: 13.0     |
+-----------------------------------------+------------------------+----------------------+
| GPU  Name                 Persistence-M | Bus-Id          Disp.A | Volatile Uncorr. ECC |
| Fan  Temp   Perf          Pwr:Usage/Cap |           Memory-Usage | GPU-Util  Compute M. |
|                                         |                        |               MIG M. |
|=========================================+========================+======================|
|   0  NVIDIA H100 80GB HBM3          On  |   00000000:18:00.0 Off |                    0 |
| N/A   22C    P0             96W /  700W |       0MiB /  81559MiB |      0%      Default |
|                                         |                        |             Disabled |
+-----------------------------------------+------------------------+----------------------+
|   1  NVIDIA H100 80GB HBM3          On  |   00000000:3A:00.0 Off |                    0 |
| N/A   24C    P0             99W /  700W |       0MiB /  81559MiB |      0%      Default |
|                                         |                        |             Disabled |
+-----------------------------------------+------------------------+----------------------+
|   2  NVIDIA H100 80GB HBM3          On  |   00000000:5D:00.0 Off |                    0 |
| N/A   21C    P0             97W /  700W |       0MiB /  81559MiB |      0%      Default |
|                                         |                        |             Disabled |
+-----------------------------------------+------------------------+----------------------+
|   3  NVIDIA H100 80GB HBM3          On  |   00000000:9A:00.0 Off |                    0 |
| N/A   58C    P0            696W /  700W |   77199MiB /  81559MiB |    100%      Default |
|                                         |                        |             Disabled |
+-----------------------------------------+------------------------+----------------------+
|   4  NVIDIA H100 80GB HBM3          On  |   00000000:AB:00.0 Off |                    0 |
| N/A   64C    P0            693W /  700W |   77199MiB /  81559MiB |    100%      Default |
|                                         |                        |             Disabled |
+-----------------------------------------+------------------------+----------------------+
|   5  NVIDIA H100 80GB HBM3          On  |   00000000:BA:00.0 Off |                    0 |
| N/A   61C    P0            691W /  700W |   77199MiB /  81559MiB |    100%      Default |
|                                         |                        |             Disabled |
+-----------------------------------------+------------------------+----------------------+
|   6  NVIDIA H100 80GB HBM3          On  |   00000000:DB:00.0 Off |                    0 |
| N/A   55C    P0            687W /  700W |   77199MiB /  81559MiB |    100%      Default |
|                                         |                        |             Disabled |
+-----------------------------------------+------------------------+----------------------+

+-----------------------------------------------------------------------------------------+
| Processes:                                                                              |
|  GPU   GI   CI              PID   Type   Process name                        GPU Memory |
|        ID   ID                                                               Usage      |
|=========================================================================================|
|  No running processes found                                                             |
+-----------------------------------------------------------------------------------------+

===== 2026-09-09T06:19:41Z pokprod-b93r44s2 (nvidia-gpu-operator/nvidia-dcgm-kppxs) =====
Wed Sep  9 06:19:43 2026       
+-----------------------------------------------------------------------------------------+
| NVIDIA-SMI 580.105.08             Driver Version: 580.105.08     CUDA Version: 13.0     |
+-----------------------------------------+------------------------+----------------------+
| GPU  Name                 Persistence-M | Bus-Id          Disp.A | Volatile Uncorr. ECC |
| Fan  Temp   Perf          Pwr:Usage/Cap |           Memory-Usage | GPU-Util  Compute M. |
|                                         |                        |               MIG M. |
|=========================================+========================+======================|
|   0  NVIDIA H100 80GB HBM3          On  |   00000000:18:00.0 Off |                    0 |
| N/A   22C    P0             96W /  700W |       0MiB /  81559MiB |      0%      Default |
|                                         |                        |             Disabled |
+-----------------------------------------+------------------------+----------------------+
|   1  NVIDIA H100 80GB HBM3          On  |   00000000:3A:00.0 Off |                    0 |
| N/A   24C    P0             98W /  700W |       0MiB /  81559MiB |      0%      Default |
|                                         |                        |             Disabled |
+-----------------------------------------+------------------------+----------------------+
|   2  NVIDIA H100 80GB HBM3          On  |   00000000:5D:00.0 Off |                    0 |
| N/A   21C    P0             97W /  700W |       0MiB /  81559MiB |      0%      Default |
|                                         |                        |             Disabled |
+-----------------------------------------+------------------------+----------------------+
|   3  NVIDIA H100 80GB HBM3          On  |   00000000:9A:00.0 Off |                    0 |
| N/A   55C    P0            638W /  700W |   77199MiB /  81559MiB |    100%      Default |
|                                         |                        |             Disabled |
+-----------------------------------------+------------------------+----------------------+
|   4  NVIDIA H100 80GB HBM3          On  |   00000000:AB:00.0 Off |                    0 |
| N/A   57C    P0            640W /  700W |   77199MiB /  81559MiB |    100%      Default |
|                                         |                        |             Disabled |
+-----------------------------------------+------------------------+----------------------+
|   5  NVIDIA H100 80GB HBM3          On  |   00000000:BA:00.0 Off |                    0 |
| N/A   58C    P0            634W /  700W |   77199MiB /  81559MiB |    100%      Default |
|                                         |                        |             Disabled |
+-----------------------------------------+------------------------+----------------------+
|   6  NVIDIA H100 80GB HBM3          On  |   00000000:DB:00.0 Off |                    0 |
| N/A   51C    P0            628W /  700W |   77199MiB /  81559MiB |    100%      Default |
|                                         |                        |             Disabled |
+-----------------------------------------+------------------------+----------------------+

+-----------------------------------------------------------------------------------------+
| Processes:                                                                              |
|  GPU   GI   CI              PID   Type   Process name                        GPU Memory |
|        ID   ID                                                               Usage      |
|=========================================================================================|
|  No running processes found                                                             |
+-----------------------------------------------------------------------------------------+

===== 2026-09-09T06:19:54Z pokprod-b93r44s2 (nvidia-gpu-operator/nvidia-dcgm-kppxs) =====
Wed Sep  9 06:19:56 2026       
+-----------------------------------------------------------------------------------------+
| NVIDIA-SMI 580.105.08             Driver Version: 580.105.08     CUDA Version: 13.0     |
+-----------------------------------------+------------------------+----------------------+
| GPU  Name                 Persistence-M | Bus-Id          Disp.A | Volatile Uncorr. ECC |
| Fan  Temp   Perf          Pwr:Usage/Cap |           Memory-Usage | GPU-Util  Compute M. |
|                                         |                        |               MIG M. |
|=========================================+========================+======================|
|   0  NVIDIA H100 80GB HBM3          On  |   00000000:18:00.0 Off |                    0 |
| N/A   22C    P0             96W /  700W |       0MiB /  81559MiB |      0%      Default |
|                                         |                        |             Disabled |
+-----------------------------------------+------------------------+----------------------+
|   1  NVIDIA H100 80GB HBM3          On  |   00000000:3A:00.0 Off |                    0 |
| N/A   24C    P0             98W /  700W |       0MiB /  81559MiB |      0%      Default |
|                                         |                        |             Disabled |
+-----------------------------------------+------------------------+----------------------+
|   2  NVIDIA H100 80GB HBM3          On  |   00000000:5D:00.0 Off |                    0 |
| N/A   21C    P0             97W /  700W |       0MiB /  81559MiB |      0%      Default |
|                                         |                        |             Disabled |
+-----------------------------------------+------------------------+----------------------+
|   3  NVIDIA H100 80GB HBM3          On  |   00000000:9A:00.0 Off |                    0 |
| N/A   58C    P0            701W /  700W |   77199MiB /  81559MiB |    100%      Default |
|                                         |                        |             Disabled |
+-----------------------------------------+------------------------+----------------------+
|   4  NVIDIA H100 80GB HBM3          On  |   00000000:AB:00.0 Off |                    0 |
| N/A   63C    P0            695W /  700W |   77199MiB /  81559MiB |    100%      Default |
|                                         |                        |             Disabled |
+-----------------------------------------+------------------------+----------------------+
|   5  NVIDIA H100 80GB HBM3          On  |   00000000:BA:00.0 Off |                    0 |
| N/A   61C    P0            701W /  700W |   77199MiB /  81559MiB |    100%      Default |
|                                         |                        |             Disabled |
+-----------------------------------------+------------------------+----------------------+
|   6  NVIDIA H100 80GB HBM3          On  |   00000000:DB:00.0 Off |                    0 |
| N/A   55C    P0            693W /  700W |   77199MiB /  81559MiB |    100%      Default |
|                                         |                        |             Disabled |
+-----------------------------------------+------------------------+----------------------+

+-----------------------------------------------------------------------------------------+
| Processes:                                                                              |
|  GPU   GI   CI              PID   Type   Process name                        GPU Memory |
|        ID   ID                                                               Usage      |
|=========================================================================================|
|  No running processes found                                                             |
+-----------------------------------------------------------------------------------------+

===== 2026-09-09T06:20:07Z pokprod-b93r44s2 (nvidia-gpu-operator/nvidia-dcgm-kppxs) =====
Wed Sep  9 06:20:09 2026       
+-----------------------------------------------------------------------------------------+
| NVIDIA-SMI 580.105.08             Driver Version: 580.105.08     CUDA Version: 13.0     |
+-----------------------------------------+------------------------+----------------------+
| GPU  Name                 Persistence-M | Bus-Id          Disp.A | Volatile Uncorr. ECC |
| Fan  Temp   Perf          Pwr:Usage/Cap |           Memory-Usage | GPU-Util  Compute M. |
|                                         |                        |               MIG M. |
|=========================================+========================+======================|
|   0  NVIDIA H100 80GB HBM3          On  |   00000000:18:00.0 Off |                    0 |
| N/A   22C    P0             96W /  700W |       0MiB /  81559MiB |      0%      Default |
|                                         |                        |             Disabled |
+-----------------------------------------+------------------------+----------------------+
|   1  NVIDIA H100 80GB HBM3          On  |   00000000:3A:00.0 Off |                    0 |
| N/A   24C    P0             98W /  700W |       0MiB /  81559MiB |      0%      Default |
|                                         |                        |             Disabled |
+-----------------------------------------+------------------------+----------------------+
|   2  NVIDIA H100 80GB HBM3          On  |   00000000:5D:00.0 Off |                    0 |
| N/A   21C    P0             97W /  700W |       0MiB /  81559MiB |      0%      Default |
|                                         |                        |             Disabled |
+-----------------------------------------+------------------------+----------------------+
|   3  NVIDIA H100 80GB HBM3          On  |   00000000:9A:00.0 Off |                    0 |
| N/A   57C    P0            678W /  700W |   77199MiB /  81559MiB |    100%      Default |
|                                         |                        |             Disabled |
+-----------------------------------------+------------------------+----------------------+
|   4  NVIDIA H100 80GB HBM3          On  |   00000000:AB:00.0 Off |                    0 |
| N/A   63C    P0            668W /  700W |   77199MiB /  81559MiB |    100%      Default |
|                                         |                        |             Disabled |
+-----------------------------------------+------------------------+----------------------+
|   5  NVIDIA H100 80GB HBM3          On  |   00000000:BA:00.0 Off |                    0 |
| N/A   60C    P0            663W /  700W |   77199MiB /  81559MiB |    100%      Default |
|                                         |                        |             Disabled |
+-----------------------------------------+------------------------+----------------------+
|   6  NVIDIA H100 80GB HBM3          On  |   00000000:DB:00.0 Off |                    0 |
| N/A   54C    P0            670W /  700W |   77199MiB /  81559MiB |    100%      Default |
|                                         |                        |             Disabled |
+-----------------------------------------+------------------------+----------------------+

+-----------------------------------------------------------------------------------------+
| Processes:                                                                              |
|  GPU   GI   CI              PID   Type   Process name                        GPU Memory |
|        ID   ID                                                               Usage      |
|=========================================================================================|
|  No running processes found                                                             |
+-----------------------------------------------------------------------------------------+

===== 2026-09-09T06:20:20Z pokprod-b93r44s2 (nvidia-gpu-operator/nvidia-dcgm-kppxs) =====
Wed Sep  9 06:20:22 2026       
+-----------------------------------------------------------------------------------------+
| NVIDIA-SMI 580.105.08             Driver Version: 580.105.08     CUDA Version: 13.0     |
+-----------------------------------------+------------------------+----------------------+
| GPU  Name                 Persistence-M | Bus-Id          Disp.A | Volatile Uncorr. ECC |
| Fan  Temp   Perf          Pwr:Usage/Cap |           Memory-Usage | GPU-Util  Compute M. |
|                                         |                        |               MIG M. |
|=========================================+========================+======================|
|   0  NVIDIA H100 80GB HBM3          On  |   00000000:18:00.0 Off |                    0 |
| N/A   21C    P0             96W /  700W |       0MiB /  81559MiB |      0%      Default |
|                                         |                        |             Disabled |
+-----------------------------------------+------------------------+----------------------+
|   1  NVIDIA H100 80GB HBM3          On  |   00000000:3A:00.0 Off |                    0 |
| N/A   24C    P0             98W /  700W |       0MiB /  81559MiB |      0%      Default |
|                                         |                        |             Disabled |
+-----------------------------------------+------------------------+----------------------+
|   2  NVIDIA H100 80GB HBM3          On  |   00000000:5D:00.0 Off |                    0 |
| N/A   21C    P0             97W /  700W |       0MiB /  81559MiB |      0%      Default |
|                                         |                        |             Disabled |
+-----------------------------------------+------------------------+----------------------+
|   3  NVIDIA H100 80GB HBM3          On  |   00000000:9A:00.0 Off |                    0 |
| N/A   56C    P0            640W /  700W |   77199MiB /  81559MiB |    100%      Default |
|                                         |                        |             Disabled |
+-----------------------------------------+------------------------+----------------------+
|   4  NVIDIA H100 80GB HBM3          On  |   00000000:AB:00.0 Off |                    0 |
| N/A   61C    P0            638W /  700W |   77199MiB /  81559MiB |    100%      Default |
|                                         |                        |             Disabled |
+-----------------------------------------+------------------------+----------------------+
|   5  NVIDIA H100 80GB HBM3          On  |   00000000:BA:00.0 Off |                    0 |
| N/A   55C    P0            625W /  700W |   77199MiB /  81559MiB |    100%      Default |
|                                         |                        |             Disabled |
+-----------------------------------------+------------------------+----------------------+
|   6  NVIDIA H100 80GB HBM3          On  |   00000000:DB:00.0 Off |                    0 |
| N/A   49C    P0            625W /  700W |   77199MiB /  81559MiB |    100%      Default |
|                                         |                        |             Disabled |
+-----------------------------------------+------------------------+----------------------+

+-----------------------------------------------------------------------------------------+
| Processes:                                                                              |
|  GPU   GI   CI              PID   Type   Process name                        GPU Memory |
|        ID   ID                                                               Usage      |
|=========================================================================================|
|  No running processes found                                                             |
+-----------------------------------------------------------------------------------------+

===== 2026-09-09T06:20:33Z pokprod-b93r44s2 (nvidia-gpu-operator/nvidia-dcgm-kppxs) =====
Wed Sep  9 06:20:36 2026       
+-----------------------------------------------------------------------------------------+
| NVIDIA-SMI 580.105.08             Driver Version: 580.105.08     CUDA Version: 13.0     |
+-----------------------------------------+------------------------+----------------------+
| GPU  Name                 Persistence-M | Bus-Id          Disp.A | Volatile Uncorr. ECC |
| Fan  Temp   Perf          Pwr:Usage/Cap |           Memory-Usage | GPU-Util  Compute M. |
|                                         |                        |               MIG M. |
|=========================================+========================+======================|
|   0  NVIDIA H100 80GB HBM3          On  |   00000000:18:00.0 Off |                    0 |
| N/A   22C    P0             96W /  700W |       0MiB /  81559MiB |      0%      Default |
|                                         |                        |             Disabled |
+-----------------------------------------+------------------------+----------------------+
|   1  NVIDIA H100 80GB HBM3          On  |   00000000:3A:00.0 Off |                    0 |
| N/A   24C    P0             98W /  700W |       0MiB /  81559MiB |      0%      Default |
|                                         |                        |             Disabled |
+-----------------------------------------+------------------------+----------------------+
|   2  NVIDIA H100 80GB HBM3          On  |   00000000:5D:00.0 Off |                    0 |
| N/A   21C    P0             97W /  700W |       0MiB /  81559MiB |      0%      Default |
|                                         |                        |             Disabled |
+-----------------------------------------+------------------------+----------------------+
|   3  NVIDIA H100 80GB HBM3          On  |   00000000:9A:00.0 Off |                    0 |
| N/A   55C    P0            604W /  700W |   77199MiB /  81559MiB |    100%      Default |
|                                         |                        |             Disabled |
+-----------------------------------------+------------------------+----------------------+
|   4  NVIDIA H100 80GB HBM3          On  |   00000000:AB:00.0 Off |                    0 |
| N/A   63C    P0            601W /  700W |   77199MiB /  81559MiB |    100%      Default |
|                                         |                        |             Disabled |
+-----------------------------------------+------------------------+----------------------+
|   5  NVIDIA H100 80GB HBM3          On  |   00000000:BA:00.0 Off |                    0 |
| N/A   61C    P0            618W /  700W |   77199MiB /  81559MiB |    100%      Default |
|                                         |                        |             Disabled |
+-----------------------------------------+------------------------+----------------------+
|   6  NVIDIA H100 80GB HBM3          On  |   00000000:DB:00.0 Off |                    0 |
| N/A   54C    P0            606W /  700W |   77199MiB /  81559MiB |    100%      Default |
|                                         |                        |             Disabled |
+-----------------------------------------+------------------------+----------------------+

+-----------------------------------------------------------------------------------------+
| Processes:                                                                              |
|  GPU   GI   CI              PID   Type   Process name                        GPU Memory |
|        ID   ID                                                               Usage      |
|=========================================================================================|
|  No running processes found                                                             |
+-----------------------------------------------------------------------------------------+

===== 2026-09-09T06:20:46Z pokprod-b93r44s2 (nvidia-gpu-operator/nvidia-dcgm-kppxs) =====
Wed Sep  9 06:20:48 2026       
+-----------------------------------------------------------------------------------------+
| NVIDIA-SMI 580.105.08             Driver Version: 580.105.08     CUDA Version: 13.0     |
+-----------------------------------------+------------------------+----------------------+
| GPU  Name                 Persistence-M | Bus-Id          Disp.A | Volatile Uncorr. ECC |
| Fan  Temp   Perf          Pwr:Usage/Cap |           Memory-Usage | GPU-Util  Compute M. |
|                                         |                        |               MIG M. |
|=========================================+========================+======================|
|   0  NVIDIA H100 80GB HBM3          On  |   00000000:18:00.0 Off |                    0 |
| N/A   22C    P0             96W /  700W |       0MiB /  81559MiB |      0%      Default |
|                                         |                        |             Disabled |
+-----------------------------------------+------------------------+----------------------+
|   1  NVIDIA H100 80GB HBM3          On  |   00000000:3A:00.0 Off |                    0 |
| N/A   24C    P0             98W /  700W |       0MiB /  81559MiB |      0%      Default |
|                                         |                        |             Disabled |
+-----------------------------------------+------------------------+----------------------+
|   2  NVIDIA H100 80GB HBM3          On  |   00000000:5D:00.0 Off |                    0 |
| N/A   21C    P0             97W /  700W |       0MiB /  81559MiB |      0%      Default |
|                                         |                        |             Disabled |
+-----------------------------------------+------------------------+----------------------+
|   3  NVIDIA H100 80GB HBM3          On  |   00000000:9A:00.0 Off |                    0 |
| N/A   52C    P0            638W /  700W |   77199MiB /  81559MiB |    100%      Default |
|                                         |                        |             Disabled |
+-----------------------------------------+------------------------+----------------------+
|   4  NVIDIA H100 80GB HBM3          On  |   00000000:AB:00.0 Off |                    0 |
| N/A   59C    P0            631W /  700W |   77199MiB /  81559MiB |    100%      Default |
|                                         |                        |             Disabled |
+-----------------------------------------+------------------------+----------------------+
|   5  NVIDIA H100 80GB HBM3          On  |   00000000:BA:00.0 Off |                    0 |
| N/A   54C    P0            632W /  700W |   77199MiB /  81559MiB |    100%      Default |
|                                         |                        |             Disabled |
+-----------------------------------------+------------------------+----------------------+
|   6  NVIDIA H100 80GB HBM3          On  |   00000000:DB:00.0 Off |                    0 |
| N/A   51C    P0            630W /  700W |   77199MiB /  81559MiB |    100%      Default |
|                                         |                        |             Disabled |
+-----------------------------------------+------------------------+----------------------+

+-----------------------------------------------------------------------------------------+
| Processes:                                                                              |
|  GPU   GI   CI              PID   Type   Process name                        GPU Memory |
|        ID   ID                                                               Usage      |
|=========================================================================================|
|  No running processes found                                                             |
+-----------------------------------------------------------------------------------------+

===== 2026-09-09T06:20:59Z pokprod-b93r44s2 (nvidia-gpu-operator/nvidia-dcgm-kppxs) =====
Wed Sep  9 06:21:01 2026       
+-----------------------------------------------------------------------------------------+
| NVIDIA-SMI 580.105.08             Driver Version: 580.105.08     CUDA Version: 13.0     |
+-----------------------------------------+------------------------+----------------------+
| GPU  Name                 Persistence-M | Bus-Id          Disp.A | Volatile Uncorr. ECC |
| Fan  Temp   Perf          Pwr:Usage/Cap |           Memory-Usage | GPU-Util  Compute M. |
|                                         |                        |               MIG M. |
|=========================================+========================+======================|
|   0  NVIDIA H100 80GB HBM3          On  |   00000000:18:00.0 Off |                    0 |
| N/A   22C    P0             96W /  700W |       0MiB /  81559MiB |      0%      Default |
|                                         |                        |             Disabled |
+-----------------------------------------+------------------------+----------------------+
|   1  NVIDIA H100 80GB HBM3          On  |   00000000:3A:00.0 Off |                    0 |
| N/A   24C    P0             98W /  700W |       0MiB /  81559MiB |      0%      Default |
|                                         |                        |             Disabled |
+-----------------------------------------+------------------------+----------------------+
|   2  NVIDIA H100 80GB HBM3          On  |   00000000:5D:00.0 Off |                    0 |
| N/A   21C    P0             97W /  700W |       0MiB /  81559MiB |      0%      Default |
|                                         |                        |             Disabled |
+-----------------------------------------+------------------------+----------------------+
|   3  NVIDIA H100 80GB HBM3          On  |   00000000:9A:00.0 Off |                    0 |
| N/A   51C    P0            577W /  700W |   77199MiB /  81559MiB |    100%      Default |
|                                         |                        |             Disabled |
+-----------------------------------------+------------------------+----------------------+
|   4  NVIDIA H100 80GB HBM3          On  |   00000000:AB:00.0 Off |                    0 |
| N/A   61C    P0            577W /  700W |   77199MiB /  81559MiB |    100%      Default |
|                                         |                        |             Disabled |
+-----------------------------------------+------------------------+----------------------+
|   5  NVIDIA H100 80GB HBM3          On  |   00000000:BA:00.0 Off |                    0 |
| N/A   54C    P0            577W /  700W |   77199MiB /  81559MiB |    100%      Default |
|                                         |                        |             Disabled |
+-----------------------------------------+------------------------+----------------------+
|   6  NVIDIA H100 80GB HBM3          On  |   00000000:DB:00.0 Off |                    0 |
| N/A   48C    P0            567W /  700W |   77199MiB /  81559MiB |    100%      Default |
|                                         |                        |             Disabled |
+-----------------------------------------+------------------------+----------------------+

+-----------------------------------------------------------------------------------------+
| Processes:                                                                              |
|  GPU   GI   CI              PID   Type   Process name                        GPU Memory |
|        ID   ID                                                               Usage      |
|=========================================================================================|
|  No running processes found                                                             |
+-----------------------------------------------------------------------------------------+

===== 2026-09-09T06:21:12Z pokprod-b93r44s2 (nvidia-gpu-operator/nvidia-dcgm-kppxs) =====
Wed Sep  9 06:21:14 2026       
+-----------------------------------------------------------------------------------------+
| NVIDIA-SMI 580.105.08             Driver Version: 580.105.08     CUDA Version: 13.0     |
+-----------------------------------------+------------------------+----------------------+
| GPU  Name                 Persistence-M | Bus-Id          Disp.A | Volatile Uncorr. ECC |
| Fan  Temp   Perf          Pwr:Usage/Cap |           Memory-Usage | GPU-Util  Compute M. |
|                                         |                        |               MIG M. |
|=========================================+========================+======================|
|   0  NVIDIA H100 80GB HBM3          On  |   00000000:18:00.0 Off |                    0 |
| N/A   22C    P0             96W /  700W |       0MiB /  81559MiB |      0%      Default |
|                                         |                        |             Disabled |
+-----------------------------------------+------------------------+----------------------+
|   1  NVIDIA H100 80GB HBM3          On  |   00000000:3A:00.0 Off |                    0 |
| N/A   24C    P0             98W /  700W |       0MiB /  81559MiB |      0%      Default |
|                                         |                        |             Disabled |
+-----------------------------------------+------------------------+----------------------+
|   2  NVIDIA H100 80GB HBM3          On  |   00000000:5D:00.0 Off |                    0 |
| N/A   21C    P0             97W /  700W |       0MiB /  81559MiB |      0%      Default |
|                                         |                        |             Disabled |
+-----------------------------------------+------------------------+----------------------+
|   3  NVIDIA H100 80GB HBM3          On  |   00000000:9A:00.0 Off |                    0 |
| N/A   58C    P0            690W /  700W |   77199MiB /  81559MiB |    100%      Default |
|                                         |                        |             Disabled |
+-----------------------------------------+------------------------+----------------------+
|   4  NVIDIA H100 80GB HBM3          On  |   00000000:AB:00.0 Off |                    0 |
| N/A   64C    P0            693W /  700W |   77199MiB /  81559MiB |    100%      Default |
|                                         |                        |             Disabled |
+-----------------------------------------+------------------------+----------------------+
|   5  NVIDIA H100 80GB HBM3          On  |   00000000:BA:00.0 Off |                    0 |
| N/A   61C    P0            697W /  700W |   77199MiB /  81559MiB |    100%      Default |
|                                         |                        |             Disabled |
+-----------------------------------------+------------------------+----------------------+
|   6  NVIDIA H100 80GB HBM3          On  |   00000000:DB:00.0 Off |                    0 |
| N/A   55C    P0            690W /  700W |   77199MiB /  81559MiB |    100%      Default |
|                                         |                        |             Disabled |
+-----------------------------------------+------------------------+----------------------+

+-----------------------------------------------------------------------------------------+
| Processes:                                                                              |
|  GPU   GI   CI              PID   Type   Process name                        GPU Memory |
|        ID   ID                                                               Usage      |
|=========================================================================================|
|  No running processes found                                                             |
+-----------------------------------------------------------------------------------------+

===== 2026-09-09T06:21:25Z pokprod-b93r44s2 (nvidia-gpu-operator/nvidia-dcgm-kppxs) =====
Wed Sep  9 06:21:27 2026       
+-----------------------------------------------------------------------------------------+
| NVIDIA-SMI 580.105.08             Driver Version: 580.105.08     CUDA Version: 13.0     |
+-----------------------------------------+------------------------+----------------------+
| GPU  Name                 Persistence-M | Bus-Id          Disp.A | Volatile Uncorr. ECC |
| Fan  Temp   Perf          Pwr:Usage/Cap |           Memory-Usage | GPU-Util  Compute M. |
|                                         |                        |               MIG M. |
|=========================================+========================+======================|
|   0  NVIDIA H100 80GB HBM3          On  |   00000000:18:00.0 Off |                    0 |
| N/A   22C    P0             96W /  700W |       0MiB /  81559MiB |      0%      Default |
|                                         |                        |             Disabled |
+-----------------------------------------+------------------------+----------------------+
|   1  NVIDIA H100 80GB HBM3          On  |   00000000:3A:00.0 Off |                    0 |
| N/A   24C    P0             98W /  700W |       0MiB /  81559MiB |      0%      Default |
|                                         |                        |             Disabled |
+-----------------------------------------+------------------------+----------------------+
|   2  NVIDIA H100 80GB HBM3          On  |   00000000:5D:00.0 Off |                    0 |
| N/A   21C    P0             97W /  700W |       0MiB /  81559MiB |      0%      Default |
|                                         |                        |             Disabled |
+-----------------------------------------+------------------------+----------------------+
|   3  NVIDIA H100 80GB HBM3          On  |   00000000:9A:00.0 Off |                    0 |
| N/A   57C    P0            691W /  700W |   77199MiB /  81559MiB |    100%      Default |
|                                         |                        |             Disabled |
+-----------------------------------------+------------------------+----------------------+
|   4  NVIDIA H100 80GB HBM3          On  |   00000000:AB:00.0 Off |                    0 |
| N/A   64C    P0            682W /  700W |   77199MiB /  81559MiB |    100%      Default |
|                                         |                        |             Disabled |
+-----------------------------------------+------------------------+----------------------+
|   5  NVIDIA H100 80GB HBM3          On  |   00000000:BA:00.0 Off |                    0 |
| N/A   60C    P0            696W /  700W |   77199MiB /  81559MiB |    100%      Default |
|                                         |                        |             Disabled |
+-----------------------------------------+------------------------+----------------------+
|   6  NVIDIA H100 80GB HBM3          On  |   00000000:DB:00.0 Off |                    0 |
| N/A   51C    P0            683W /  700W |   77199MiB /  81559MiB |    100%      Default |
|                                         |                        |             Disabled |
+-----------------------------------------+------------------------+----------------------+

+-----------------------------------------------------------------------------------------+
| Processes:                                                                              |
|  GPU   GI   CI              PID   Type   Process name                        GPU Memory |
|        ID   ID                                                               Usage      |
|=========================================================================================|
|  No running processes found                                                             |
+-----------------------------------------------------------------------------------------+

===== 2026-09-09T06:21:38Z pokprod-b93r44s2 (nvidia-gpu-operator/nvidia-dcgm-kppxs) =====
Wed Sep  9 06:21:41 2026       
+-----------------------------------------------------------------------------------------+
| NVIDIA-SMI 580.105.08             Driver Version: 580.105.08     CUDA Version: 13.0     |
+-----------------------------------------+------------------------+----------------------+
| GPU  Name                 Persistence-M | Bus-Id          Disp.A | Volatile Uncorr. ECC |
| Fan  Temp   Perf          Pwr:Usage/Cap |           Memory-Usage | GPU-Util  Compute M. |
|                                         |                        |               MIG M. |
|=========================================+========================+======================|
|   0  NVIDIA H100 80GB HBM3          On  |   00000000:18:00.0 Off |                    0 |
| N/A   22C    P0             96W /  700W |       0MiB /  81559MiB |      0%      Default |
|                                         |                        |             Disabled |
+-----------------------------------------+------------------------+----------------------+
|   1  NVIDIA H100 80GB HBM3          On  |   00000000:3A:00.0 Off |                    0 |
| N/A   24C    P0             98W /  700W |       0MiB /  81559MiB |      0%      Default |
|                                         |                        |             Disabled |
+-----------------------------------------+------------------------+----------------------+
|   2  NVIDIA H100 80GB HBM3          On  |   00000000:5D:00.0 Off |                    0 |
| N/A   21C    P0             97W /  700W |       0MiB /  81559MiB |      0%      Default |
|                                         |                        |             Disabled |
+-----------------------------------------+------------------------+----------------------+
|   3  NVIDIA H100 80GB HBM3          On  |   00000000:9A:00.0 Off |                    0 |
| N/A   58C    P0            672W /  700W |   77199MiB /  81559MiB |    100%      Default |
|                                         |                        |             Disabled |
+-----------------------------------------+------------------------+----------------------+
|   4  NVIDIA H100 80GB HBM3          On  |   00000000:AB:00.0 Off |                    0 |
| N/A   66C    P0            673W /  700W |   77199MiB /  81559MiB |    100%      Default |
|                                         |                        |             Disabled |
+-----------------------------------------+------------------------+----------------------+
|   5  NVIDIA H100 80GB HBM3          On  |   00000000:BA:00.0 Off |                    0 |
| N/A   61C    P0            681W /  700W |   77199MiB /  81559MiB |    100%      Default |
|                                         |                        |             Disabled |
+-----------------------------------------+------------------------+----------------------+
|   6  NVIDIA H100 80GB HBM3          On  |   00000000:DB:00.0 Off |                    0 |
| N/A   55C    P0            678W /  700W |   77199MiB /  81559MiB |    100%      Default |
|                                         |                        |             Disabled |
+-----------------------------------------+------------------------+----------------------+

+-----------------------------------------------------------------------------------------+
| Processes:                                                                              |
|  GPU   GI   CI              PID   Type   Process name                        GPU Memory |
|        ID   ID                                                               Usage      |
|=========================================================================================|
|  No running processes found                                                             |
+-----------------------------------------------------------------------------------------+

===== 2026-09-09T06:21:52Z pokprod-b93r44s2 (nvidia-gpu-operator/nvidia-dcgm-kppxs) =====
Wed Sep  9 06:21:54 2026       
+-----------------------------------------------------------------------------------------+
| NVIDIA-SMI 580.105.08             Driver Version: 580.105.08     CUDA Version: 13.0     |
+-----------------------------------------+------------------------+----------------------+
| GPU  Name                 Persistence-M | Bus-Id          Disp.A | Volatile Uncorr. ECC |
| Fan  Temp   Perf          Pwr:Usage/Cap |           Memory-Usage | GPU-Util  Compute M. |
|                                         |                        |               MIG M. |
|=========================================+========================+======================|
|   0  NVIDIA H100 80GB HBM3          On  |   00000000:18:00.0 Off |                    0 |
| N/A   22C    P0             96W /  700W |       0MiB /  81559MiB |      0%      Default |
|                                         |                        |             Disabled |
+-----------------------------------------+------------------------+----------------------+
|   1  NVIDIA H100 80GB HBM3          On  |   00000000:3A:00.0 Off |                    0 |
| N/A   24C    P0             98W /  700W |       0MiB /  81559MiB |      0%      Default |
|                                         |                        |             Disabled |
+-----------------------------------------+------------------------+----------------------+
|   2  NVIDIA H100 80GB HBM3          On  |   00000000:5D:00.0 Off |                    0 |
| N/A   21C    P0             97W /  700W |       0MiB /  81559MiB |      0%      Default |
|                                         |                        |             Disabled |
+-----------------------------------------+------------------------+----------------------+
|   3  NVIDIA H100 80GB HBM3          On  |   00000000:9A:00.0 Off |                    0 |
| N/A   53C    P0            673W /  700W |   77199MiB /  81559MiB |    100%      Default |
|                                         |                        |             Disabled |
+-----------------------------------------+------------------------+----------------------+
|   4  NVIDIA H100 80GB HBM3          On  |   00000000:AB:00.0 Off |                    0 |
| N/A   59C    P0            685W /  700W |   77199MiB /  81559MiB |    100%      Default |
|                                         |                        |             Disabled |
+-----------------------------------------+------------------------+----------------------+
|   5  NVIDIA H100 80GB HBM3          On  |   00000000:BA:00.0 Off |                    0 |
| N/A   55C    P0            670W /  700W |   77199MiB /  81559MiB |    100%      Default |
|                                         |                        |             Disabled |
+-----------------------------------------+------------------------+----------------------+
|   6  NVIDIA H100 80GB HBM3          On  |   00000000:DB:00.0 Off |                    0 |
| N/A   49C    P0            675W /  700W |   77199MiB /  81559MiB |    100%      Default |
|                                         |                        |             Disabled |
+-----------------------------------------+------------------------+----------------------+

+-----------------------------------------------------------------------------------------+
| Processes:                                                                              |
|  GPU   GI   CI              PID   Type   Process name                        GPU Memory |
|        ID   ID                                                               Usage      |
|=========================================================================================|
|  No running processes found                                                             |
+-----------------------------------------------------------------------------------------+

===== 2026-09-09T06:22:05Z pokprod-b93r44s2 (nvidia-gpu-operator/nvidia-dcgm-kppxs) =====
Wed Sep  9 06:22:07 2026       
+-----------------------------------------------------------------------------------------+
| NVIDIA-SMI 580.105.08             Driver Version: 580.105.08     CUDA Version: 13.0     |
+-----------------------------------------+------------------------+----------------------+
| GPU  Name                 Persistence-M | Bus-Id          Disp.A | Volatile Uncorr. ECC |
| Fan  Temp   Perf          Pwr:Usage/Cap |           Memory-Usage | GPU-Util  Compute M. |
|                                         |                        |               MIG M. |
|=========================================+========================+======================|
|   0  NVIDIA H100 80GB HBM3          On  |   00000000:18:00.0 Off |                    0 |
| N/A   22C    P0             96W /  700W |       0MiB /  81559MiB |      0%      Default |
|                                         |                        |             Disabled |
+-----------------------------------------+------------------------+----------------------+
|   1  NVIDIA H100 80GB HBM3          On  |   00000000:3A:00.0 Off |                    0 |
| N/A   24C    P0             98W /  700W |       0MiB /  81559MiB |      0%      Default |
|                                         |                        |             Disabled |
+-----------------------------------------+------------------------+----------------------+
|   2  NVIDIA H100 80GB HBM3          On  |   00000000:5D:00.0 Off |                    0 |
| N/A   21C    P0             97W /  700W |       0MiB /  81559MiB |      0%      Default |
|                                         |                        |             Disabled |
+-----------------------------------------+------------------------+----------------------+
|   3  NVIDIA H100 80GB HBM3          On  |   00000000:9A:00.0 Off |                    0 |
| N/A   56C    P0            607W /  700W |   77199MiB /  81559MiB |    100%      Default |
|                                         |                        |             Disabled |
+-----------------------------------------+------------------------+----------------------+
|   4  NVIDIA H100 80GB HBM3          On  |   00000000:AB:00.0 Off |                    0 |
| N/A   63C    P0            600W /  700W |   77199MiB /  81559MiB |    100%      Default |
|                                         |                        |             Disabled |
+-----------------------------------------+------------------------+----------------------+
|   5  NVIDIA H100 80GB HBM3          On  |   00000000:BA:00.0 Off |                    0 |
| N/A   60C    P0            615W /  700W |   77199MiB /  81559MiB |    100%      Default |
|                                         |                        |             Disabled |
+-----------------------------------------+------------------------+----------------------+
|   6  NVIDIA H100 80GB HBM3          On  |   00000000:DB:00.0 Off |                    0 |
| N/A   51C    P0            612W /  700W |   77199MiB /  81559MiB |    100%      Default |
|                                         |                        |             Disabled |
+-----------------------------------------+------------------------+----------------------+

+-----------------------------------------------------------------------------------------+
| Processes:                                                                              |
|  GPU   GI   CI              PID   Type   Process name                        GPU Memory |
|        ID   ID                                                               Usage      |
|=========================================================================================|
|  No running processes found                                                             |
+-----------------------------------------------------------------------------------------+

===== 2026-09-09T06:22:18Z pokprod-b93r44s2 (nvidia-gpu-operator/nvidia-dcgm-kppxs) =====
Wed Sep  9 06:22:20 2026       
+-----------------------------------------------------------------------------------------+
| NVIDIA-SMI 580.105.08             Driver Version: 580.105.08     CUDA Version: 13.0     |
+-----------------------------------------+------------------------+----------------------+
| GPU  Name                 Persistence-M | Bus-Id          Disp.A | Volatile Uncorr. ECC |
| Fan  Temp   Perf          Pwr:Usage/Cap |           Memory-Usage | GPU-Util  Compute M. |
|                                         |                        |               MIG M. |
|=========================================+========================+======================|
|   0  NVIDIA H100 80GB HBM3          On  |   00000000:18:00.0 Off |                    0 |
| N/A   21C    P0             96W /  700W |       0MiB /  81559MiB |      0%      Default |
|                                         |                        |             Disabled |
+-----------------------------------------+------------------------+----------------------+
|   1  NVIDIA H100 80GB HBM3          On  |   00000000:3A:00.0 Off |                    0 |
| N/A   24C    P0             98W /  700W |       0MiB /  81559MiB |      0%      Default |
|                                         |                        |             Disabled |
+-----------------------------------------+------------------------+----------------------+
|   2  NVIDIA H100 80GB HBM3          On  |   00000000:5D:00.0 Off |                    0 |
| N/A   21C    P0             97W /  700W |       0MiB /  81559MiB |      0%      Default |
|                                         |                        |             Disabled |
+-----------------------------------------+------------------------+----------------------+
|   3  NVIDIA H100 80GB HBM3          On  |   00000000:9A:00.0 Off |                    0 |
| N/A   53C    P0            637W /  700W |   77199MiB /  81559MiB |    100%      Default |
|                                         |                        |             Disabled |
+-----------------------------------------+------------------------+----------------------+
|   4  NVIDIA H100 80GB HBM3          On  |   00000000:AB:00.0 Off |                    0 |
| N/A   59C    P0            637W /  700W |   77199MiB /  81559MiB |    100%      Default |
|                                         |                        |             Disabled |
+-----------------------------------------+------------------------+----------------------+
|   5  NVIDIA H100 80GB HBM3          On  |   00000000:BA:00.0 Off |                    0 |
| N/A   55C    P0            641W /  700W |   77199MiB /  81559MiB |    100%      Default |
|                                         |                        |             Disabled |
+-----------------------------------------+------------------------+----------------------+
|   6  NVIDIA H100 80GB HBM3          On  |   00000000:DB:00.0 Off |                    0 |
| N/A   48C    P0            633W /  700W |   77199MiB /  81559MiB |    100%      Default |
|                                         |                        |             Disabled |
+-----------------------------------------+------------------------+----------------------+

+-----------------------------------------------------------------------------------------+
| Processes:                                                                              |
|  GPU   GI   CI              PID   Type   Process name                        GPU Memory |
|        ID   ID                                                               Usage      |
|=========================================================================================|
|  No running processes found                                                             |
+-----------------------------------------------------------------------------------------+

===== 2026-09-09T06:22:31Z pokprod-b93r44s2 (nvidia-gpu-operator/nvidia-dcgm-kppxs) =====
Wed Sep  9 06:22:33 2026       
+-----------------------------------------------------------------------------------------+
| NVIDIA-SMI 580.105.08             Driver Version: 580.105.08     CUDA Version: 13.0     |
+-----------------------------------------+------------------------+----------------------+
| GPU  Name                 Persistence-M | Bus-Id          Disp.A | Volatile Uncorr. ECC |
| Fan  Temp   Perf          Pwr:Usage/Cap |           Memory-Usage | GPU-Util  Compute M. |
|                                         |                        |               MIG M. |
|=========================================+========================+======================|
|   0  NVIDIA H100 80GB HBM3          On  |   00000000:18:00.0 Off |                    0 |
| N/A   22C    P0             96W /  700W |       0MiB /  81559MiB |      0%      Default |
|                                         |                        |             Disabled |
+-----------------------------------------+------------------------+----------------------+
|   1  NVIDIA H100 80GB HBM3          On  |   00000000:3A:00.0 Off |                    0 |
| N/A   24C    P0             98W /  700W |       0MiB /  81559MiB |      0%      Default |
|                                         |                        |             Disabled |
+-----------------------------------------+------------------------+----------------------+
|   2  NVIDIA H100 80GB HBM3          On  |   00000000:5D:00.0 Off |                    0 |
| N/A   21C    P0             97W /  700W |       0MiB /  81559MiB |      0%      Default |
|                                         |                        |             Disabled |
+-----------------------------------------+------------------------+----------------------+
|   3  NVIDIA H100 80GB HBM3          On  |   00000000:9A:00.0 Off |                    0 |
| N/A   49C    P0            567W /  700W |   77199MiB /  81559MiB |    100%      Default |
|                                         |                        |             Disabled |
+-----------------------------------------+------------------------+----------------------+
|   4  NVIDIA H100 80GB HBM3          On  |   00000000:AB:00.0 Off |                    0 |
| N/A   56C    P0            547W /  700W |   77199MiB /  81559MiB |    100%      Default |
|                                         |                        |             Disabled |
+-----------------------------------------+------------------------+----------------------+
|   5  NVIDIA H100 80GB HBM3          On  |   00000000:BA:00.0 Off |                    0 |
| N/A   52C    P0            559W /  700W |   77199MiB /  81559MiB |    100%      Default |
|                                         |                        |             Disabled |
+-----------------------------------------+------------------------+----------------------+
|   6  NVIDIA H100 80GB HBM3          On  |   00000000:DB:00.0 Off |                    0 |
| N/A   46C    P0            559W /  700W |   77199MiB /  81559MiB |    100%      Default |
|                                         |                        |             Disabled |
+-----------------------------------------+------------------------+----------------------+

+-----------------------------------------------------------------------------------------+
| Processes:                                                                              |
|  GPU   GI   CI              PID   Type   Process name                        GPU Memory |
|        ID   ID                                                               Usage      |
|=========================================================================================|
|  No running processes found                                                             |
+-----------------------------------------------------------------------------------------+

===== 2026-09-09T06:22:44Z pokprod-b93r44s2 (nvidia-gpu-operator/nvidia-dcgm-kppxs) =====
Wed Sep  9 06:22:46 2026       
+-----------------------------------------------------------------------------------------+
| NVIDIA-SMI 580.105.08             Driver Version: 580.105.08     CUDA Version: 13.0     |
+-----------------------------------------+------------------------+----------------------+
| GPU  Name                 Persistence-M | Bus-Id          Disp.A | Volatile Uncorr. ECC |
| Fan  Temp   Perf          Pwr:Usage/Cap |           Memory-Usage | GPU-Util  Compute M. |
|                                         |                        |               MIG M. |
|=========================================+========================+======================|
|   0  NVIDIA H100 80GB HBM3          On  |   00000000:18:00.0 Off |                    0 |
| N/A   21C    P0             96W /  700W |       0MiB /  81559MiB |      0%      Default |
|                                         |                        |             Disabled |
+-----------------------------------------+------------------------+----------------------+
|   1  NVIDIA H100 80GB HBM3          On  |   00000000:3A:00.0 Off |                    0 |
| N/A   24C    P0             98W /  700W |       0MiB /  81559MiB |      0%      Default |
|                                         |                        |             Disabled |
+-----------------------------------------+------------------------+----------------------+
|   2  NVIDIA H100 80GB HBM3          On  |   00000000:5D:00.0 Off |                    0 |
| N/A   21C    P0             97W /  700W |       0MiB /  81559MiB |      0%      Default |
|                                         |                        |             Disabled |
+-----------------------------------------+------------------------+----------------------+
|   3  NVIDIA H100 80GB HBM3          On  |   00000000:9A:00.0 Off |                    0 |
| N/A   57C    P0            691W /  700W |   77199MiB /  81559MiB |    100%      Default |
|                                         |                        |             Disabled |
+-----------------------------------------+------------------------+----------------------+
|   4  NVIDIA H100 80GB HBM3          On  |   00000000:AB:00.0 Off |                    0 |
| N/A   64C    P0            678W /  700W |   77199MiB /  81559MiB |    100%      Default |
|                                         |                        |             Disabled |
+-----------------------------------------+------------------------+----------------------+
|   5  NVIDIA H100 80GB HBM3          On  |   00000000:BA:00.0 Off |                    0 |
| N/A   61C    P0            702W /  700W |   77199MiB /  81559MiB |    100%      Default |
|                                         |                        |             Disabled |
+-----------------------------------------+------------------------+----------------------+
|   6  NVIDIA H100 80GB HBM3          On  |   00000000:DB:00.0 Off |                    0 |
| N/A   55C    P0            692W /  700W |   77199MiB /  81559MiB |    100%      Default |
|                                         |                        |             Disabled |
+-----------------------------------------+------------------------+----------------------+

+-----------------------------------------------------------------------------------------+
| Processes:                                                                              |
|  GPU   GI   CI              PID   Type   Process name                        GPU Memory |
|        ID   ID                                                               Usage      |
|=========================================================================================|
|  No running processes found                                                             |
+-----------------------------------------------------------------------------------------+

===== 2026-09-09T06:22:56Z pokprod-b93r44s2 (nvidia-gpu-operator/nvidia-dcgm-kppxs) =====
Wed Sep  9 06:22:59 2026       
+-----------------------------------------------------------------------------------------+
| NVIDIA-SMI 580.105.08             Driver Version: 580.105.08     CUDA Version: 13.0     |
+-----------------------------------------+------------------------+----------------------+
| GPU  Name                 Persistence-M | Bus-Id          Disp.A | Volatile Uncorr. ECC |
| Fan  Temp   Perf          Pwr:Usage/Cap |           Memory-Usage | GPU-Util  Compute M. |
|                                         |                        |               MIG M. |
|=========================================+========================+======================|
|   0  NVIDIA H100 80GB HBM3          On  |   00000000:18:00.0 Off |                    0 |
| N/A   21C    P0             96W /  700W |       0MiB /  81559MiB |      0%      Default |
|                                         |                        |             Disabled |
+-----------------------------------------+------------------------+----------------------+
|   1  NVIDIA H100 80GB HBM3          On  |   00000000:3A:00.0 Off |                    0 |
| N/A   24C    P0             98W /  700W |       0MiB /  81559MiB |      0%      Default |
|                                         |                        |             Disabled |
+-----------------------------------------+------------------------+----------------------+
|   2  NVIDIA H100 80GB HBM3          On  |   00000000:5D:00.0 Off |                    0 |
| N/A   21C    P0             97W /  700W |       0MiB /  81559MiB |      0%      Default |
|                                         |                        |             Disabled |
+-----------------------------------------+------------------------+----------------------+
|   3  NVIDIA H100 80GB HBM3          On  |   00000000:9A:00.0 Off |                    0 |
| N/A   58C    P0            696W /  700W |   77199MiB /  81559MiB |    100%      Default |
|                                         |                        |             Disabled |
+-----------------------------------------+------------------------+----------------------+
|   4  NVIDIA H100 80GB HBM3          On  |   00000000:AB:00.0 Off |                    0 |
| N/A   64C    P0            695W /  700W |   77199MiB /  81559MiB |    100%      Default |
|                                         |                        |             Disabled |
+-----------------------------------------+------------------------+----------------------+
|   5  NVIDIA H100 80GB HBM3          On  |   00000000:BA:00.0 Off |                    0 |
| N/A   60C    P0            694W /  700W |   77199MiB /  81559MiB |    100%      Default |
|                                         |                        |             Disabled |
+-----------------------------------------+------------------------+----------------------+
|   6  NVIDIA H100 80GB HBM3          On  |   00000000:DB:00.0 Off |                    0 |
| N/A   55C    P0            701W /  700W |   77199MiB /  81559MiB |    100%      Default |
|                                         |                        |             Disabled |
+-----------------------------------------+------------------------+----------------------+

+-----------------------------------------------------------------------------------------+
| Processes:                                                                              |
|  GPU   GI   CI              PID   Type   Process name                        GPU Memory |
|        ID   ID                                                               Usage      |
|=========================================================================================|
|  No running processes found                                                             |
+-----------------------------------------------------------------------------------------+

===== 2026-09-09T06:23:10Z pokprod-b93r44s2 (nvidia-gpu-operator/nvidia-dcgm-kppxs) =====
Wed Sep  9 06:23:12 2026       
+-----------------------------------------------------------------------------------------+
| NVIDIA-SMI 580.105.08             Driver Version: 580.105.08     CUDA Version: 13.0     |
+-----------------------------------------+------------------------+----------------------+
| GPU  Name                 Persistence-M | Bus-Id          Disp.A | Volatile Uncorr. ECC |
| Fan  Temp   Perf          Pwr:Usage/Cap |           Memory-Usage | GPU-Util  Compute M. |
|                                         |                        |               MIG M. |
|=========================================+========================+======================|
|   0  NVIDIA H100 80GB HBM3          On  |   00000000:18:00.0 Off |                    0 |
| N/A   21C    P0             96W /  700W |       0MiB /  81559MiB |      0%      Default |
|                                         |                        |             Disabled |
+-----------------------------------------+------------------------+----------------------+
|   1  NVIDIA H100 80GB HBM3          On  |   00000000:3A:00.0 Off |                    0 |
| N/A   24C    P0             98W /  700W |       0MiB /  81559MiB |      0%      Default |
|                                         |                        |             Disabled |
+-----------------------------------------+------------------------+----------------------+
|   2  NVIDIA H100 80GB HBM3          On  |   00000000:5D:00.0 Off |                    0 |
| N/A   21C    P0             97W /  700W |       0MiB /  81559MiB |      0%      Default |
|                                         |                        |             Disabled |
+-----------------------------------------+------------------------+----------------------+
|   3  NVIDIA H100 80GB HBM3          On  |   00000000:9A:00.0 Off |                    0 |
| N/A   57C    P0            695W /  700W |   77199MiB /  81559MiB |    100%      Default |
|                                         |                        |             Disabled |
+-----------------------------------------+------------------------+----------------------+
|   4  NVIDIA H100 80GB HBM3          On  |   00000000:AB:00.0 Off |                    0 |
| N/A   64C    P0            697W /  700W |   77199MiB /  81559MiB |    100%      Default |
|                                         |                        |             Disabled |
+-----------------------------------------+------------------------+----------------------+
|   5  NVIDIA H100 80GB HBM3          On  |   00000000:BA:00.0 Off |                    0 |
| N/A   61C    P0            690W /  700W |   77199MiB /  81559MiB |    100%      Default |
|                                         |                        |             Disabled |
+-----------------------------------------+------------------------+----------------------+
|   6  NVIDIA H100 80GB HBM3          On  |   00000000:DB:00.0 Off |                    0 |
| N/A   55C    P0            693W /  700W |   77199MiB /  81559MiB |    100%      Default |
|                                         |                        |             Disabled |
+-----------------------------------------+------------------------+----------------------+

+-----------------------------------------------------------------------------------------+
| Processes:                                                                              |
|  GPU   GI   CI              PID   Type   Process name                        GPU Memory |
|        ID   ID                                                               Usage      |
|=========================================================================================|
|  No running processes found                                                             |
+-----------------------------------------------------------------------------------------+

===== 2026-09-09T06:23:23Z pokprod-b93r44s2 (nvidia-gpu-operator/nvidia-dcgm-kppxs) =====
Wed Sep  9 06:23:25 2026       
+-----------------------------------------------------------------------------------------+
| NVIDIA-SMI 580.105.08             Driver Version: 580.105.08     CUDA Version: 13.0     |
+-----------------------------------------+------------------------+----------------------+
| GPU  Name                 Persistence-M | Bus-Id          Disp.A | Volatile Uncorr. ECC |
| Fan  Temp   Perf          Pwr:Usage/Cap |           Memory-Usage | GPU-Util  Compute M. |
|                                         |                        |               MIG M. |
|=========================================+========================+======================|
|   0  NVIDIA H100 80GB HBM3          On  |   00000000:18:00.0 Off |                    0 |
| N/A   21C    P0             96W /  700W |       0MiB /  81559MiB |      0%      Default |
|                                         |                        |             Disabled |
+-----------------------------------------+------------------------+----------------------+
|   1  NVIDIA H100 80GB HBM3          On  |   00000000:3A:00.0 Off |                    0 |
| N/A   24C    P0             98W /  700W |       0MiB /  81559MiB |      0%      Default |
|                                         |                        |             Disabled |
+-----------------------------------------+------------------------+----------------------+
|   2  NVIDIA H100 80GB HBM3          On  |   00000000:5D:00.0 Off |                    0 |
| N/A   21C    P0             97W /  700W |       0MiB /  81559MiB |      0%      Default |
|                                         |                        |             Disabled |
+-----------------------------------------+------------------------+----------------------+
|   3  NVIDIA H100 80GB HBM3          On  |   00000000:9A:00.0 Off |                    0 |
| N/A   47C    P0            540W /  700W |   77199MiB /  81559MiB |    100%      Default |
|                                         |                        |             Disabled |
+-----------------------------------------+------------------------+----------------------+
|   4  NVIDIA H100 80GB HBM3          On  |   00000000:AB:00.0 Off |                    0 |
| N/A   54C    P0            536W /  700W |   77199MiB /  81559MiB |    100%      Default |
|                                         |                        |             Disabled |
+-----------------------------------------+------------------------+----------------------+
|   5  NVIDIA H100 80GB HBM3          On  |   00000000:BA:00.0 Off |                    0 |
| N/A   51C    P0            532W /  700W |   77199MiB /  81559MiB |    100%      Default |
|                                         |                        |             Disabled |
+-----------------------------------------+------------------------+----------------------+
|   6  NVIDIA H100 80GB HBM3          On  |   00000000:DB:00.0 Off |                    0 |
| N/A   44C    P0            530W /  700W |   77199MiB /  81559MiB |    100%      Default |
|                                         |                        |             Disabled |
+-----------------------------------------+------------------------+----------------------+

+-----------------------------------------------------------------------------------------+
| Processes:                                                                              |
|  GPU   GI   CI              PID   Type   Process name                        GPU Memory |
|        ID   ID                                                               Usage      |
|=========================================================================================|
|  No running processes found                                                             |
+-----------------------------------------------------------------------------------------+

===== 2026-09-09T06:23:36Z pokprod-b93r44s2 (nvidia-gpu-operator/nvidia-dcgm-kppxs) =====
Wed Sep  9 06:23:38 2026       
+-----------------------------------------------------------------------------------------+
| NVIDIA-SMI 580.105.08             Driver Version: 580.105.08     CUDA Version: 13.0     |
+-----------------------------------------+------------------------+----------------------+
| GPU  Name                 Persistence-M | Bus-Id          Disp.A | Volatile Uncorr. ECC |
| Fan  Temp   Perf          Pwr:Usage/Cap |           Memory-Usage | GPU-Util  Compute M. |
|                                         |                        |               MIG M. |
|=========================================+========================+======================|
|   0  NVIDIA H100 80GB HBM3          On  |   00000000:18:00.0 Off |                    0 |
| N/A   21C    P0             96W /  700W |       0MiB /  81559MiB |      0%      Default |
|                                         |                        |             Disabled |
+-----------------------------------------+------------------------+----------------------+
|   1  NVIDIA H100 80GB HBM3          On  |   00000000:3A:00.0 Off |                    0 |
| N/A   24C    P0             98W /  700W |       0MiB /  81559MiB |      0%      Default |
|                                         |                        |             Disabled |
+-----------------------------------------+------------------------+----------------------+
|   2  NVIDIA H100 80GB HBM3          On  |   00000000:5D:00.0 Off |                    0 |
| N/A   21C    P0             97W /  700W |       0MiB /  81559MiB |      0%      Default |
|                                         |                        |             Disabled |
+-----------------------------------------+------------------------+----------------------+
|   3  NVIDIA H100 80GB HBM3          On  |   00000000:9A:00.0 Off |                    0 |
| N/A   30C    P0            146W /  700W |   77199MiB /  81559MiB |      0%      Default |
|                                         |                        |             Disabled |
+-----------------------------------------+------------------------+----------------------+
|   4  NVIDIA H100 80GB HBM3          On  |   00000000:AB:00.0 Off |                    0 |
| N/A   38C    P0            150W /  700W |   77199MiB /  81559MiB |      0%      Default |
|                                         |                        |             Disabled |
+-----------------------------------------+------------------------+----------------------+
|   5  NVIDIA H100 80GB HBM3          On  |   00000000:BA:00.0 Off |                    0 |
| N/A   36C    P0            149W /  700W |   77199MiB /  81559MiB |      0%      Default |
|                                         |                        |             Disabled |
+-----------------------------------------+------------------------+----------------------+
|   6  NVIDIA H100 80GB HBM3          On  |   00000000:DB:00.0 Off |                    0 |
| N/A   30C    P0            145W /  700W |   77199MiB /  81559MiB |      0%      Default |
|                                         |                        |             Disabled |
+-----------------------------------------+------------------------+----------------------+

+-----------------------------------------------------------------------------------------+
| Processes:                                                                              |
|  GPU   GI   CI              PID   Type   Process name                        GPU Memory |
|        ID   ID                                                               Usage      |
|=========================================================================================|
|  No running processes found                                                             |
+-----------------------------------------------------------------------------------------+

===== 2026-09-09T06:23:49Z pokprod-b93r44s2 (nvidia-gpu-operator/nvidia-dcgm-kppxs) =====
Wed Sep  9 06:23:51 2026       
+-----------------------------------------------------------------------------------------+
| NVIDIA-SMI 580.105.08             Driver Version: 580.105.08     CUDA Version: 13.0     |
+-----------------------------------------+------------------------+----------------------+
| GPU  Name                 Persistence-M | Bus-Id          Disp.A | Volatile Uncorr. ECC |
| Fan  Temp   Perf          Pwr:Usage/Cap |           Memory-Usage | GPU-Util  Compute M. |
|                                         |                        |               MIG M. |
|=========================================+========================+======================|
|   0  NVIDIA H100 80GB HBM3          On  |   00000000:18:00.0 Off |                    0 |
| N/A   21C    P0             96W /  700W |       0MiB /  81559MiB |      0%      Default |
|                                         |                        |             Disabled |
+-----------------------------------------+------------------------+----------------------+
|   1  NVIDIA H100 80GB HBM3          On  |   00000000:3A:00.0 Off |                    0 |
| N/A   24C    P0             98W /  700W |       0MiB /  81559MiB |      0%      Default |
|                                         |                        |             Disabled |
+-----------------------------------------+------------------------+----------------------+
|   2  NVIDIA H100 80GB HBM3          On  |   00000000:5D:00.0 Off |                    0 |
| N/A   21C    P0             97W /  700W |       0MiB /  81559MiB |      0%      Default |
|                                         |                        |             Disabled |
+-----------------------------------------+------------------------+----------------------+
|   3  NVIDIA H100 80GB HBM3          On  |   00000000:9A:00.0 Off |                    0 |
| N/A   27C    P0            145W /  700W |   77199MiB /  81559MiB |      0%      Default |
|                                         |                        |             Disabled |
+-----------------------------------------+------------------------+----------------------+
|   4  NVIDIA H100 80GB HBM3          On  |   00000000:AB:00.0 Off |                    0 |
| N/A   34C    P0            147W /  700W |   77199MiB /  81559MiB |      0%      Default |
|                                         |                        |             Disabled |
+-----------------------------------------+------------------------+----------------------+
|   5  NVIDIA H100 80GB HBM3          On  |   00000000:BA:00.0 Off |                    0 |
| N/A   32C    P0            147W /  700W |   77199MiB /  81559MiB |      0%      Default |
|                                         |                        |             Disabled |
+-----------------------------------------+------------------------+----------------------+
|   6  NVIDIA H100 80GB HBM3          On  |   00000000:DB:00.0 Off |                    0 |
| N/A   27C    P0            143W /  700W |   77199MiB /  81559MiB |      0%      Default |
|                                         |                        |             Disabled |
+-----------------------------------------+------------------------+----------------------+

+-----------------------------------------------------------------------------------------+
| Processes:                                                                              |
|  GPU   GI   CI              PID   Type   Process name                        GPU Memory |
|        ID   ID                                                               Usage      |
|=========================================================================================|
|  No running processes found                                                             |
+-----------------------------------------------------------------------------------------+

===== 2026-09-09T06:24:01Z pokprod-b93r44s2 (nvidia-gpu-operator/nvidia-dcgm-kppxs) =====
Wed Sep  9 06:24:03 2026       
+-----------------------------------------------------------------------------------------+
| NVIDIA-SMI 580.105.08             Driver Version: 580.105.08     CUDA Version: 13.0     |
+-----------------------------------------+------------------------+----------------------+
| GPU  Name                 Persistence-M | Bus-Id          Disp.A | Volatile Uncorr. ECC |
| Fan  Temp   Perf          Pwr:Usage/Cap |           Memory-Usage | GPU-Util  Compute M. |
|                                         |                        |               MIG M. |
|=========================================+========================+======================|
|   0  NVIDIA H100 80GB HBM3          On  |   00000000:18:00.0 Off |                    0 |
| N/A   22C    P0             96W /  700W |       0MiB /  81559MiB |      0%      Default |
|                                         |                        |             Disabled |
+-----------------------------------------+------------------------+----------------------+
|   1  NVIDIA H100 80GB HBM3          On  |   00000000:3A:00.0 Off |                    0 |
| N/A   24C    P0             98W /  700W |       0MiB /  81559MiB |      0%      Default |
|                                         |                        |             Disabled |
+-----------------------------------------+------------------------+----------------------+
|   2  NVIDIA H100 80GB HBM3          On  |   00000000:5D:00.0 Off |                    0 |
| N/A   21C    P0             97W /  700W |       0MiB /  81559MiB |      0%      Default |
|                                         |                        |             Disabled |
+-----------------------------------------+------------------------+----------------------+
|   3  NVIDIA H100 80GB HBM3          On  |   00000000:9A:00.0 Off |                    0 |
| N/A   26C    P0            144W /  700W |   77199MiB /  81559MiB |      0%      Default |
|                                         |                        |             Disabled |
+-----------------------------------------+------------------------+----------------------+
|   4  NVIDIA H100 80GB HBM3          On  |   00000000:AB:00.0 Off |                    0 |
| N/A   31C    P0            146W /  700W |   77199MiB /  81559MiB |      0%      Default |
|                                         |                        |             Disabled |
+-----------------------------------------+------------------------+----------------------+
|   5  NVIDIA H100 80GB HBM3          On  |   00000000:BA:00.0 Off |                    0 |
| N/A   30C    P0            145W /  700W |   77199MiB /  81559MiB |      0%      Default |
|                                         |                        |             Disabled |
+-----------------------------------------+------------------------+----------------------+
|   6  NVIDIA H100 80GB HBM3          On  |   00000000:DB:00.0 Off |                    0 |
| N/A   25C    P0            143W /  700W |   77199MiB /  81559MiB |      0%      Default |
|                                         |                        |             Disabled |
+-----------------------------------------+------------------------+----------------------+

+-----------------------------------------------------------------------------------------+
| Processes:                                                                              |
|  GPU   GI   CI              PID   Type   Process name                        GPU Memory |
|        ID   ID                                                               Usage      |
|=========================================================================================|
|  No running processes found                                                             |
+-----------------------------------------------------------------------------------------+

