===== 2026-09-09T02:21:14Z pokprod-b93r39s2 (nvidia-gpu-operator/nvidia-dcgm-w2ww6) =====
Wed Sep  9 02:21:15 2026       
+-----------------------------------------------------------------------------------------+
| NVIDIA-SMI 580.105.08             Driver Version: 580.105.08     CUDA Version: 13.0     |
+-----------------------------------------+------------------------+----------------------+
| GPU  Name                 Persistence-M | Bus-Id          Disp.A | Volatile Uncorr. ECC |
| Fan  Temp   Perf          Pwr:Usage/Cap |           Memory-Usage | GPU-Util  Compute M. |
|                                         |                        |               MIG M. |
|=========================================+========================+======================|
|   0  NVIDIA H100 80GB HBM3          On  |   00000000:18:00.0 Off |                    0 |
| N/A   31C    P0            453W /  700W |   73571MiB /  81559MiB |    100%      Default |
|                                         |                        |             Disabled |
+-----------------------------------------+------------------------+----------------------+
|   1  NVIDIA H100 80GB HBM3          On  |   00000000:2A:00.0 Off |                    0 |
| N/A   25C    P0             98W /  700W |       0MiB /  81559MiB |      0%      Default |
|                                         |                        |             Disabled |
+-----------------------------------------+------------------------+----------------------+
|   2  NVIDIA H100 80GB HBM3          On  |   00000000:3A:00.0 Off |                    0 |
| N/A   35C    P0             99W /  700W |       0MiB /  81559MiB |      0%      Default |
|                                         |                        |             Disabled |
+-----------------------------------------+------------------------+----------------------+
|   3  NVIDIA H100 80GB HBM3          On  |   00000000:5D:00.0 Off |                    0 |
| N/A   31C    P0            443W /  700W |   73571MiB /  81559MiB |    100%      Default |
|                                         |                        |             Disabled |
+-----------------------------------------+------------------------+----------------------+
|   4  NVIDIA H100 80GB HBM3          On  |   00000000:9A:00.0 Off |                    0 |
| N/A   25C    P0            144W /  700W |   79429MiB /  81559MiB |      0%      Default |
|                                         |                        |             Disabled |
+-----------------------------------------+------------------------+----------------------+
|   5  NVIDIA H100 80GB HBM3          On  |   00000000:AB:00.0 Off |                    0 |
| N/A   28C    P0            149W /  700W |   79429MiB /  81559MiB |      0%      Default |
|                                         |                        |             Disabled |
+-----------------------------------------+------------------------+----------------------+
|   6  NVIDIA H100 80GB HBM3          On  |   00000000:BA:00.0 Off |                    0 |
| N/A   71C    P0            503W /  700W |   73571MiB /  81559MiB |    100%      Default |
|                                         |                        |             Disabled |
+-----------------------------------------+------------------------+----------------------+
|   7  NVIDIA H100 80GB HBM3          On  |   00000000:DB:00.0 Off |                    0 |
| N/A   32C    P0            454W /  700W |   73571MiB /  81559MiB |    100%      Default |
|                                         |                        |             Disabled |
+-----------------------------------------+------------------------+----------------------+

+-----------------------------------------------------------------------------------------+
| Processes:                                                                              |
|  GPU   GI   CI              PID   Type   Process name                        GPU Memory |
|        ID   ID                                                               Usage      |
|=========================================================================================|
|  No running processes found                                                             |
+-----------------------------------------------------------------------------------------+

===== 2026-09-09T02:21:27Z pokprod-b93r39s2 (nvidia-gpu-operator/nvidia-dcgm-w2ww6) =====
Wed Sep  9 02:21:28 2026       
+-----------------------------------------------------------------------------------------+
| NVIDIA-SMI 580.105.08             Driver Version: 580.105.08     CUDA Version: 13.0     |
+-----------------------------------------+------------------------+----------------------+
| GPU  Name                 Persistence-M | Bus-Id          Disp.A | Volatile Uncorr. ECC |
| Fan  Temp   Perf          Pwr:Usage/Cap |           Memory-Usage | GPU-Util  Compute M. |
|                                         |                        |               MIG M. |
|=========================================+========================+======================|
|   0  NVIDIA H100 80GB HBM3          On  |   00000000:18:00.0 Off |                    0 |
| N/A   35C    P0            460W /  700W |   73571MiB /  81559MiB |    100%      Default |
|                                         |                        |             Disabled |
+-----------------------------------------+------------------------+----------------------+
|   1  NVIDIA H100 80GB HBM3          On  |   00000000:2A:00.0 Off |                    0 |
| N/A   25C    P0             98W /  700W |       0MiB /  81559MiB |      0%      Default |
|                                         |                        |             Disabled |
+-----------------------------------------+------------------------+----------------------+
|   2  NVIDIA H100 80GB HBM3          On  |   00000000:3A:00.0 Off |                    0 |
| N/A   35C    P0             99W /  700W |       0MiB /  81559MiB |      0%      Default |
|                                         |                        |             Disabled |
+-----------------------------------------+------------------------+----------------------+
|   3  NVIDIA H100 80GB HBM3          On  |   00000000:5D:00.0 Off |                    0 |
| N/A   35C    P0            451W /  700W |   73571MiB /  81559MiB |    100%      Default |
|                                         |                        |             Disabled |
+-----------------------------------------+------------------------+----------------------+
|   4  NVIDIA H100 80GB HBM3          On  |   00000000:9A:00.0 Off |                    0 |
| N/A   25C    P0            144W /  700W |   79429MiB /  81559MiB |      0%      Default |
|                                         |                        |             Disabled |
+-----------------------------------------+------------------------+----------------------+
|   5  NVIDIA H100 80GB HBM3          On  |   00000000:AB:00.0 Off |                    0 |
| N/A   28C    P0            148W /  700W |   79429MiB /  81559MiB |      0%      Default |
|                                         |                        |             Disabled |
+-----------------------------------------+------------------------+----------------------+
|   6  NVIDIA H100 80GB HBM3          On  |   00000000:BA:00.0 Off |                    0 |
| N/A   74C    P0            516W /  700W |   73571MiB /  81559MiB |    100%      Default |
|                                         |                        |             Disabled |
+-----------------------------------------+------------------------+----------------------+
|   7  NVIDIA H100 80GB HBM3          On  |   00000000:DB:00.0 Off |                    0 |
| N/A   36C    P0            462W /  700W |   73571MiB /  81559MiB |    100%      Default |
|                                         |                        |             Disabled |
+-----------------------------------------+------------------------+----------------------+

+-----------------------------------------------------------------------------------------+
| Processes:                                                                              |
|  GPU   GI   CI              PID   Type   Process name                        GPU Memory |
|        ID   ID                                                               Usage      |
|=========================================================================================|
|  No running processes found                                                             |
+-----------------------------------------------------------------------------------------+

===== 2026-09-09T02:21:40Z pokprod-b93r39s2 (nvidia-gpu-operator/nvidia-dcgm-w2ww6) =====
Wed Sep  9 02:21:41 2026       
+-----------------------------------------------------------------------------------------+
| NVIDIA-SMI 580.105.08             Driver Version: 580.105.08     CUDA Version: 13.0     |
+-----------------------------------------+------------------------+----------------------+
| GPU  Name                 Persistence-M | Bus-Id          Disp.A | Volatile Uncorr. ECC |
| Fan  Temp   Perf          Pwr:Usage/Cap |           Memory-Usage | GPU-Util  Compute M. |
|                                         |                        |               MIG M. |
|=========================================+========================+======================|
|   0  NVIDIA H100 80GB HBM3          On  |   00000000:18:00.0 Off |                    0 |
| N/A   37C    P0            461W /  700W |   73571MiB /  81559MiB |    100%      Default |
|                                         |                        |             Disabled |
+-----------------------------------------+------------------------+----------------------+
|   1  NVIDIA H100 80GB HBM3          On  |   00000000:2A:00.0 Off |                    0 |
| N/A   26C    P0             99W /  700W |       0MiB /  81559MiB |      0%      Default |
|                                         |                        |             Disabled |
+-----------------------------------------+------------------------+----------------------+
|   2  NVIDIA H100 80GB HBM3          On  |   00000000:3A:00.0 Off |                    0 |
| N/A   35C    P0            100W /  700W |       0MiB /  81559MiB |      0%      Default |
|                                         |                        |             Disabled |
+-----------------------------------------+------------------------+----------------------+
|   3  NVIDIA H100 80GB HBM3          On  |   00000000:5D:00.0 Off |                    0 |
| N/A   36C    P0            453W /  700W |   73571MiB /  81559MiB |    100%      Default |
|                                         |                        |             Disabled |
+-----------------------------------------+------------------------+----------------------+
|   4  NVIDIA H100 80GB HBM3          On  |   00000000:9A:00.0 Off |                    0 |
| N/A   24C    P0            144W /  700W |   79429MiB /  81559MiB |      0%      Default |
|                                         |                        |             Disabled |
+-----------------------------------------+------------------------+----------------------+
|   5  NVIDIA H100 80GB HBM3          On  |   00000000:AB:00.0 Off |                    0 |
| N/A   28C    P0            148W /  700W |   79429MiB /  81559MiB |      0%      Default |
|                                         |                        |             Disabled |
+-----------------------------------------+------------------------+----------------------+
|   6  NVIDIA H100 80GB HBM3          On  |   00000000:BA:00.0 Off |                    0 |
| N/A   75C    P0            520W /  700W |   73571MiB /  81559MiB |    100%      Default |
|                                         |                        |             Disabled |
+-----------------------------------------+------------------------+----------------------+
|   7  NVIDIA H100 80GB HBM3          On  |   00000000:DB:00.0 Off |                    0 |
| N/A   37C    P0            462W /  700W |   73571MiB /  81559MiB |    100%      Default |
|                                         |                        |             Disabled |
+-----------------------------------------+------------------------+----------------------+

+-----------------------------------------------------------------------------------------+
| Processes:                                                                              |
|  GPU   GI   CI              PID   Type   Process name                        GPU Memory |
|        ID   ID                                                               Usage      |
|=========================================================================================|
|  No running processes found                                                             |
+-----------------------------------------------------------------------------------------+

===== 2026-09-09T02:21:52Z pokprod-b93r39s2 (nvidia-gpu-operator/nvidia-dcgm-w2ww6) =====
Wed Sep  9 02:21:54 2026       
+-----------------------------------------------------------------------------------------+
| NVIDIA-SMI 580.105.08             Driver Version: 580.105.08     CUDA Version: 13.0     |
+-----------------------------------------+------------------------+----------------------+
| GPU  Name                 Persistence-M | Bus-Id          Disp.A | Volatile Uncorr. ECC |
| Fan  Temp   Perf          Pwr:Usage/Cap |           Memory-Usage | GPU-Util  Compute M. |
|                                         |                        |               MIG M. |
|=========================================+========================+======================|
|   0  NVIDIA H100 80GB HBM3          On  |   00000000:18:00.0 Off |                    0 |
| N/A   37C    P0            462W /  700W |   73571MiB /  81559MiB |    100%      Default |
|                                         |                        |             Disabled |
+-----------------------------------------+------------------------+----------------------+
|   1  NVIDIA H100 80GB HBM3          On  |   00000000:2A:00.0 Off |                    0 |
| N/A   27C    P0             99W /  700W |       0MiB /  81559MiB |      0%      Default |
|                                         |                        |             Disabled |
+-----------------------------------------+------------------------+----------------------+
|   2  NVIDIA H100 80GB HBM3          On  |   00000000:3A:00.0 Off |                    0 |
| N/A   36C    P0            100W /  700W |       0MiB /  81559MiB |      0%      Default |
|                                         |                        |             Disabled |
+-----------------------------------------+------------------------+----------------------+
|   3  NVIDIA H100 80GB HBM3          On  |   00000000:5D:00.0 Off |                    0 |
| N/A   37C    P0            454W /  700W |   73571MiB /  81559MiB |    100%      Default |
|                                         |                        |             Disabled |
+-----------------------------------------+------------------------+----------------------+
|   4  NVIDIA H100 80GB HBM3          On  |   00000000:9A:00.0 Off |                    0 |
| N/A   24C    P0            144W /  700W |   79429MiB /  81559MiB |      0%      Default |
|                                         |                        |             Disabled |
+-----------------------------------------+------------------------+----------------------+
|   5  NVIDIA H100 80GB HBM3          On  |   00000000:AB:00.0 Off |                    0 |
| N/A   28C    P0            148W /  700W |   79429MiB /  81559MiB |      0%      Default |
|                                         |                        |             Disabled |
+-----------------------------------------+------------------------+----------------------+
|   6  NVIDIA H100 80GB HBM3          On  |   00000000:BA:00.0 Off |                    0 |
| N/A   76C    P0            521W /  700W |   73571MiB /  81559MiB |    100%      Default |
|                                         |                        |             Disabled |
+-----------------------------------------+------------------------+----------------------+
|   7  NVIDIA H100 80GB HBM3          On  |   00000000:DB:00.0 Off |                    0 |
| N/A   38C    P0            462W /  700W |   73571MiB /  81559MiB |    100%      Default |
|                                         |                        |             Disabled |
+-----------------------------------------+------------------------+----------------------+

+-----------------------------------------------------------------------------------------+
| Processes:                                                                              |
|  GPU   GI   CI              PID   Type   Process name                        GPU Memory |
|        ID   ID                                                               Usage      |
|=========================================================================================|
|  No running processes found                                                             |
+-----------------------------------------------------------------------------------------+

===== 2026-09-09T02:22:05Z pokprod-b93r39s2 (nvidia-gpu-operator/nvidia-dcgm-w2ww6) =====
Wed Sep  9 02:22:06 2026       
+-----------------------------------------------------------------------------------------+
| NVIDIA-SMI 580.105.08             Driver Version: 580.105.08     CUDA Version: 13.0     |
+-----------------------------------------+------------------------+----------------------+
| GPU  Name                 Persistence-M | Bus-Id          Disp.A | Volatile Uncorr. ECC |
| Fan  Temp   Perf          Pwr:Usage/Cap |           Memory-Usage | GPU-Util  Compute M. |
|                                         |                        |               MIG M. |
|=========================================+========================+======================|
|   0  NVIDIA H100 80GB HBM3          On  |   00000000:18:00.0 Off |                    0 |
| N/A   38C    P0            462W /  700W |   73571MiB /  81559MiB |    100%      Default |
|                                         |                        |             Disabled |
+-----------------------------------------+------------------------+----------------------+
|   1  NVIDIA H100 80GB HBM3          On  |   00000000:2A:00.0 Off |                    0 |
| N/A   27C    P0             99W /  700W |       0MiB /  81559MiB |      0%      Default |
|                                         |                        |             Disabled |
+-----------------------------------------+------------------------+----------------------+
|   2  NVIDIA H100 80GB HBM3          On  |   00000000:3A:00.0 Off |                    0 |
| N/A   36C    P0            100W /  700W |       0MiB /  81559MiB |      0%      Default |
|                                         |                        |             Disabled |
+-----------------------------------------+------------------------+----------------------+
|   3  NVIDIA H100 80GB HBM3          On  |   00000000:5D:00.0 Off |                    0 |
| N/A   37C    P0            454W /  700W |   73571MiB /  81559MiB |    100%      Default |
|                                         |                        |             Disabled |
+-----------------------------------------+------------------------+----------------------+
|   4  NVIDIA H100 80GB HBM3          On  |   00000000:9A:00.0 Off |                    0 |
| N/A   24C    P0            144W /  700W |   79429MiB /  81559MiB |      0%      Default |
|                                         |                        |             Disabled |
+-----------------------------------------+------------------------+----------------------+
|   5  NVIDIA H100 80GB HBM3          On  |   00000000:AB:00.0 Off |                    0 |
| N/A   28C    P0            149W /  700W |   79429MiB /  81559MiB |      0%      Default |
|                                         |                        |             Disabled |
+-----------------------------------------+------------------------+----------------------+
|   6  NVIDIA H100 80GB HBM3          On  |   00000000:BA:00.0 Off |                    0 |
| N/A   76C    P0            523W /  700W |   73571MiB /  81559MiB |    100%      Default |
|                                         |                        |             Disabled |
+-----------------------------------------+------------------------+----------------------+
|   7  NVIDIA H100 80GB HBM3          On  |   00000000:DB:00.0 Off |                    0 |
| N/A   38C    P0            463W /  700W |   73571MiB /  81559MiB |    100%      Default |
|                                         |                        |             Disabled |
+-----------------------------------------+------------------------+----------------------+

+-----------------------------------------------------------------------------------------+
| Processes:                                                                              |
|  GPU   GI   CI              PID   Type   Process name                        GPU Memory |
|        ID   ID                                                               Usage      |
|=========================================================================================|
|  No running processes found                                                             |
+-----------------------------------------------------------------------------------------+

===== 2026-09-09T02:22:18Z pokprod-b93r39s2 (nvidia-gpu-operator/nvidia-dcgm-w2ww6) =====
Wed Sep  9 02:22:19 2026       
+-----------------------------------------------------------------------------------------+
| NVIDIA-SMI 580.105.08             Driver Version: 580.105.08     CUDA Version: 13.0     |
+-----------------------------------------+------------------------+----------------------+
| GPU  Name                 Persistence-M | Bus-Id          Disp.A | Volatile Uncorr. ECC |
| Fan  Temp   Perf          Pwr:Usage/Cap |           Memory-Usage | GPU-Util  Compute M. |
|                                         |                        |               MIG M. |
|=========================================+========================+======================|
|   0  NVIDIA H100 80GB HBM3          On  |   00000000:18:00.0 Off |                    0 |
| N/A   29C    P0            147W /  700W |   73571MiB /  81559MiB |      0%      Default |
|                                         |                        |             Disabled |
+-----------------------------------------+------------------------+----------------------+
|   1  NVIDIA H100 80GB HBM3          On  |   00000000:2A:00.0 Off |                    0 |
| N/A   27C    P0             99W /  700W |       0MiB /  81559MiB |      0%      Default |
|                                         |                        |             Disabled |
+-----------------------------------------+------------------------+----------------------+
|   2  NVIDIA H100 80GB HBM3          On  |   00000000:3A:00.0 Off |                    0 |
| N/A   36C    P0            100W /  700W |       0MiB /  81559MiB |      0%      Default |
|                                         |                        |             Disabled |
+-----------------------------------------+------------------------+----------------------+
|   3  NVIDIA H100 80GB HBM3          On  |   00000000:5D:00.0 Off |                    0 |
| N/A   28C    P0            144W /  700W |   73571MiB /  81559MiB |      0%      Default |
|                                         |                        |             Disabled |
+-----------------------------------------+------------------------+----------------------+
|   4  NVIDIA H100 80GB HBM3          On  |   00000000:9A:00.0 Off |                    0 |
| N/A   25C    P0            144W /  700W |   79429MiB /  81559MiB |      0%      Default |
|                                         |                        |             Disabled |
+-----------------------------------------+------------------------+----------------------+
|   5  NVIDIA H100 80GB HBM3          On  |   00000000:AB:00.0 Off |                    0 |
| N/A   28C    P0            149W /  700W |   79429MiB /  81559MiB |      0%      Default |
|                                         |                        |             Disabled |
+-----------------------------------------+------------------------+----------------------+
|   6  NVIDIA H100 80GB HBM3          On  |   00000000:BA:00.0 Off |                    0 |
| N/A   70C    P0            190W /  700W |   73571MiB /  81559MiB |      0%      Default |
|                                         |                        |             Disabled |
+-----------------------------------------+------------------------+----------------------+
|   7  NVIDIA H100 80GB HBM3          On  |   00000000:DB:00.0 Off |                    0 |
| N/A   31C    P0            149W /  700W |   73571MiB /  81559MiB |      0%      Default |
|                                         |                        |             Disabled |
+-----------------------------------------+------------------------+----------------------+

+-----------------------------------------------------------------------------------------+
| Processes:                                                                              |
|  GPU   GI   CI              PID   Type   Process name                        GPU Memory |
|        ID   ID                                                               Usage      |
|=========================================================================================|
|  No running processes found                                                             |
+-----------------------------------------------------------------------------------------+

===== 2026-09-09T02:22:32Z pokprod-b93r39s2 (nvidia-gpu-operator/nvidia-dcgm-w2ww6) =====
Wed Sep  9 02:22:33 2026       
+-----------------------------------------------------------------------------------------+
| NVIDIA-SMI 580.105.08             Driver Version: 580.105.08     CUDA Version: 13.0     |
+-----------------------------------------+------------------------+----------------------+
| GPU  Name                 Persistence-M | Bus-Id          Disp.A | Volatile Uncorr. ECC |
| Fan  Temp   Perf          Pwr:Usage/Cap |           Memory-Usage | GPU-Util  Compute M. |
|                                         |                        |               MIG M. |
|=========================================+========================+======================|
|   0  NVIDIA H100 80GB HBM3          On  |   00000000:18:00.0 Off |                    0 |
| N/A   46C    P0            537W /  700W |   78035MiB /  81559MiB |    100%      Default |
|                                         |                        |             Disabled |
+-----------------------------------------+------------------------+----------------------+
|   1  NVIDIA H100 80GB HBM3          On  |   00000000:2A:00.0 Off |                    0 |
| N/A   26C    P0             99W /  700W |       0MiB /  81559MiB |      0%      Default |
|                                         |                        |             Disabled |
+-----------------------------------------+------------------------+----------------------+
|   2  NVIDIA H100 80GB HBM3          On  |   00000000:3A:00.0 Off |                    0 |
| N/A   36C    P0            100W /  700W |       0MiB /  81559MiB |      0%      Default |
|                                         |                        |             Disabled |
+-----------------------------------------+------------------------+----------------------+
|   3  NVIDIA H100 80GB HBM3          On  |   00000000:5D:00.0 Off |                    0 |
| N/A   46C    P0            549W /  700W |   78035MiB /  81559MiB |    100%      Default |
|                                         |                        |             Disabled |
+-----------------------------------------+------------------------+----------------------+
|   4  NVIDIA H100 80GB HBM3          On  |   00000000:9A:00.0 Off |                    0 |
| N/A   25C    P0            144W /  700W |   79429MiB /  81559MiB |      0%      Default |
|                                         |                        |             Disabled |
+-----------------------------------------+------------------------+----------------------+
|   5  NVIDIA H100 80GB HBM3          On  |   00000000:AB:00.0 Off |                    0 |
| N/A   28C    P0            149W /  700W |   79429MiB /  81559MiB |      0%      Default |
|                                         |                        |             Disabled |
+-----------------------------------------+------------------------+----------------------+
|   6  NVIDIA H100 80GB HBM3          On  |   00000000:BA:00.0 Off |                    0 |
| N/A   84C    P0            606W /  700W |   78035MiB /  81559MiB |    100%      Default |
|                                         |                        |             Disabled |
+-----------------------------------------+------------------------+----------------------+
|   7  NVIDIA H100 80GB HBM3          On  |   00000000:DB:00.0 Off |                    0 |
| N/A   47C    P0            577W /  700W |   78035MiB /  81559MiB |    100%      Default |
|                                         |                        |             Disabled |
+-----------------------------------------+------------------------+----------------------+

+-----------------------------------------------------------------------------------------+
| Processes:                                                                              |
|  GPU   GI   CI              PID   Type   Process name                        GPU Memory |
|        ID   ID                                                               Usage      |
|=========================================================================================|
|  No running processes found                                                             |
+-----------------------------------------------------------------------------------------+

===== 2026-09-09T02:22:44Z pokprod-b93r39s2 (nvidia-gpu-operator/nvidia-dcgm-w2ww6) =====
Wed Sep  9 02:22:45 2026       
+-----------------------------------------------------------------------------------------+
| NVIDIA-SMI 580.105.08             Driver Version: 580.105.08     CUDA Version: 13.0     |
+-----------------------------------------+------------------------+----------------------+
| GPU  Name                 Persistence-M | Bus-Id          Disp.A | Volatile Uncorr. ECC |
| Fan  Temp   Perf          Pwr:Usage/Cap |           Memory-Usage | GPU-Util  Compute M. |
|                                         |                        |               MIG M. |
|=========================================+========================+======================|
|   0  NVIDIA H100 80GB HBM3          On  |   00000000:18:00.0 Off |                    0 |
| N/A   30C    P0            148W /  700W |   78035MiB /  81559MiB |      0%      Default |
|                                         |                        |             Disabled |
+-----------------------------------------+------------------------+----------------------+
|   1  NVIDIA H100 80GB HBM3          On  |   00000000:2A:00.0 Off |                    0 |
| N/A   27C    P0             99W /  700W |       0MiB /  81559MiB |      0%      Default |
|                                         |                        |             Disabled |
+-----------------------------------------+------------------------+----------------------+
|   2  NVIDIA H100 80GB HBM3          On  |   00000000:3A:00.0 Off |                    0 |
| N/A   36C    P0            100W /  700W |       0MiB /  81559MiB |      0%      Default |
|                                         |                        |             Disabled |
+-----------------------------------------+------------------------+----------------------+
|   3  NVIDIA H100 80GB HBM3          On  |   00000000:5D:00.0 Off |                    0 |
| N/A   29C    P0            143W /  700W |   78035MiB /  81559MiB |      0%      Default |
|                                         |                        |             Disabled |
+-----------------------------------------+------------------------+----------------------+
|   4  NVIDIA H100 80GB HBM3          On  |   00000000:9A:00.0 Off |                    0 |
| N/A   25C    P0            144W /  700W |   79429MiB /  81559MiB |      0%      Default |
|                                         |                        |             Disabled |
+-----------------------------------------+------------------------+----------------------+
|   5  NVIDIA H100 80GB HBM3          On  |   00000000:AB:00.0 Off |                    0 |
| N/A   28C    P0            148W /  700W |   79429MiB /  81559MiB |      0%      Default |
|                                         |                        |             Disabled |
+-----------------------------------------+------------------------+----------------------+
|   6  NVIDIA H100 80GB HBM3          On  |   00000000:BA:00.0 Off |                    0 |
| N/A   71C    P0            193W /  700W |   78035MiB /  81559MiB |      0%      Default |
|                                         |                        |             Disabled |
+-----------------------------------------+------------------------+----------------------+
|   7  NVIDIA H100 80GB HBM3          On  |   00000000:DB:00.0 Off |                    0 |
| N/A   31C    P0            150W /  700W |   78035MiB /  81559MiB |      0%      Default |
|                                         |                        |             Disabled |
+-----------------------------------------+------------------------+----------------------+

+-----------------------------------------------------------------------------------------+
| Processes:                                                                              |
|  GPU   GI   CI              PID   Type   Process name                        GPU Memory |
|        ID   ID                                                               Usage      |
|=========================================================================================|
|  No running processes found                                                             |
+-----------------------------------------------------------------------------------------+

===== 2026-09-09T02:22:57Z pokprod-b93r39s2 (nvidia-gpu-operator/nvidia-dcgm-w2ww6) =====
Wed Sep  9 02:22:59 2026       
+-----------------------------------------------------------------------------------------+
| NVIDIA-SMI 580.105.08             Driver Version: 580.105.08     CUDA Version: 13.0     |
+-----------------------------------------+------------------------+----------------------+
| GPU  Name                 Persistence-M | Bus-Id          Disp.A | Volatile Uncorr. ECC |
| Fan  Temp   Perf          Pwr:Usage/Cap |           Memory-Usage | GPU-Util  Compute M. |
|                                         |                        |               MIG M. |
|=========================================+========================+======================|
|   0  NVIDIA H100 80GB HBM3          On  |   00000000:18:00.0 Off |                    0 |
| N/A   47C    P0            574W /  700W |   78933MiB /  81559MiB |    100%      Default |
|                                         |                        |             Disabled |
+-----------------------------------------+------------------------+----------------------+
|   1  NVIDIA H100 80GB HBM3          On  |   00000000:2A:00.0 Off |                    0 |
| N/A   27C    P0             99W /  700W |       0MiB /  81559MiB |      0%      Default |
|                                         |                        |             Disabled |
+-----------------------------------------+------------------------+----------------------+
|   2  NVIDIA H100 80GB HBM3          On  |   00000000:3A:00.0 Off |                    0 |
| N/A   36C    P0            100W /  700W |       0MiB /  81559MiB |      0%      Default |
|                                         |                        |             Disabled |
+-----------------------------------------+------------------------+----------------------+
|   3  NVIDIA H100 80GB HBM3          On  |   00000000:5D:00.0 Off |                    0 |
| N/A   49C    P0            595W /  700W |   78933MiB /  81559MiB |    100%      Default |
|                                         |                        |             Disabled |
+-----------------------------------------+------------------------+----------------------+
|   4  NVIDIA H100 80GB HBM3          On  |   00000000:9A:00.0 Off |                    0 |
| N/A   25C    P0            144W /  700W |   79429MiB /  81559MiB |      0%      Default |
|                                         |                        |             Disabled |
+-----------------------------------------+------------------------+----------------------+
|   5  NVIDIA H100 80GB HBM3          On  |   00000000:AB:00.0 Off |                    0 |
| N/A   28C    P0            149W /  700W |   79429MiB /  81559MiB |      0%      Default |
|                                         |                        |             Disabled |
+-----------------------------------------+------------------------+----------------------+
|   6  NVIDIA H100 80GB HBM3          On  |   00000000:BA:00.0 Off |                    0 |
| N/A   86C    P0            645W /  700W |   78933MiB /  81559MiB |    100%      Default |
|                                         |                        |             Disabled |
+-----------------------------------------+------------------------+----------------------+
|   7  NVIDIA H100 80GB HBM3          On  |   00000000:DB:00.0 Off |                    0 |
| N/A   50C    P0            612W /  700W |   78933MiB /  81559MiB |    100%      Default |
|                                         |                        |             Disabled |
+-----------------------------------------+------------------------+----------------------+

+-----------------------------------------------------------------------------------------+
| Processes:                                                                              |
|  GPU   GI   CI              PID   Type   Process name                        GPU Memory |
|        ID   ID                                                               Usage      |
|=========================================================================================|
|  No running processes found                                                             |
+-----------------------------------------------------------------------------------------+

===== 2026-09-09T02:23:11Z pokprod-b93r39s2 (nvidia-gpu-operator/nvidia-dcgm-w2ww6) =====
Wed Sep  9 02:23:12 2026       
+-----------------------------------------------------------------------------------------+
| NVIDIA-SMI 580.105.08             Driver Version: 580.105.08     CUDA Version: 13.0     |
+-----------------------------------------+------------------------+----------------------+
| GPU  Name                 Persistence-M | Bus-Id          Disp.A | Volatile Uncorr. ECC |
| Fan  Temp   Perf          Pwr:Usage/Cap |           Memory-Usage | GPU-Util  Compute M. |
|                                         |                        |               MIG M. |
|=========================================+========================+======================|
|   0  NVIDIA H100 80GB HBM3          On  |   00000000:18:00.0 Off |                    0 |
| N/A   55C    P0            688W /  700W |   78933MiB /  81559MiB |    100%      Default |
|                                         |                        |             Disabled |
+-----------------------------------------+------------------------+----------------------+
|   1  NVIDIA H100 80GB HBM3          On  |   00000000:2A:00.0 Off |                    0 |
| N/A   27C    P0             99W /  700W |       0MiB /  81559MiB |      0%      Default |
|                                         |                        |             Disabled |
+-----------------------------------------+------------------------+----------------------+
|   2  NVIDIA H100 80GB HBM3          On  |   00000000:3A:00.0 Off |                    0 |
| N/A   36C    P0            100W /  700W |       0MiB /  81559MiB |      0%      Default |
|                                         |                        |             Disabled |
+-----------------------------------------+------------------------+----------------------+
|   3  NVIDIA H100 80GB HBM3          On  |   00000000:5D:00.0 Off |                    0 |
| N/A   54C    P0            685W /  700W |   78933MiB /  81559MiB |    100%      Default |
|                                         |                        |             Disabled |
+-----------------------------------------+------------------------+----------------------+
|   4  NVIDIA H100 80GB HBM3          On  |   00000000:9A:00.0 Off |                    0 |
| N/A   25C    P0            144W /  700W |   79429MiB /  81559MiB |      0%      Default |
|                                         |                        |             Disabled |
+-----------------------------------------+------------------------+----------------------+
|   5  NVIDIA H100 80GB HBM3          On  |   00000000:AB:00.0 Off |                    0 |
| N/A   28C    P0            149W /  700W |   79429MiB /  81559MiB |      0%      Default |
|                                         |                        |             Disabled |
+-----------------------------------------+------------------------+----------------------+
|   6  NVIDIA H100 80GB HBM3          On  |   00000000:BA:00.0 Off |                    0 |
| N/A   87C    P0            632W /  700W |   78933MiB /  81559MiB |    100%      Default |
|                                         |                        |             Disabled |
+-----------------------------------------+------------------------+----------------------+
|   7  NVIDIA H100 80GB HBM3          On  |   00000000:DB:00.0 Off |                    0 |
| N/A   52C    P0            695W /  700W |   78933MiB /  81559MiB |    100%      Default |
|                                         |                        |             Disabled |
+-----------------------------------------+------------------------+----------------------+

+-----------------------------------------------------------------------------------------+
| Processes:                                                                              |
|  GPU   GI   CI              PID   Type   Process name                        GPU Memory |
|        ID   ID                                                               Usage      |
|=========================================================================================|
|  No running processes found                                                             |
+-----------------------------------------------------------------------------------------+

===== 2026-09-09T02:23:24Z pokprod-b93r39s2 (nvidia-gpu-operator/nvidia-dcgm-w2ww6) =====
Wed Sep  9 02:23:25 2026       
+-----------------------------------------------------------------------------------------+
| NVIDIA-SMI 580.105.08             Driver Version: 580.105.08     CUDA Version: 13.0     |
+-----------------------------------------+------------------------+----------------------+
| GPU  Name                 Persistence-M | Bus-Id          Disp.A | Volatile Uncorr. ECC |
| Fan  Temp   Perf          Pwr:Usage/Cap |           Memory-Usage | GPU-Util  Compute M. |
|                                         |                        |               MIG M. |
|=========================================+========================+======================|
|   0  NVIDIA H100 80GB HBM3          On  |   00000000:18:00.0 Off |                    0 |
| N/A   55C    P0            693W /  700W |   78933MiB /  81559MiB |    100%      Default |
|                                         |                        |             Disabled |
+-----------------------------------------+------------------------+----------------------+
|   1  NVIDIA H100 80GB HBM3          On  |   00000000:2A:00.0 Off |                    0 |
| N/A   28C    P0             99W /  700W |       0MiB /  81559MiB |      0%      Default |
|                                         |                        |             Disabled |
+-----------------------------------------+------------------------+----------------------+
|   2  NVIDIA H100 80GB HBM3          On  |   00000000:3A:00.0 Off |                    0 |
| N/A   37C    P0            100W /  700W |       0MiB /  81559MiB |      0%      Default |
|                                         |                        |             Disabled |
+-----------------------------------------+------------------------+----------------------+
|   3  NVIDIA H100 80GB HBM3          On  |   00000000:5D:00.0 Off |                    0 |
| N/A   57C    P0            691W /  700W |   78933MiB /  81559MiB |    100%      Default |
|                                         |                        |             Disabled |
+-----------------------------------------+------------------------+----------------------+
|   4  NVIDIA H100 80GB HBM3          On  |   00000000:9A:00.0 Off |                    0 |
| N/A   25C    P0            144W /  700W |   79429MiB /  81559MiB |      0%      Default |
|                                         |                        |             Disabled |
+-----------------------------------------+------------------------+----------------------+
|   5  NVIDIA H100 80GB HBM3          On  |   00000000:AB:00.0 Off |                    0 |
| N/A   28C    P0            149W /  700W |   79429MiB /  81559MiB |      0%      Default |
|                                         |                        |             Disabled |
+-----------------------------------------+------------------------+----------------------+
|   6  NVIDIA H100 80GB HBM3          On  |   00000000:BA:00.0 Off |                    0 |
| N/A   86C    P0            606W /  700W |   78933MiB /  81559MiB |    100%      Default |
|                                         |                        |             Disabled |
+-----------------------------------------+------------------------+----------------------+
|   7  NVIDIA H100 80GB HBM3          On  |   00000000:DB:00.0 Off |                    0 |
| N/A   56C    P0            692W /  700W |   78933MiB /  81559MiB |    100%      Default |
|                                         |                        |             Disabled |
+-----------------------------------------+------------------------+----------------------+

+-----------------------------------------------------------------------------------------+
| Processes:                                                                              |
|  GPU   GI   CI              PID   Type   Process name                        GPU Memory |
|        ID   ID                                                               Usage      |
|=========================================================================================|
|  No running processes found                                                             |
+-----------------------------------------------------------------------------------------+

===== 2026-09-09T02:23:36Z pokprod-b93r39s2 (nvidia-gpu-operator/nvidia-dcgm-w2ww6) =====
Wed Sep  9 02:23:38 2026       
+-----------------------------------------------------------------------------------------+
| NVIDIA-SMI 580.105.08             Driver Version: 580.105.08     CUDA Version: 13.0     |
+-----------------------------------------+------------------------+----------------------+
| GPU  Name                 Persistence-M | Bus-Id          Disp.A | Volatile Uncorr. ECC |
| Fan  Temp   Perf          Pwr:Usage/Cap |           Memory-Usage | GPU-Util  Compute M. |
|                                         |                        |               MIG M. |
|=========================================+========================+======================|
|   0  NVIDIA H100 80GB HBM3          On  |   00000000:18:00.0 Off |                    0 |
| N/A   56C    P0            688W /  700W |   78933MiB /  81559MiB |    100%      Default |
|                                         |                        |             Disabled |
+-----------------------------------------+------------------------+----------------------+
|   1  NVIDIA H100 80GB HBM3          On  |   00000000:2A:00.0 Off |                    0 |
| N/A   29C    P0             99W /  700W |       0MiB /  81559MiB |      0%      Default |
|                                         |                        |             Disabled |
+-----------------------------------------+------------------------+----------------------+
|   2  NVIDIA H100 80GB HBM3          On  |   00000000:3A:00.0 Off |                    0 |
| N/A   37C    P0            100W /  700W |       0MiB /  81559MiB |      0%      Default |
|                                         |                        |             Disabled |
+-----------------------------------------+------------------------+----------------------+
|   3  NVIDIA H100 80GB HBM3          On  |   00000000:5D:00.0 Off |                    0 |
| N/A   56C    P0            692W /  700W |   78933MiB /  81559MiB |    100%      Default |
|                                         |                        |             Disabled |
+-----------------------------------------+------------------------+----------------------+
|   4  NVIDIA H100 80GB HBM3          On  |   00000000:9A:00.0 Off |                    0 |
| N/A   25C    P0            144W /  700W |   79429MiB /  81559MiB |      0%      Default |
|                                         |                        |             Disabled |
+-----------------------------------------+------------------------+----------------------+
|   5  NVIDIA H100 80GB HBM3          On  |   00000000:AB:00.0 Off |                    0 |
| N/A   28C    P0            149W /  700W |   79429MiB /  81559MiB |      0%      Default |
|                                         |                        |             Disabled |
+-----------------------------------------+------------------------+----------------------+
|   6  NVIDIA H100 80GB HBM3          On  |   00000000:BA:00.0 Off |                    0 |
| N/A   86C    P0            588W /  700W |   78933MiB /  81559MiB |    100%      Default |
|                                         |                        |             Disabled |
+-----------------------------------------+------------------------+----------------------+
|   7  NVIDIA H100 80GB HBM3          On  |   00000000:DB:00.0 Off |                    0 |
| N/A   57C    P0            699W /  700W |   78933MiB /  81559MiB |    100%      Default |
|                                         |                        |             Disabled |
+-----------------------------------------+------------------------+----------------------+

+-----------------------------------------------------------------------------------------+
| Processes:                                                                              |
|  GPU   GI   CI              PID   Type   Process name                        GPU Memory |
|        ID   ID                                                               Usage      |
|=========================================================================================|
|  No running processes found                                                             |
+-----------------------------------------------------------------------------------------+

===== 2026-09-09T02:23:50Z pokprod-b93r39s2 (nvidia-gpu-operator/nvidia-dcgm-w2ww6) =====
Wed Sep  9 02:23:51 2026       
+-----------------------------------------------------------------------------------------+
| NVIDIA-SMI 580.105.08             Driver Version: 580.105.08     CUDA Version: 13.0     |
+-----------------------------------------+------------------------+----------------------+
| GPU  Name                 Persistence-M | Bus-Id          Disp.A | Volatile Uncorr. ECC |
| Fan  Temp   Perf          Pwr:Usage/Cap |           Memory-Usage | GPU-Util  Compute M. |
|                                         |                        |               MIG M. |
|=========================================+========================+======================|
|   0  NVIDIA H100 80GB HBM3          On  |   00000000:18:00.0 Off |                    0 |
| N/A   43C    P0            495W /  700W |   78933MiB /  81559MiB |     84%      Default |
|                                         |                        |             Disabled |
+-----------------------------------------+------------------------+----------------------+
|   1  NVIDIA H100 80GB HBM3          On  |   00000000:2A:00.0 Off |                    0 |
| N/A   29C    P0            100W /  700W |       0MiB /  81559MiB |      0%      Default |
|                                         |                        |             Disabled |
+-----------------------------------------+------------------------+----------------------+
|   2  NVIDIA H100 80GB HBM3          On  |   00000000:3A:00.0 Off |                    0 |
| N/A   38C    P0            100W /  700W |       0MiB /  81559MiB |      0%      Default |
|                                         |                        |             Disabled |
+-----------------------------------------+------------------------+----------------------+
|   3  NVIDIA H100 80GB HBM3          On  |   00000000:5D:00.0 Off |                    0 |
| N/A   42C    P0            487W /  700W |   78933MiB /  81559MiB |     79%      Default |
|                                         |                        |             Disabled |
+-----------------------------------------+------------------------+----------------------+
|   4  NVIDIA H100 80GB HBM3          On  |   00000000:9A:00.0 Off |                    0 |
| N/A   25C    P0            144W /  700W |   79429MiB /  81559MiB |      0%      Default |
|                                         |                        |             Disabled |
+-----------------------------------------+------------------------+----------------------+
|   5  NVIDIA H100 80GB HBM3          On  |   00000000:AB:00.0 Off |                    0 |
| N/A   28C    P0            149W /  700W |   79429MiB /  81559MiB |      0%      Default |
|                                         |                        |             Disabled |
+-----------------------------------------+------------------------+----------------------+
|   6  NVIDIA H100 80GB HBM3          On  |   00000000:BA:00.0 Off |                    0 |
| N/A   81C    P0            579W /  700W |   78933MiB /  81559MiB |     78%      Default |
|                                         |                        |             Disabled |
+-----------------------------------------+------------------------+----------------------+
|   7  NVIDIA H100 80GB HBM3          On  |   00000000:DB:00.0 Off |                    0 |
| N/A   44C    P0            502W /  700W |   78933MiB /  81559MiB |    100%      Default |
|                                         |                        |             Disabled |
+-----------------------------------------+------------------------+----------------------+

+-----------------------------------------------------------------------------------------+
| Processes:                                                                              |
|  GPU   GI   CI              PID   Type   Process name                        GPU Memory |
|        ID   ID                                                               Usage      |
|=========================================================================================|
|  No running processes found                                                             |
+-----------------------------------------------------------------------------------------+

===== 2026-09-09T02:24:03Z pokprod-b93r39s2 (nvidia-gpu-operator/nvidia-dcgm-w2ww6) =====
Wed Sep  9 02:24:04 2026       
+-----------------------------------------------------------------------------------------+
| NVIDIA-SMI 580.105.08             Driver Version: 580.105.08     CUDA Version: 13.0     |
+-----------------------------------------+------------------------+----------------------+
| GPU  Name                 Persistence-M | Bus-Id          Disp.A | Volatile Uncorr. ECC |
| Fan  Temp   Perf          Pwr:Usage/Cap |           Memory-Usage | GPU-Util  Compute M. |
|                                         |                        |               MIG M. |
|=========================================+========================+======================|
|   0  NVIDIA H100 80GB HBM3          On  |   00000000:18:00.0 Off |                    0 |
| N/A   47C    P0            629W /  700W |   78933MiB /  81559MiB |    100%      Default |
|                                         |                        |             Disabled |
+-----------------------------------------+------------------------+----------------------+
|   1  NVIDIA H100 80GB HBM3          On  |   00000000:2A:00.0 Off |                    0 |
| N/A   29C    P0            100W /  700W |       0MiB /  81559MiB |      0%      Default |
|                                         |                        |             Disabled |
+-----------------------------------------+------------------------+----------------------+
|   2  NVIDIA H100 80GB HBM3          On  |   00000000:3A:00.0 Off |                    0 |
| N/A   38C    P0            100W /  700W |       0MiB /  81559MiB |      0%      Default |
|                                         |                        |             Disabled |
+-----------------------------------------+------------------------+----------------------+
|   3  NVIDIA H100 80GB HBM3          On  |   00000000:5D:00.0 Off |                    0 |
| N/A   45C    P0            602W /  700W |   78933MiB /  81559MiB |    100%      Default |
|                                         |                        |             Disabled |
+-----------------------------------------+------------------------+----------------------+
|   4  NVIDIA H100 80GB HBM3          On  |   00000000:9A:00.0 Off |                    0 |
| N/A   25C    P0            144W /  700W |   79429MiB /  81559MiB |      0%      Default |
|                                         |                        |             Disabled |
+-----------------------------------------+------------------------+----------------------+
|   5  NVIDIA H100 80GB HBM3          On  |   00000000:AB:00.0 Off |                    0 |
| N/A   28C    P0            149W /  700W |   79429MiB /  81559MiB |      0%      Default |
|                                         |                        |             Disabled |
+-----------------------------------------+------------------------+----------------------+
|   6  NVIDIA H100 80GB HBM3          On  |   00000000:BA:00.0 Off |                    0 |
| N/A   81C    P0            578W /  700W |   78933MiB /  81559MiB |    100%      Default |
|                                         |                        |             Disabled |
+-----------------------------------------+------------------------+----------------------+
|   7  NVIDIA H100 80GB HBM3          On  |   00000000:DB:00.0 Off |                    0 |
| N/A   45C    P0            599W /  700W |   78933MiB /  81559MiB |    100%      Default |
|                                         |                        |             Disabled |
+-----------------------------------------+------------------------+----------------------+

+-----------------------------------------------------------------------------------------+
| Processes:                                                                              |
|  GPU   GI   CI              PID   Type   Process name                        GPU Memory |
|        ID   ID                                                               Usage      |
|=========================================================================================|
|  No running processes found                                                             |
+-----------------------------------------------------------------------------------------+

===== 2026-09-09T02:24:16Z pokprod-b93r39s2 (nvidia-gpu-operator/nvidia-dcgm-w2ww6) =====
Wed Sep  9 02:24:17 2026       
+-----------------------------------------------------------------------------------------+
| NVIDIA-SMI 580.105.08             Driver Version: 580.105.08     CUDA Version: 13.0     |
+-----------------------------------------+------------------------+----------------------+
| GPU  Name                 Persistence-M | Bus-Id          Disp.A | Volatile Uncorr. ECC |
| Fan  Temp   Perf          Pwr:Usage/Cap |           Memory-Usage | GPU-Util  Compute M. |
|                                         |                        |               MIG M. |
|=========================================+========================+======================|
|   0  NVIDIA H100 80GB HBM3          On  |   00000000:18:00.0 Off |                    0 |
| N/A   41C    P0            474W /  700W |   78933MiB /  81559MiB |    100%      Default |
|                                         |                        |             Disabled |
+-----------------------------------------+------------------------+----------------------+
|   1  NVIDIA H100 80GB HBM3          On  |   00000000:2A:00.0 Off |                    0 |
| N/A   29C    P0             99W /  700W |       0MiB /  81559MiB |      0%      Default |
|                                         |                        |             Disabled |
+-----------------------------------------+------------------------+----------------------+
|   2  NVIDIA H100 80GB HBM3          On  |   00000000:3A:00.0 Off |                    0 |
| N/A   37C    P0            100W /  700W |       0MiB /  81559MiB |      0%      Default |
|                                         |                        |             Disabled |
+-----------------------------------------+------------------------+----------------------+
|   3  NVIDIA H100 80GB HBM3          On  |   00000000:5D:00.0 Off |                    0 |
| N/A   40C    P0            466W /  700W |   78933MiB /  81559MiB |    100%      Default |
|                                         |                        |             Disabled |
+-----------------------------------------+------------------------+----------------------+
|   4  NVIDIA H100 80GB HBM3          On  |   00000000:9A:00.0 Off |                    0 |
| N/A   25C    P0            144W /  700W |   79429MiB /  81559MiB |      0%      Default |
|                                         |                        |             Disabled |
+-----------------------------------------+------------------------+----------------------+
|   5  NVIDIA H100 80GB HBM3          On  |   00000000:AB:00.0 Off |                    0 |
| N/A   28C    P0            149W /  700W |   79429MiB /  81559MiB |      0%      Default |
|                                         |                        |             Disabled |
+-----------------------------------------+------------------------+----------------------+
|   6  NVIDIA H100 80GB HBM3          On  |   00000000:BA:00.0 Off |                    0 |
| N/A   79C    P0            540W /  700W |   78933MiB /  81559MiB |    100%      Default |
|                                         |                        |             Disabled |
+-----------------------------------------+------------------------+----------------------+
|   7  NVIDIA H100 80GB HBM3          On  |   00000000:DB:00.0 Off |                    0 |
| N/A   41C    P0            472W /  700W |   78933MiB /  81559MiB |    100%      Default |
|                                         |                        |             Disabled |
+-----------------------------------------+------------------------+----------------------+

+-----------------------------------------------------------------------------------------+
| Processes:                                                                              |
|  GPU   GI   CI              PID   Type   Process name                        GPU Memory |
|        ID   ID                                                               Usage      |
|=========================================================================================|
|  No running processes found                                                             |
+-----------------------------------------------------------------------------------------+

===== 2026-09-09T02:24:28Z pokprod-b93r39s2 (nvidia-gpu-operator/nvidia-dcgm-w2ww6) =====
Wed Sep  9 02:24:30 2026       
+-----------------------------------------------------------------------------------------+
| NVIDIA-SMI 580.105.08             Driver Version: 580.105.08     CUDA Version: 13.0     |
+-----------------------------------------+------------------------+----------------------+
| GPU  Name                 Persistence-M | Bus-Id          Disp.A | Volatile Uncorr. ECC |
| Fan  Temp   Perf          Pwr:Usage/Cap |           Memory-Usage | GPU-Util  Compute M. |
|                                         |                        |               MIG M. |
|=========================================+========================+======================|
|   0  NVIDIA H100 80GB HBM3          On  |   00000000:18:00.0 Off |                    0 |
| N/A   52C    P0            690W /  700W |   78933MiB /  81559MiB |    100%      Default |
|                                         |                        |             Disabled |
+-----------------------------------------+------------------------+----------------------+
|   1  NVIDIA H100 80GB HBM3          On  |   00000000:2A:00.0 Off |                    0 |
| N/A   29C    P0             99W /  700W |       0MiB /  81559MiB |      0%      Default |
|                                         |                        |             Disabled |
+-----------------------------------------+------------------------+----------------------+
|   2  NVIDIA H100 80GB HBM3          On  |   00000000:3A:00.0 Off |                    0 |
| N/A   37C    P0            100W /  700W |       0MiB /  81559MiB |      0%      Default |
|                                         |                        |             Disabled |
+-----------------------------------------+------------------------+----------------------+
|   3  NVIDIA H100 80GB HBM3          On  |   00000000:5D:00.0 Off |                    0 |
| N/A   52C    P0            697W /  700W |   78933MiB /  81559MiB |    100%      Default |
|                                         |                        |             Disabled |
+-----------------------------------------+------------------------+----------------------+
|   4  NVIDIA H100 80GB HBM3          On  |   00000000:9A:00.0 Off |                    0 |
| N/A   25C    P0            144W /  700W |   79429MiB /  81559MiB |      0%      Default |
|                                         |                        |             Disabled |
+-----------------------------------------+------------------------+----------------------+
|   5  NVIDIA H100 80GB HBM3          On  |   00000000:AB:00.0 Off |                    0 |
| N/A   28C    P0            149W /  700W |   79429MiB /  81559MiB |      0%      Default |
|                                         |                        |             Disabled |
+-----------------------------------------+------------------------+----------------------+
|   6  NVIDIA H100 80GB HBM3          On  |   00000000:BA:00.0 Off |                    0 |
| N/A   84C    P0            685W /  700W |   78933MiB /  81559MiB |    100%      Default |
|                                         |                        |             Disabled |
+-----------------------------------------+------------------------+----------------------+
|   7  NVIDIA H100 80GB HBM3          On  |   00000000:DB:00.0 Off |                    0 |
| N/A   45C    P0            668W /  700W |   78933MiB /  81559MiB |    100%      Default |
|                                         |                        |             Disabled |
+-----------------------------------------+------------------------+----------------------+

+-----------------------------------------------------------------------------------------+
| Processes:                                                                              |
|  GPU   GI   CI              PID   Type   Process name                        GPU Memory |
|        ID   ID                                                               Usage      |
|=========================================================================================|
|  No running processes found                                                             |
+-----------------------------------------------------------------------------------------+

===== 2026-09-09T02:24:41Z pokprod-b93r39s2 (nvidia-gpu-operator/nvidia-dcgm-w2ww6) =====
Wed Sep  9 02:24:42 2026       
+-----------------------------------------------------------------------------------------+
| NVIDIA-SMI 580.105.08             Driver Version: 580.105.08     CUDA Version: 13.0     |
+-----------------------------------------+------------------------+----------------------+
| GPU  Name                 Persistence-M | Bus-Id          Disp.A | Volatile Uncorr. ECC |
| Fan  Temp   Perf          Pwr:Usage/Cap |           Memory-Usage | GPU-Util  Compute M. |
|                                         |                        |               MIG M. |
|=========================================+========================+======================|
|   0  NVIDIA H100 80GB HBM3          On  |   00000000:18:00.0 Off |                    0 |
| N/A   40C    P0            468W /  700W |   78933MiB /  81559MiB |    100%      Default |
|                                         |                        |             Disabled |
+-----------------------------------------+------------------------+----------------------+
|   1  NVIDIA H100 80GB HBM3          On  |   00000000:2A:00.0 Off |                    0 |
| N/A   28C    P0             99W /  700W |       0MiB /  81559MiB |      0%      Default |
|                                         |                        |             Disabled |
+-----------------------------------------+------------------------+----------------------+
|   2  NVIDIA H100 80GB HBM3          On  |   00000000:3A:00.0 Off |                    0 |
| N/A   37C    P0            100W /  700W |       0MiB /  81559MiB |      0%      Default |
|                                         |                        |             Disabled |
+-----------------------------------------+------------------------+----------------------+
|   3  NVIDIA H100 80GB HBM3          On  |   00000000:5D:00.0 Off |                    0 |
| N/A   39C    P0            457W /  700W |   78933MiB /  81559MiB |    100%      Default |
|                                         |                        |             Disabled |
+-----------------------------------------+------------------------+----------------------+
|   4  NVIDIA H100 80GB HBM3          On  |   00000000:9A:00.0 Off |                    0 |
| N/A   25C    P0            144W /  700W |   79429MiB /  81559MiB |      0%      Default |
|                                         |                        |             Disabled |
+-----------------------------------------+------------------------+----------------------+
|   5  NVIDIA H100 80GB HBM3          On  |   00000000:AB:00.0 Off |                    0 |
| N/A   28C    P0            149W /  700W |   79429MiB /  81559MiB |      0%      Default |
|                                         |                        |             Disabled |
+-----------------------------------------+------------------------+----------------------+
|   6  NVIDIA H100 80GB HBM3          On  |   00000000:BA:00.0 Off |                    0 |
| N/A   79C    P0            531W /  700W |   78933MiB /  81559MiB |    100%      Default |
|                                         |                        |             Disabled |
+-----------------------------------------+------------------------+----------------------+
|   7  NVIDIA H100 80GB HBM3          On  |   00000000:DB:00.0 Off |                    0 |
| N/A   40C    P0            468W /  700W |   78933MiB /  81559MiB |    100%      Default |
|                                         |                        |             Disabled |
+-----------------------------------------+------------------------+----------------------+

+-----------------------------------------------------------------------------------------+
| Processes:                                                                              |
|  GPU   GI   CI              PID   Type   Process name                        GPU Memory |
|        ID   ID                                                               Usage      |
|=========================================================================================|
|  No running processes found                                                             |
+-----------------------------------------------------------------------------------------+

===== 2026-09-09T02:24:54Z pokprod-b93r39s2 (nvidia-gpu-operator/nvidia-dcgm-w2ww6) =====
Wed Sep  9 02:24:55 2026       
+-----------------------------------------------------------------------------------------+
| NVIDIA-SMI 580.105.08             Driver Version: 580.105.08     CUDA Version: 13.0     |
+-----------------------------------------+------------------------+----------------------+
| GPU  Name                 Persistence-M | Bus-Id          Disp.A | Volatile Uncorr. ECC |
| Fan  Temp   Perf          Pwr:Usage/Cap |           Memory-Usage | GPU-Util  Compute M. |
|                                         |                        |               MIG M. |
|=========================================+========================+======================|
|   0  NVIDIA H100 80GB HBM3          On  |   00000000:18:00.0 Off |                    0 |
| N/A   55C    P0            685W /  700W |   78933MiB /  81559MiB |    100%      Default |
|                                         |                        |             Disabled |
+-----------------------------------------+------------------------+----------------------+
|   1  NVIDIA H100 80GB HBM3          On  |   00000000:2A:00.0 Off |                    0 |
| N/A   28C    P0             99W /  700W |       0MiB /  81559MiB |      0%      Default |
|                                         |                        |             Disabled |
+-----------------------------------------+------------------------+----------------------+
|   2  NVIDIA H100 80GB HBM3          On  |   00000000:3A:00.0 Off |                    0 |
| N/A   37C    P0            100W /  700W |       0MiB /  81559MiB |      0%      Default |
|                                         |                        |             Disabled |
+-----------------------------------------+------------------------+----------------------+
|   3  NVIDIA H100 80GB HBM3          On  |   00000000:5D:00.0 Off |                    0 |
| N/A   54C    P0            686W /  700W |   78933MiB /  81559MiB |    100%      Default |
|                                         |                        |             Disabled |
+-----------------------------------------+------------------------+----------------------+
|   4  NVIDIA H100 80GB HBM3          On  |   00000000:9A:00.0 Off |                    0 |
| N/A   25C    P0            144W /  700W |   79429MiB /  81559MiB |      0%      Default |
|                                         |                        |             Disabled |
+-----------------------------------------+------------------------+----------------------+
|   5  NVIDIA H100 80GB HBM3          On  |   00000000:AB:00.0 Off |                    0 |
| N/A   28C    P0            149W /  700W |   79429MiB /  81559MiB |      0%      Default |
|                                         |                        |             Disabled |
+-----------------------------------------+------------------------+----------------------+
|   6  NVIDIA H100 80GB HBM3          On  |   00000000:BA:00.0 Off |                    0 |
| N/A   87C    P0            617W /  700W |   78933MiB /  81559MiB |    100%      Default |
|                                         |                        |             Disabled |
+-----------------------------------------+------------------------+----------------------+
|   7  NVIDIA H100 80GB HBM3          On  |   00000000:DB:00.0 Off |                    0 |
| N/A   54C    P0            691W /  700W |   78933MiB /  81559MiB |    100%      Default |
|                                         |                        |             Disabled |
+-----------------------------------------+------------------------+----------------------+

+-----------------------------------------------------------------------------------------+
| Processes:                                                                              |
|  GPU   GI   CI              PID   Type   Process name                        GPU Memory |
|        ID   ID                                                               Usage      |
|=========================================================================================|
|  No running processes found                                                             |
+-----------------------------------------------------------------------------------------+

===== 2026-09-09T02:25:08Z pokprod-b93r39s2 (nvidia-gpu-operator/nvidia-dcgm-w2ww6) =====
Wed Sep  9 02:25:09 2026       
+-----------------------------------------------------------------------------------------+
| NVIDIA-SMI 580.105.08             Driver Version: 580.105.08     CUDA Version: 13.0     |
+-----------------------------------------+------------------------+----------------------+
| GPU  Name                 Persistence-M | Bus-Id          Disp.A | Volatile Uncorr. ECC |
| Fan  Temp   Perf          Pwr:Usage/Cap |           Memory-Usage | GPU-Util  Compute M. |
|                                         |                        |               MIG M. |
|=========================================+========================+======================|
|   0  NVIDIA H100 80GB HBM3          On  |   00000000:18:00.0 Off |                    0 |
| N/A   56C    P0            686W /  700W |   78933MiB /  81559MiB |    100%      Default |
|                                         |                        |             Disabled |
+-----------------------------------------+------------------------+----------------------+
|   1  NVIDIA H100 80GB HBM3          On  |   00000000:2A:00.0 Off |                    0 |
| N/A   29C    P0             99W /  700W |       0MiB /  81559MiB |      0%      Default |
|                                         |                        |             Disabled |
+-----------------------------------------+------------------------+----------------------+
|   2  NVIDIA H100 80GB HBM3          On  |   00000000:3A:00.0 Off |                    0 |
| N/A   37C    P0            100W /  700W |       0MiB /  81559MiB |      0%      Default |
|                                         |                        |             Disabled |
+-----------------------------------------+------------------------+----------------------+
|   3  NVIDIA H100 80GB HBM3          On  |   00000000:5D:00.0 Off |                    0 |
| N/A   54C    P0            692W /  700W |   78933MiB /  81559MiB |    100%      Default |
|                                         |                        |             Disabled |
+-----------------------------------------+------------------------+----------------------+
|   4  NVIDIA H100 80GB HBM3          On  |   00000000:9A:00.0 Off |                    0 |
| N/A   25C    P0            144W /  700W |   79429MiB /  81559MiB |      0%      Default |
|                                         |                        |             Disabled |
+-----------------------------------------+------------------------+----------------------+
|   5  NVIDIA H100 80GB HBM3          On  |   00000000:AB:00.0 Off |                    0 |
| N/A   28C    P0            149W /  700W |   79429MiB /  81559MiB |      0%      Default |
|                                         |                        |             Disabled |
+-----------------------------------------+------------------------+----------------------+
|   6  NVIDIA H100 80GB HBM3          On  |   00000000:BA:00.0 Off |                    0 |
| N/A   86C    P0            601W /  700W |   78933MiB /  81559MiB |    100%      Default |
|                                         |                        |             Disabled |
+-----------------------------------------+------------------------+----------------------+
|   7  NVIDIA H100 80GB HBM3          On  |   00000000:DB:00.0 Off |                    0 |
| N/A   53C    P0            689W /  700W |   78933MiB /  81559MiB |    100%      Default |
|                                         |                        |             Disabled |
+-----------------------------------------+------------------------+----------------------+

+-----------------------------------------------------------------------------------------+
| Processes:                                                                              |
|  GPU   GI   CI              PID   Type   Process name                        GPU Memory |
|        ID   ID                                                               Usage      |
|=========================================================================================|
|  No running processes found                                                             |
+-----------------------------------------------------------------------------------------+

===== 2026-09-09T02:25:20Z pokprod-b93r39s2 (nvidia-gpu-operator/nvidia-dcgm-w2ww6) =====
Wed Sep  9 02:25:22 2026       
+-----------------------------------------------------------------------------------------+
| NVIDIA-SMI 580.105.08             Driver Version: 580.105.08     CUDA Version: 13.0     |
+-----------------------------------------+------------------------+----------------------+
| GPU  Name                 Persistence-M | Bus-Id          Disp.A | Volatile Uncorr. ECC |
| Fan  Temp   Perf          Pwr:Usage/Cap |           Memory-Usage | GPU-Util  Compute M. |
|                                         |                        |               MIG M. |
|=========================================+========================+======================|
|   0  NVIDIA H100 80GB HBM3          On  |   00000000:18:00.0 Off |                    0 |
| N/A   56C    P0            677W /  700W |   78933MiB /  81559MiB |    100%      Default |
|                                         |                        |             Disabled |
+-----------------------------------------+------------------------+----------------------+
|   1  NVIDIA H100 80GB HBM3          On  |   00000000:2A:00.0 Off |                    0 |
| N/A   29C    P0            100W /  700W |       0MiB /  81559MiB |      0%      Default |
|                                         |                        |             Disabled |
+-----------------------------------------+------------------------+----------------------+
|   2  NVIDIA H100 80GB HBM3          On  |   00000000:3A:00.0 Off |                    0 |
| N/A   38C    P0            100W /  700W |       0MiB /  81559MiB |      0%      Default |
|                                         |                        |             Disabled |
+-----------------------------------------+------------------------+----------------------+
|   3  NVIDIA H100 80GB HBM3          On  |   00000000:5D:00.0 Off |                    0 |
| N/A   56C    P0            679W /  700W |   78933MiB /  81559MiB |    100%      Default |
|                                         |                        |             Disabled |
+-----------------------------------------+------------------------+----------------------+
|   4  NVIDIA H100 80GB HBM3          On  |   00000000:9A:00.0 Off |                    0 |
| N/A   25C    P0            144W /  700W |   79429MiB /  81559MiB |      0%      Default |
|                                         |                        |             Disabled |
+-----------------------------------------+------------------------+----------------------+
|   5  NVIDIA H100 80GB HBM3          On  |   00000000:AB:00.0 Off |                    0 |
| N/A   28C    P0            149W /  700W |   79429MiB /  81559MiB |      0%      Default |
|                                         |                        |             Disabled |
+-----------------------------------------+------------------------+----------------------+
|   6  NVIDIA H100 80GB HBM3          On  |   00000000:BA:00.0 Off |                    0 |
| N/A   86C    P0            620W /  700W |   78933MiB /  81559MiB |    100%      Default |
|                                         |                        |             Disabled |
+-----------------------------------------+------------------------+----------------------+
|   7  NVIDIA H100 80GB HBM3          On  |   00000000:DB:00.0 Off |                    0 |
| N/A   57C    P0            681W /  700W |   78933MiB /  81559MiB |    100%      Default |
|                                         |                        |             Disabled |
+-----------------------------------------+------------------------+----------------------+

+-----------------------------------------------------------------------------------------+
| Processes:                                                                              |
|  GPU   GI   CI              PID   Type   Process name                        GPU Memory |
|        ID   ID                                                               Usage      |
|=========================================================================================|
|  No running processes found                                                             |
+-----------------------------------------------------------------------------------------+

===== 2026-09-09T02:25:33Z pokprod-b93r39s2 (nvidia-gpu-operator/nvidia-dcgm-w2ww6) =====
Wed Sep  9 02:25:34 2026       
+-----------------------------------------------------------------------------------------+
| NVIDIA-SMI 580.105.08             Driver Version: 580.105.08     CUDA Version: 13.0     |
+-----------------------------------------+------------------------+----------------------+
| GPU  Name                 Persistence-M | Bus-Id          Disp.A | Volatile Uncorr. ECC |
| Fan  Temp   Perf          Pwr:Usage/Cap |           Memory-Usage | GPU-Util  Compute M. |
|                                         |                        |               MIG M. |
|=========================================+========================+======================|
|   0  NVIDIA H100 80GB HBM3          On  |   00000000:18:00.0 Off |                    0 |
| N/A   46C    P0            545W /  700W |   78933MiB /  81559MiB |    100%      Default |
|                                         |                        |             Disabled |
+-----------------------------------------+------------------------+----------------------+
|   1  NVIDIA H100 80GB HBM3          On  |   00000000:2A:00.0 Off |                    0 |
| N/A   29C    P0            100W /  700W |       0MiB /  81559MiB |      0%      Default |
|                                         |                        |             Disabled |
+-----------------------------------------+------------------------+----------------------+
|   2  NVIDIA H100 80GB HBM3          On  |   00000000:3A:00.0 Off |                    0 |
| N/A   38C    P0            100W /  700W |       0MiB /  81559MiB |      0%      Default |
|                                         |                        |             Disabled |
+-----------------------------------------+------------------------+----------------------+
|   3  NVIDIA H100 80GB HBM3          On  |   00000000:5D:00.0 Off |                    0 |
| N/A   45C    P0            536W /  700W |   78933MiB /  81559MiB |    100%      Default |
|                                         |                        |             Disabled |
+-----------------------------------------+------------------------+----------------------+
|   4  NVIDIA H100 80GB HBM3          On  |   00000000:9A:00.0 Off |                    0 |
| N/A   25C    P0            144W /  700W |   79429MiB /  81559MiB |      0%      Default |
|                                         |                        |             Disabled |
+-----------------------------------------+------------------------+----------------------+
|   5  NVIDIA H100 80GB HBM3          On  |   00000000:AB:00.0 Off |                    0 |
| N/A   28C    P0            149W /  700W |   79429MiB /  81559MiB |      0%      Default |
|                                         |                        |             Disabled |
+-----------------------------------------+------------------------+----------------------+
|   6  NVIDIA H100 80GB HBM3          On  |   00000000:BA:00.0 Off |                    0 |
| N/A   83C    P0            618W /  700W |   78933MiB /  81559MiB |    100%      Default |
|                                         |                        |             Disabled |
+-----------------------------------------+------------------------+----------------------+
|   7  NVIDIA H100 80GB HBM3          On  |   00000000:DB:00.0 Off |                    0 |
| N/A   46C    P0            540W /  700W |   78933MiB /  81559MiB |    100%      Default |
|                                         |                        |             Disabled |
+-----------------------------------------+------------------------+----------------------+

+-----------------------------------------------------------------------------------------+
| Processes:                                                                              |
|  GPU   GI   CI              PID   Type   Process name                        GPU Memory |
|        ID   ID                                                               Usage      |
|=========================================================================================|
|  No running processes found                                                             |
+-----------------------------------------------------------------------------------------+

===== 2026-09-09T02:25:46Z pokprod-b93r39s2 (nvidia-gpu-operator/nvidia-dcgm-w2ww6) =====
Wed Sep  9 02:25:47 2026       
+-----------------------------------------------------------------------------------------+
| NVIDIA-SMI 580.105.08             Driver Version: 580.105.08     CUDA Version: 13.0     |
+-----------------------------------------+------------------------+----------------------+
| GPU  Name                 Persistence-M | Bus-Id          Disp.A | Volatile Uncorr. ECC |
| Fan  Temp   Perf          Pwr:Usage/Cap |           Memory-Usage | GPU-Util  Compute M. |
|                                         |                        |               MIG M. |
|=========================================+========================+======================|
|   0  NVIDIA H100 80GB HBM3          On  |   00000000:18:00.0 Off |                    0 |
| N/A   42C    P0            496W /  700W |   78933MiB /  81559MiB |    100%      Default |
|                                         |                        |             Disabled |
+-----------------------------------------+------------------------+----------------------+
|   1  NVIDIA H100 80GB HBM3          On  |   00000000:2A:00.0 Off |                    0 |
| N/A   29C    P0            100W /  700W |       0MiB /  81559MiB |      0%      Default |
|                                         |                        |             Disabled |
+-----------------------------------------+------------------------+----------------------+
|   2  NVIDIA H100 80GB HBM3          On  |   00000000:3A:00.0 Off |                    0 |
| N/A   38C    P0            100W /  700W |       0MiB /  81559MiB |      0%      Default |
|                                         |                        |             Disabled |
+-----------------------------------------+------------------------+----------------------+
|   3  NVIDIA H100 80GB HBM3          On  |   00000000:5D:00.0 Off |                    0 |
| N/A   41C    P0            486W /  700W |   78933MiB /  81559MiB |    100%      Default |
|                                         |                        |             Disabled |
+-----------------------------------------+------------------------+----------------------+
|   4  NVIDIA H100 80GB HBM3          On  |   00000000:9A:00.0 Off |                    0 |
| N/A   25C    P0            144W /  700W |   79429MiB /  81559MiB |      0%      Default |
|                                         |                        |             Disabled |
+-----------------------------------------+------------------------+----------------------+
|   5  NVIDIA H100 80GB HBM3          On  |   00000000:AB:00.0 Off |                    0 |
| N/A   28C    P0            149W /  700W |   79429MiB /  81559MiB |      0%      Default |
|                                         |                        |             Disabled |
+-----------------------------------------+------------------------+----------------------+
|   6  NVIDIA H100 80GB HBM3          On  |   00000000:BA:00.0 Off |                    0 |
| N/A   80C    P0            553W /  700W |   78933MiB /  81559MiB |    100%      Default |
|                                         |                        |             Disabled |
+-----------------------------------------+------------------------+----------------------+
|   7  NVIDIA H100 80GB HBM3          On  |   00000000:DB:00.0 Off |                    0 |
| N/A   42C    P0            493W /  700W |   78933MiB /  81559MiB |    100%      Default |
|                                         |                        |             Disabled |
+-----------------------------------------+------------------------+----------------------+

+-----------------------------------------------------------------------------------------+
| Processes:                                                                              |
|  GPU   GI   CI              PID   Type   Process name                        GPU Memory |
|        ID   ID                                                               Usage      |
|=========================================================================================|
|  No running processes found                                                             |
+-----------------------------------------------------------------------------------------+

===== 2026-09-09T02:25:59Z pokprod-b93r39s2 (nvidia-gpu-operator/nvidia-dcgm-w2ww6) =====
Wed Sep  9 02:26:00 2026       
+-----------------------------------------------------------------------------------------+
| NVIDIA-SMI 580.105.08             Driver Version: 580.105.08     CUDA Version: 13.0     |
+-----------------------------------------+------------------------+----------------------+
| GPU  Name                 Persistence-M | Bus-Id          Disp.A | Volatile Uncorr. ECC |
| Fan  Temp   Perf          Pwr:Usage/Cap |           Memory-Usage | GPU-Util  Compute M. |
|                                         |                        |               MIG M. |
|=========================================+========================+======================|
|   0  NVIDIA H100 80GB HBM3          On  |   00000000:18:00.0 Off |                    0 |
| N/A   38C    P0            447W /  700W |   78933MiB /  81559MiB |    100%      Default |
|                                         |                        |             Disabled |
+-----------------------------------------+------------------------+----------------------+
|   1  NVIDIA H100 80GB HBM3          On  |   00000000:2A:00.0 Off |                    0 |
| N/A   28C    P0             99W /  700W |       0MiB /  81559MiB |      0%      Default |
|                                         |                        |             Disabled |
+-----------------------------------------+------------------------+----------------------+
|   2  NVIDIA H100 80GB HBM3          On  |   00000000:3A:00.0 Off |                    0 |
| N/A   37C    P0            100W /  700W |       0MiB /  81559MiB |      0%      Default |
|                                         |                        |             Disabled |
+-----------------------------------------+------------------------+----------------------+
|   3  NVIDIA H100 80GB HBM3          On  |   00000000:5D:00.0 Off |                    0 |
| N/A   37C    P0            457W /  700W |   78933MiB /  81559MiB |    100%      Default |
|                                         |                        |             Disabled |
+-----------------------------------------+------------------------+----------------------+
|   4  NVIDIA H100 80GB HBM3          On  |   00000000:9A:00.0 Off |                    0 |
| N/A   25C    P0            144W /  700W |   79429MiB /  81559MiB |      0%      Default |
|                                         |                        |             Disabled |
+-----------------------------------------+------------------------+----------------------+
|   5  NVIDIA H100 80GB HBM3          On  |   00000000:AB:00.0 Off |                    0 |
| N/A   29C    P0            149W /  700W |   79429MiB /  81559MiB |      0%      Default |
|                                         |                        |             Disabled |
+-----------------------------------------+------------------------+----------------------+
|   6  NVIDIA H100 80GB HBM3          On  |   00000000:BA:00.0 Off |                    0 |
| N/A   77C    P0            532W /  700W |   78933MiB /  81559MiB |    100%      Default |
|                                         |                        |             Disabled |
+-----------------------------------------+------------------------+----------------------+
|   7  NVIDIA H100 80GB HBM3          On  |   00000000:DB:00.0 Off |                    0 |
| N/A   39C    P0            470W /  700W |   78933MiB /  81559MiB |    100%      Default |
|                                         |                        |             Disabled |
+-----------------------------------------+------------------------+----------------------+

+-----------------------------------------------------------------------------------------+
| Processes:                                                                              |
|  GPU   GI   CI              PID   Type   Process name                        GPU Memory |
|        ID   ID                                                               Usage      |
|=========================================================================================|
|  No running processes found                                                             |
+-----------------------------------------------------------------------------------------+

===== 2026-09-09T02:26:12Z pokprod-b93r39s2 (nvidia-gpu-operator/nvidia-dcgm-w2ww6) =====
Wed Sep  9 02:26:13 2026       
+-----------------------------------------------------------------------------------------+
| NVIDIA-SMI 580.105.08             Driver Version: 580.105.08     CUDA Version: 13.0     |
+-----------------------------------------+------------------------+----------------------+
| GPU  Name                 Persistence-M | Bus-Id          Disp.A | Volatile Uncorr. ECC |
| Fan  Temp   Perf          Pwr:Usage/Cap |           Memory-Usage | GPU-Util  Compute M. |
|                                         |                        |               MIG M. |
|=========================================+========================+======================|
|   0  NVIDIA H100 80GB HBM3          On  |   00000000:18:00.0 Off |                    0 |
| N/A   39C    P0            472W /  700W |   78933MiB /  81559MiB |    100%      Default |
|                                         |                        |             Disabled |
+-----------------------------------------+------------------------+----------------------+
|   1  NVIDIA H100 80GB HBM3          On  |   00000000:2A:00.0 Off |                    0 |
| N/A   28C    P0             99W /  700W |       0MiB /  81559MiB |      0%      Default |
|                                         |                        |             Disabled |
+-----------------------------------------+------------------------+----------------------+
|   2  NVIDIA H100 80GB HBM3          On  |   00000000:3A:00.0 Off |                    0 |
| N/A   37C    P0            100W /  700W |       0MiB /  81559MiB |      0%      Default |
|                                         |                        |             Disabled |
+-----------------------------------------+------------------------+----------------------+
|   3  NVIDIA H100 80GB HBM3          On  |   00000000:5D:00.0 Off |                    0 |
| N/A   38C    P0            463W /  700W |   78933MiB /  81559MiB |    100%      Default |
|                                         |                        |             Disabled |
+-----------------------------------------+------------------------+----------------------+
|   4  NVIDIA H100 80GB HBM3          On  |   00000000:9A:00.0 Off |                    0 |
| N/A   25C    P0            144W /  700W |   79429MiB /  81559MiB |      0%      Default |
|                                         |                        |             Disabled |
+-----------------------------------------+------------------------+----------------------+
|   5  NVIDIA H100 80GB HBM3          On  |   00000000:AB:00.0 Off |                    0 |
| N/A   29C    P0            149W /  700W |   79429MiB /  81559MiB |      0%      Default |
|                                         |                        |             Disabled |
+-----------------------------------------+------------------------+----------------------+
|   6  NVIDIA H100 80GB HBM3          On  |   00000000:BA:00.0 Off |                    0 |
| N/A   78C    P0            538W /  700W |   78933MiB /  81559MiB |    100%      Default |
|                                         |                        |             Disabled |
+-----------------------------------------+------------------------+----------------------+
|   7  NVIDIA H100 80GB HBM3          On  |   00000000:DB:00.0 Off |                    0 |
| N/A   40C    P0            470W /  700W |   78933MiB /  81559MiB |    100%      Default |
|                                         |                        |             Disabled |
+-----------------------------------------+------------------------+----------------------+

+-----------------------------------------------------------------------------------------+
| Processes:                                                                              |
|  GPU   GI   CI              PID   Type   Process name                        GPU Memory |
|        ID   ID                                                               Usage      |
|=========================================================================================|
|  No running processes found                                                             |
+-----------------------------------------------------------------------------------------+

===== 2026-09-09T02:26:25Z pokprod-b93r39s2 (nvidia-gpu-operator/nvidia-dcgm-w2ww6) =====
Wed Sep  9 02:26:27 2026       
+-----------------------------------------------------------------------------------------+
| NVIDIA-SMI 580.105.08             Driver Version: 580.105.08     CUDA Version: 13.0     |
+-----------------------------------------+------------------------+----------------------+
| GPU  Name                 Persistence-M | Bus-Id          Disp.A | Volatile Uncorr. ECC |
| Fan  Temp   Perf          Pwr:Usage/Cap |           Memory-Usage | GPU-Util  Compute M. |
|                                         |                        |               MIG M. |
|=========================================+========================+======================|
|   0  NVIDIA H100 80GB HBM3          On  |   00000000:18:00.0 Off |                    0 |
| N/A   46C    P0            636W /  700W |   78933MiB /  81559MiB |    100%      Default |
|                                         |                        |             Disabled |
+-----------------------------------------+------------------------+----------------------+
|   1  NVIDIA H100 80GB HBM3          On  |   00000000:2A:00.0 Off |                    0 |
| N/A   28C    P0             99W /  700W |       0MiB /  81559MiB |      0%      Default |
|                                         |                        |             Disabled |
+-----------------------------------------+------------------------+----------------------+
|   2  NVIDIA H100 80GB HBM3          On  |   00000000:3A:00.0 Off |                    0 |
| N/A   37C    P0            100W /  700W |       0MiB /  81559MiB |      0%      Default |
|                                         |                        |             Disabled |
+-----------------------------------------+------------------------+----------------------+
|   3  NVIDIA H100 80GB HBM3          On  |   00000000:5D:00.0 Off |                    0 |
| N/A   45C    P0            638W /  700W |   78933MiB /  81559MiB |    100%      Default |
|                                         |                        |             Disabled |
+-----------------------------------------+------------------------+----------------------+
|   4  NVIDIA H100 80GB HBM3          On  |   00000000:9A:00.0 Off |                    0 |
| N/A   25C    P0            144W /  700W |   79429MiB /  81559MiB |      0%      Default |
|                                         |                        |             Disabled |
+-----------------------------------------+------------------------+----------------------+
|   5  NVIDIA H100 80GB HBM3          On  |   00000000:AB:00.0 Off |                    0 |
| N/A   28C    P0            149W /  700W |   79429MiB /  81559MiB |      0%      Default |
|                                         |                        |             Disabled |
+-----------------------------------------+------------------------+----------------------+
|   6  NVIDIA H100 80GB HBM3          On  |   00000000:BA:00.0 Off |                    0 |
| N/A   81C    P0            637W /  700W |   78933MiB /  81559MiB |    100%      Default |
|                                         |                        |             Disabled |
+-----------------------------------------+------------------------+----------------------+
|   7  NVIDIA H100 80GB HBM3          On  |   00000000:DB:00.0 Off |                    0 |
| N/A   44C    P0            602W /  700W |   78933MiB /  81559MiB |    100%      Default |
|                                         |                        |             Disabled |
+-----------------------------------------+------------------------+----------------------+

+-----------------------------------------------------------------------------------------+
| Processes:                                                                              |
|  GPU   GI   CI              PID   Type   Process name                        GPU Memory |
|        ID   ID                                                               Usage      |
|=========================================================================================|
|  No running processes found                                                             |
+-----------------------------------------------------------------------------------------+

===== 2026-09-09T02:26:38Z pokprod-b93r39s2 (nvidia-gpu-operator/nvidia-dcgm-w2ww6) =====
Wed Sep  9 02:26:39 2026       
+-----------------------------------------------------------------------------------------+
| NVIDIA-SMI 580.105.08             Driver Version: 580.105.08     CUDA Version: 13.0     |
+-----------------------------------------+------------------------+----------------------+
| GPU  Name                 Persistence-M | Bus-Id          Disp.A | Volatile Uncorr. ECC |
| Fan  Temp   Perf          Pwr:Usage/Cap |           Memory-Usage | GPU-Util  Compute M. |
|                                         |                        |               MIG M. |
|=========================================+========================+======================|
|   0  NVIDIA H100 80GB HBM3          On  |   00000000:18:00.0 Off |                    0 |
| N/A   42C    P0            500W /  700W |   78933MiB /  81559MiB |    100%      Default |
|                                         |                        |             Disabled |
+-----------------------------------------+------------------------+----------------------+
|   1  NVIDIA H100 80GB HBM3          On  |   00000000:2A:00.0 Off |                    0 |
| N/A   28C    P0             99W /  700W |       0MiB /  81559MiB |      0%      Default |
|                                         |                        |             Disabled |
+-----------------------------------------+------------------------+----------------------+
|   2  NVIDIA H100 80GB HBM3          On  |   00000000:3A:00.0 Off |                    0 |
| N/A   37C    P0            100W /  700W |       0MiB /  81559MiB |      0%      Default |
|                                         |                        |             Disabled |
+-----------------------------------------+------------------------+----------------------+
|   3  NVIDIA H100 80GB HBM3          On  |   00000000:5D:00.0 Off |                    0 |
| N/A   41C    P0            492W /  700W |   78933MiB /  81559MiB |    100%      Default |
|                                         |                        |             Disabled |
+-----------------------------------------+------------------------+----------------------+
|   4  NVIDIA H100 80GB HBM3          On  |   00000000:9A:00.0 Off |                    0 |
| N/A   25C    P0            144W /  700W |   79429MiB /  81559MiB |      0%      Default |
|                                         |                        |             Disabled |
+-----------------------------------------+------------------------+----------------------+
|   5  NVIDIA H100 80GB HBM3          On  |   00000000:AB:00.0 Off |                    0 |
| N/A   28C    P0            149W /  700W |   79429MiB /  81559MiB |      0%      Default |
|                                         |                        |             Disabled |
+-----------------------------------------+------------------------+----------------------+
|   6  NVIDIA H100 80GB HBM3          On  |   00000000:BA:00.0 Off |                    0 |
| N/A   79C    P0            549W /  700W |   78933MiB /  81559MiB |    100%      Default |
|                                         |                        |             Disabled |
+-----------------------------------------+------------------------+----------------------+
|   7  NVIDIA H100 80GB HBM3          On  |   00000000:DB:00.0 Off |                    0 |
| N/A   42C    P0            492W /  700W |   78933MiB /  81559MiB |    100%      Default |
|                                         |                        |             Disabled |
+-----------------------------------------+------------------------+----------------------+

+-----------------------------------------------------------------------------------------+
| Processes:                                                                              |
|  GPU   GI   CI              PID   Type   Process name                        GPU Memory |
|        ID   ID                                                               Usage      |
|=========================================================================================|
|  No running processes found                                                             |
+-----------------------------------------------------------------------------------------+

===== 2026-09-09T02:26:51Z pokprod-b93r39s2 (nvidia-gpu-operator/nvidia-dcgm-w2ww6) =====
Wed Sep  9 02:26:52 2026       
+-----------------------------------------------------------------------------------------+
| NVIDIA-SMI 580.105.08             Driver Version: 580.105.08     CUDA Version: 13.0     |
+-----------------------------------------+------------------------+----------------------+
| GPU  Name                 Persistence-M | Bus-Id          Disp.A | Volatile Uncorr. ECC |
| Fan  Temp   Perf          Pwr:Usage/Cap |           Memory-Usage | GPU-Util  Compute M. |
|                                         |                        |               MIG M. |
|=========================================+========================+======================|
|   0  NVIDIA H100 80GB HBM3          On  |   00000000:18:00.0 Off |                    0 |
| N/A   52C    P0            690W /  700W |   78933MiB /  81559MiB |    100%      Default |
|                                         |                        |             Disabled |
+-----------------------------------------+------------------------+----------------------+
|   1  NVIDIA H100 80GB HBM3          On  |   00000000:2A:00.0 Off |                    0 |
| N/A   28C    P0             99W /  700W |       0MiB /  81559MiB |      0%      Default |
|                                         |                        |             Disabled |
+-----------------------------------------+------------------------+----------------------+
|   2  NVIDIA H100 80GB HBM3          On  |   00000000:3A:00.0 Off |                    0 |
| N/A   37C    P0            100W /  700W |       0MiB /  81559MiB |      0%      Default |
|                                         |                        |             Disabled |
+-----------------------------------------+------------------------+----------------------+
|   3  NVIDIA H100 80GB HBM3          On  |   00000000:5D:00.0 Off |                    0 |
| N/A   52C    P0            680W /  700W |   78933MiB /  81559MiB |    100%      Default |
|                                         |                        |             Disabled |
+-----------------------------------------+------------------------+----------------------+
|   4  NVIDIA H100 80GB HBM3          On  |   00000000:9A:00.0 Off |                    0 |
| N/A   25C    P0            144W /  700W |   79429MiB /  81559MiB |      0%      Default |
|                                         |                        |             Disabled |
+-----------------------------------------+------------------------+----------------------+
|   5  NVIDIA H100 80GB HBM3          On  |   00000000:AB:00.0 Off |                    0 |
| N/A   28C    P0            149W /  700W |   79429MiB /  81559MiB |      0%      Default |
|                                         |                        |             Disabled |
+-----------------------------------------+------------------------+----------------------+
|   6  NVIDIA H100 80GB HBM3          On  |   00000000:BA:00.0 Off |                    0 |
| N/A   87C    P0            692W /  700W |   78933MiB /  81559MiB |    100%      Default |
|                                         |                        |             Disabled |
+-----------------------------------------+------------------------+----------------------+
|   7  NVIDIA H100 80GB HBM3          On  |   00000000:DB:00.0 Off |                    0 |
| N/A   50C    P0            694W /  700W |   78933MiB /  81559MiB |    100%      Default |
|                                         |                        |             Disabled |
+-----------------------------------------+------------------------+----------------------+

+-----------------------------------------------------------------------------------------+
| Processes:                                                                              |
|  GPU   GI   CI              PID   Type   Process name                        GPU Memory |
|        ID   ID                                                               Usage      |
|=========================================================================================|
|  No running processes found                                                             |
+-----------------------------------------------------------------------------------------+

===== 2026-09-09T02:27:04Z pokprod-b93r39s2 (nvidia-gpu-operator/nvidia-dcgm-w2ww6) =====
Wed Sep  9 02:27:05 2026       
+-----------------------------------------------------------------------------------------+
| NVIDIA-SMI 580.105.08             Driver Version: 580.105.08     CUDA Version: 13.0     |
+-----------------------------------------+------------------------+----------------------+
| GPU  Name                 Persistence-M | Bus-Id          Disp.A | Volatile Uncorr. ECC |
| Fan  Temp   Perf          Pwr:Usage/Cap |           Memory-Usage | GPU-Util  Compute M. |
|                                         |                        |               MIG M. |
|=========================================+========================+======================|
|   0  NVIDIA H100 80GB HBM3          On  |   00000000:18:00.0 Off |                    0 |
| N/A   40C    P0            467W /  700W |   78933MiB /  81559MiB |    100%      Default |
|                                         |                        |             Disabled |
+-----------------------------------------+------------------------+----------------------+
|   1  NVIDIA H100 80GB HBM3          On  |   00000000:2A:00.0 Off |                    0 |
| N/A   28C    P0             99W /  700W |       0MiB /  81559MiB |      0%      Default |
|                                         |                        |             Disabled |
+-----------------------------------------+------------------------+----------------------+
|   2  NVIDIA H100 80GB HBM3          On  |   00000000:3A:00.0 Off |                    0 |
| N/A   37C    P0            100W /  700W |       0MiB /  81559MiB |      0%      Default |
|                                         |                        |             Disabled |
+-----------------------------------------+------------------------+----------------------+
|   3  NVIDIA H100 80GB HBM3          On  |   00000000:5D:00.0 Off |                    0 |
| N/A   39C    P0            458W /  700W |   78933MiB /  81559MiB |    100%      Default |
|                                         |                        |             Disabled |
+-----------------------------------------+------------------------+----------------------+
|   4  NVIDIA H100 80GB HBM3          On  |   00000000:9A:00.0 Off |                    0 |
| N/A   25C    P0            144W /  700W |   79429MiB /  81559MiB |      0%      Default |
|                                         |                        |             Disabled |
+-----------------------------------------+------------------------+----------------------+
|   5  NVIDIA H100 80GB HBM3          On  |   00000000:AB:00.0 Off |                    0 |
| N/A   28C    P0            149W /  700W |   79429MiB /  81559MiB |      0%      Default |
|                                         |                        |             Disabled |
+-----------------------------------------+------------------------+----------------------+
|   6  NVIDIA H100 80GB HBM3          On  |   00000000:BA:00.0 Off |                    0 |
| N/A   78C    P0            532W /  700W |   78933MiB /  81559MiB |    100%      Default |
|                                         |                        |             Disabled |
+-----------------------------------------+------------------------+----------------------+
|   7  NVIDIA H100 80GB HBM3          On  |   00000000:DB:00.0 Off |                    0 |
| N/A   40C    P0            469W /  700W |   78933MiB /  81559MiB |    100%      Default |
|                                         |                        |             Disabled |
+-----------------------------------------+------------------------+----------------------+

+-----------------------------------------------------------------------------------------+
| Processes:                                                                              |
|  GPU   GI   CI              PID   Type   Process name                        GPU Memory |
|        ID   ID                                                               Usage      |
|=========================================================================================|
|  No running processes found                                                             |
+-----------------------------------------------------------------------------------------+

===== 2026-09-09T02:27:17Z pokprod-b93r39s2 (nvidia-gpu-operator/nvidia-dcgm-w2ww6) =====
Wed Sep  9 02:27:18 2026       
+-----------------------------------------------------------------------------------------+
| NVIDIA-SMI 580.105.08             Driver Version: 580.105.08     CUDA Version: 13.0     |
+-----------------------------------------+------------------------+----------------------+
| GPU  Name                 Persistence-M | Bus-Id          Disp.A | Volatile Uncorr. ECC |
| Fan  Temp   Perf          Pwr:Usage/Cap |           Memory-Usage | GPU-Util  Compute M. |
|                                         |                        |               MIG M. |
|=========================================+========================+======================|
|   0  NVIDIA H100 80GB HBM3          On  |   00000000:18:00.0 Off |                    0 |
| N/A   40C    P0            489W /  700W |   78933MiB /  81559MiB |    100%      Default |
|                                         |                        |             Disabled |
+-----------------------------------------+------------------------+----------------------+
|   1  NVIDIA H100 80GB HBM3          On  |   00000000:2A:00.0 Off |                    0 |
| N/A   28C    P0             99W /  700W |       0MiB /  81559MiB |      0%      Default |
|                                         |                        |             Disabled |
+-----------------------------------------+------------------------+----------------------+
|   2  NVIDIA H100 80GB HBM3          On  |   00000000:3A:00.0 Off |                    0 |
| N/A   37C    P0            100W /  700W |       0MiB /  81559MiB |      0%      Default |
|                                         |                        |             Disabled |
+-----------------------------------------+------------------------+----------------------+
|   3  NVIDIA H100 80GB HBM3          On  |   00000000:5D:00.0 Off |                    0 |
| N/A   39C    P0            475W /  700W |   78933MiB /  81559MiB |    100%      Default |
|                                         |                        |             Disabled |
+-----------------------------------------+------------------------+----------------------+
|   4  NVIDIA H100 80GB HBM3          On  |   00000000:9A:00.0 Off |                    0 |
| N/A   25C    P0            144W /  700W |   79429MiB /  81559MiB |      0%      Default |
|                                         |                        |             Disabled |
+-----------------------------------------+------------------------+----------------------+
|   5  NVIDIA H100 80GB HBM3          On  |   00000000:AB:00.0 Off |                    0 |
| N/A   28C    P0            149W /  700W |   79429MiB /  81559MiB |      0%      Default |
|                                         |                        |             Disabled |
+-----------------------------------------+------------------------+----------------------+
|   6  NVIDIA H100 80GB HBM3          On  |   00000000:BA:00.0 Off |                    0 |
| N/A   79C    P0            551W /  700W |   78933MiB /  81559MiB |    100%      Default |
|                                         |                        |             Disabled |
+-----------------------------------------+------------------------+----------------------+
|   7  NVIDIA H100 80GB HBM3          On  |   00000000:DB:00.0 Off |                    0 |
| N/A   40C    P0            482W /  700W |   78933MiB /  81559MiB |    100%      Default |
|                                         |                        |             Disabled |
+-----------------------------------------+------------------------+----------------------+

+-----------------------------------------------------------------------------------------+
| Processes:                                                                              |
|  GPU   GI   CI              PID   Type   Process name                        GPU Memory |
|        ID   ID                                                               Usage      |
|=========================================================================================|
|  No running processes found                                                             |
+-----------------------------------------------------------------------------------------+

===== 2026-09-09T02:27:30Z pokprod-b93r39s2 (nvidia-gpu-operator/nvidia-dcgm-w2ww6) =====
Wed Sep  9 02:27:31 2026       
+-----------------------------------------------------------------------------------------+
| NVIDIA-SMI 580.105.08             Driver Version: 580.105.08     CUDA Version: 13.0     |
+-----------------------------------------+------------------------+----------------------+
| GPU  Name                 Persistence-M | Bus-Id          Disp.A | Volatile Uncorr. ECC |
| Fan  Temp   Perf          Pwr:Usage/Cap |           Memory-Usage | GPU-Util  Compute M. |
|                                         |                        |               MIG M. |
|=========================================+========================+======================|
|   0  NVIDIA H100 80GB HBM3          On  |   00000000:18:00.0 Off |                    0 |
| N/A   40C    P0            471W /  700W |   78933MiB /  81559MiB |    100%      Default |
|                                         |                        |             Disabled |
+-----------------------------------------+------------------------+----------------------+
|   1  NVIDIA H100 80GB HBM3          On  |   00000000:2A:00.0 Off |                    0 |
| N/A   28C    P0             99W /  700W |       0MiB /  81559MiB |      0%      Default |
|                                         |                        |             Disabled |
+-----------------------------------------+------------------------+----------------------+
|   2  NVIDIA H100 80GB HBM3          On  |   00000000:3A:00.0 Off |                    0 |
| N/A   37C    P0            100W /  700W |       0MiB /  81559MiB |      0%      Default |
|                                         |                        |             Disabled |
+-----------------------------------------+------------------------+----------------------+
|   3  NVIDIA H100 80GB HBM3          On  |   00000000:5D:00.0 Off |                    0 |
| N/A   39C    P0            459W /  700W |   78933MiB /  81559MiB |    100%      Default |
|                                         |                        |             Disabled |
+-----------------------------------------+------------------------+----------------------+
|   4  NVIDIA H100 80GB HBM3          On  |   00000000:9A:00.0 Off |                    0 |
| N/A   25C    P0            144W /  700W |   79429MiB /  81559MiB |      0%      Default |
|                                         |                        |             Disabled |
+-----------------------------------------+------------------------+----------------------+
|   5  NVIDIA H100 80GB HBM3          On  |   00000000:AB:00.0 Off |                    0 |
| N/A   28C    P0            149W /  700W |   79429MiB /  81559MiB |      0%      Default |
|                                         |                        |             Disabled |
+-----------------------------------------+------------------------+----------------------+
|   6  NVIDIA H100 80GB HBM3          On  |   00000000:BA:00.0 Off |                    0 |
| N/A   79C    P0            534W /  700W |   78933MiB /  81559MiB |    100%      Default |
|                                         |                        |             Disabled |
+-----------------------------------------+------------------------+----------------------+
|   7  NVIDIA H100 80GB HBM3          On  |   00000000:DB:00.0 Off |                    0 |
| N/A   40C    P0            469W /  700W |   78933MiB /  81559MiB |    100%      Default |
|                                         |                        |             Disabled |
+-----------------------------------------+------------------------+----------------------+

+-----------------------------------------------------------------------------------------+
| Processes:                                                                              |
|  GPU   GI   CI              PID   Type   Process name                        GPU Memory |
|        ID   ID                                                               Usage      |
|=========================================================================================|
|  No running processes found                                                             |
+-----------------------------------------------------------------------------------------+

===== 2026-09-09T02:27:43Z pokprod-b93r39s2 (nvidia-gpu-operator/nvidia-dcgm-w2ww6) =====
Wed Sep  9 02:27:44 2026       
+-----------------------------------------------------------------------------------------+
| NVIDIA-SMI 580.105.08             Driver Version: 580.105.08     CUDA Version: 13.0     |
+-----------------------------------------+------------------------+----------------------+
| GPU  Name                 Persistence-M | Bus-Id          Disp.A | Volatile Uncorr. ECC |
| Fan  Temp   Perf          Pwr:Usage/Cap |           Memory-Usage | GPU-Util  Compute M. |
|                                         |                        |               MIG M. |
|=========================================+========================+======================|
|   0  NVIDIA H100 80GB HBM3          On  |   00000000:18:00.0 Off |                    0 |
| N/A   52C    P0            695W /  700W |   78933MiB /  81559MiB |    100%      Default |
|                                         |                        |             Disabled |
+-----------------------------------------+------------------------+----------------------+
|   1  NVIDIA H100 80GB HBM3          On  |   00000000:2A:00.0 Off |                    0 |
| N/A   29C    P0             99W /  700W |       0MiB /  81559MiB |      0%      Default |
|                                         |                        |             Disabled |
+-----------------------------------------+------------------------+----------------------+
|   2  NVIDIA H100 80GB HBM3          On  |   00000000:3A:00.0 Off |                    0 |
| N/A   37C    P0            100W /  700W |       0MiB /  81559MiB |      0%      Default |
|                                         |                        |             Disabled |
+-----------------------------------------+------------------------+----------------------+
|   3  NVIDIA H100 80GB HBM3          On  |   00000000:5D:00.0 Off |                    0 |
| N/A   54C    P0            696W /  700W |   78933MiB /  81559MiB |    100%      Default |
|                                         |                        |             Disabled |
+-----------------------------------------+------------------------+----------------------+
|   4  NVIDIA H100 80GB HBM3          On  |   00000000:9A:00.0 Off |                    0 |
| N/A   25C    P0            144W /  700W |   79429MiB /  81559MiB |      0%      Default |
|                                         |                        |             Disabled |
+-----------------------------------------+------------------------+----------------------+
|   5  NVIDIA H100 80GB HBM3          On  |   00000000:AB:00.0 Off |                    0 |
| N/A   28C    P0            149W /  700W |   79429MiB /  81559MiB |      0%      Default |
|                                         |                        |             Disabled |
+-----------------------------------------+------------------------+----------------------+
|   6  NVIDIA H100 80GB HBM3          On  |   00000000:BA:00.0 Off |                    0 |
| N/A   87C    P0            685W /  700W |   78933MiB /  81559MiB |    100%      Default |
|                                         |                        |             Disabled |
+-----------------------------------------+------------------------+----------------------+
|   7  NVIDIA H100 80GB HBM3          On  |   00000000:DB:00.0 Off |                    0 |
| N/A   53C    P0            690W /  700W |   78933MiB /  81559MiB |    100%      Default |
|                                         |                        |             Disabled |
+-----------------------------------------+------------------------+----------------------+

+-----------------------------------------------------------------------------------------+
| Processes:                                                                              |
|  GPU   GI   CI              PID   Type   Process name                        GPU Memory |
|        ID   ID                                                               Usage      |
|=========================================================================================|
|  No running processes found                                                             |
+-----------------------------------------------------------------------------------------+

===== 2026-09-09T02:27:56Z pokprod-b93r39s2 (nvidia-gpu-operator/nvidia-dcgm-w2ww6) =====
Wed Sep  9 02:27:57 2026       
+-----------------------------------------------------------------------------------------+
| NVIDIA-SMI 580.105.08             Driver Version: 580.105.08     CUDA Version: 13.0     |
+-----------------------------------------+------------------------+----------------------+
| GPU  Name                 Persistence-M | Bus-Id          Disp.A | Volatile Uncorr. ECC |
| Fan  Temp   Perf          Pwr:Usage/Cap |           Memory-Usage | GPU-Util  Compute M. |
|                                         |                        |               MIG M. |
|=========================================+========================+======================|
|   0  NVIDIA H100 80GB HBM3          On  |   00000000:18:00.0 Off |                    0 |
| N/A   43C    P0            502W /  700W |   78933MiB /  81559MiB |    100%      Default |
|                                         |                        |             Disabled |
+-----------------------------------------+------------------------+----------------------+
|   1  NVIDIA H100 80GB HBM3          On  |   00000000:2A:00.0 Off |                    0 |
| N/A   29C    P0             99W /  700W |       0MiB /  81559MiB |      0%      Default |
|                                         |                        |             Disabled |
+-----------------------------------------+------------------------+----------------------+
|   2  NVIDIA H100 80GB HBM3          On  |   00000000:3A:00.0 Off |                    0 |
| N/A   37C    P0            100W /  700W |       0MiB /  81559MiB |      0%      Default |
|                                         |                        |             Disabled |
+-----------------------------------------+------------------------+----------------------+
|   3  NVIDIA H100 80GB HBM3          On  |   00000000:5D:00.0 Off |                    0 |
| N/A   41C    P0            491W /  700W |   78933MiB /  81559MiB |    100%      Default |
|                                         |                        |             Disabled |
+-----------------------------------------+------------------------+----------------------+
|   4  NVIDIA H100 80GB HBM3          On  |   00000000:9A:00.0 Off |                    0 |
| N/A   25C    P0            144W /  700W |   79429MiB /  81559MiB |      0%      Default |
|                                         |                        |             Disabled |
+-----------------------------------------+------------------------+----------------------+
|   5  NVIDIA H100 80GB HBM3          On  |   00000000:AB:00.0 Off |                    0 |
| N/A   28C    P0            149W /  700W |   79429MiB /  81559MiB |      0%      Default |
|                                         |                        |             Disabled |
+-----------------------------------------+------------------------+----------------------+
|   6  NVIDIA H100 80GB HBM3          On  |   00000000:BA:00.0 Off |                    0 |
| N/A   80C    P0            564W /  700W |   78933MiB /  81559MiB |    100%      Default |
|                                         |                        |             Disabled |
+-----------------------------------------+------------------------+----------------------+
|   7  NVIDIA H100 80GB HBM3          On  |   00000000:DB:00.0 Off |                    0 |
| N/A   42C    P0            500W /  700W |   78933MiB /  81559MiB |    100%      Default |
|                                         |                        |             Disabled |
+-----------------------------------------+------------------------+----------------------+

+-----------------------------------------------------------------------------------------+
| Processes:                                                                              |
|  GPU   GI   CI              PID   Type   Process name                        GPU Memory |
|        ID   ID                                                               Usage      |
|=========================================================================================|
|  No running processes found                                                             |
+-----------------------------------------------------------------------------------------+

===== 2026-09-09T02:28:09Z pokprod-b93r39s2 (nvidia-gpu-operator/nvidia-dcgm-w2ww6) =====
Wed Sep  9 02:28:10 2026       
+-----------------------------------------------------------------------------------------+
| NVIDIA-SMI 580.105.08             Driver Version: 580.105.08     CUDA Version: 13.0     |
+-----------------------------------------+------------------------+----------------------+
| GPU  Name                 Persistence-M | Bus-Id          Disp.A | Volatile Uncorr. ECC |
| Fan  Temp   Perf          Pwr:Usage/Cap |           Memory-Usage | GPU-Util  Compute M. |
|                                         |                        |               MIG M. |
|=========================================+========================+======================|
|   0  NVIDIA H100 80GB HBM3          On  |   00000000:18:00.0 Off |                    0 |
| N/A   31C    P0            148W /  700W |   78933MiB /  81559MiB |      0%      Default |
|                                         |                        |             Disabled |
+-----------------------------------------+------------------------+----------------------+
|   1  NVIDIA H100 80GB HBM3          On  |   00000000:2A:00.0 Off |                    0 |
| N/A   29C    P0             99W /  700W |       0MiB /  81559MiB |      0%      Default |
|                                         |                        |             Disabled |
+-----------------------------------------+------------------------+----------------------+
|   2  NVIDIA H100 80GB HBM3          On  |   00000000:3A:00.0 Off |                    0 |
| N/A   37C    P0            100W /  700W |       0MiB /  81559MiB |      0%      Default |
|                                         |                        |             Disabled |
+-----------------------------------------+------------------------+----------------------+
|   3  NVIDIA H100 80GB HBM3          On  |   00000000:5D:00.0 Off |                    0 |
| N/A   30C    P0            145W /  700W |   78933MiB /  81559MiB |      0%      Default |
|                                         |                        |             Disabled |
+-----------------------------------------+------------------------+----------------------+
|   4  NVIDIA H100 80GB HBM3          On  |   00000000:9A:00.0 Off |                    0 |
| N/A   25C    P0            144W /  700W |   79429MiB /  81559MiB |      0%      Default |
|                                         |                        |             Disabled |
+-----------------------------------------+------------------------+----------------------+
|   5  NVIDIA H100 80GB HBM3          On  |   00000000:AB:00.0 Off |                    0 |
| N/A   28C    P0            149W /  700W |   79429MiB /  81559MiB |      0%      Default |
|                                         |                        |             Disabled |
+-----------------------------------------+------------------------+----------------------+
|   6  NVIDIA H100 80GB HBM3          On  |   00000000:BA:00.0 Off |                    0 |
| N/A   72C    P0            196W /  700W |   78933MiB /  81559MiB |      0%      Default |
|                                         |                        |             Disabled |
+-----------------------------------------+------------------------+----------------------+
|   7  NVIDIA H100 80GB HBM3          On  |   00000000:DB:00.0 Off |                    0 |
| N/A   32C    P0            151W /  700W |   78933MiB /  81559MiB |      0%      Default |
|                                         |                        |             Disabled |
+-----------------------------------------+------------------------+----------------------+

+-----------------------------------------------------------------------------------------+
| Processes:                                                                              |
|  GPU   GI   CI              PID   Type   Process name                        GPU Memory |
|        ID   ID                                                               Usage      |
|=========================================================================================|
|  No running processes found                                                             |
+-----------------------------------------------------------------------------------------+

===== 2026-09-09T02:28:21Z pokprod-b93r39s2 (nvidia-gpu-operator/nvidia-dcgm-w2ww6) =====
Wed Sep  9 02:28:23 2026       
+-----------------------------------------------------------------------------------------+
| NVIDIA-SMI 580.105.08             Driver Version: 580.105.08     CUDA Version: 13.0     |
+-----------------------------------------+------------------------+----------------------+
| GPU  Name                 Persistence-M | Bus-Id          Disp.A | Volatile Uncorr. ECC |
| Fan  Temp   Perf          Pwr:Usage/Cap |           Memory-Usage | GPU-Util  Compute M. |
|                                         |                        |               MIG M. |
|=========================================+========================+======================|
|   0  NVIDIA H100 80GB HBM3          On  |   00000000:18:00.0 Off |                    0 |
| N/A   48C    P0            692W /  700W |   78933MiB /  81559MiB |    100%      Default |
|                                         |                        |             Disabled |
+-----------------------------------------+------------------------+----------------------+
|   1  NVIDIA H100 80GB HBM3          On  |   00000000:2A:00.0 Off |                    0 |
| N/A   28C    P0             99W /  700W |       0MiB /  81559MiB |      0%      Default |
|                                         |                        |             Disabled |
+-----------------------------------------+------------------------+----------------------+
|   2  NVIDIA H100 80GB HBM3          On  |   00000000:3A:00.0 Off |                    0 |
| N/A   36C    P0            100W /  700W |       0MiB /  81559MiB |      0%      Default |
|                                         |                        |             Disabled |
+-----------------------------------------+------------------------+----------------------+
|   3  NVIDIA H100 80GB HBM3          On  |   00000000:5D:00.0 Off |                    0 |
| N/A   49C    P0            694W /  700W |   78933MiB /  81559MiB |    100%      Default |
|                                         |                        |             Disabled |
+-----------------------------------------+------------------------+----------------------+
|   4  NVIDIA H100 80GB HBM3          On  |   00000000:9A:00.0 Off |                    0 |
| N/A   25C    P0            144W /  700W |   79429MiB /  81559MiB |      0%      Default |
|                                         |                        |             Disabled |
+-----------------------------------------+------------------------+----------------------+
|   5  NVIDIA H100 80GB HBM3          On  |   00000000:AB:00.0 Off |                    0 |
| N/A   28C    P0            149W /  700W |   79429MiB /  81559MiB |      0%      Default |
|                                         |                        |             Disabled |
+-----------------------------------------+------------------------+----------------------+
|   6  NVIDIA H100 80GB HBM3          On  |   00000000:BA:00.0 Off |                    0 |
| N/A   81C    P0            680W /  700W |   78933MiB /  81559MiB |    100%      Default |
|                                         |                        |             Disabled |
+-----------------------------------------+------------------------+----------------------+
|   7  NVIDIA H100 80GB HBM3          On  |   00000000:DB:00.0 Off |                    0 |
| N/A   49C    P0            687W /  700W |   78933MiB /  81559MiB |    100%      Default |
|                                         |                        |             Disabled |
+-----------------------------------------+------------------------+----------------------+

+-----------------------------------------------------------------------------------------+
| Processes:                                                                              |
|  GPU   GI   CI              PID   Type   Process name                        GPU Memory |
|        ID   ID                                                               Usage      |
|=========================================================================================|
|  No running processes found                                                             |
+-----------------------------------------------------------------------------------------+

===== 2026-09-09T02:28:34Z pokprod-b93r39s2 (nvidia-gpu-operator/nvidia-dcgm-w2ww6) =====
Wed Sep  9 02:28:35 2026       
+-----------------------------------------------------------------------------------------+
| NVIDIA-SMI 580.105.08             Driver Version: 580.105.08     CUDA Version: 13.0     |
+-----------------------------------------+------------------------+----------------------+
| GPU  Name                 Persistence-M | Bus-Id          Disp.A | Volatile Uncorr. ECC |
| Fan  Temp   Perf          Pwr:Usage/Cap |           Memory-Usage | GPU-Util  Compute M. |
|                                         |                        |               MIG M. |
|=========================================+========================+======================|
|   0  NVIDIA H100 80GB HBM3          On  |   00000000:18:00.0 Off |                    0 |
| N/A   54C    P0            706W /  700W |   78933MiB /  81559MiB |    100%      Default |
|                                         |                        |             Disabled |
+-----------------------------------------+------------------------+----------------------+
|   1  NVIDIA H100 80GB HBM3          On  |   00000000:2A:00.0 Off |                    0 |
| N/A   27C    P0             99W /  700W |       0MiB /  81559MiB |      0%      Default |
|                                         |                        |             Disabled |
+-----------------------------------------+------------------------+----------------------+
|   2  NVIDIA H100 80GB HBM3          On  |   00000000:3A:00.0 Off |                    0 |
| N/A   36C    P0            100W /  700W |       0MiB /  81559MiB |      0%      Default |
|                                         |                        |             Disabled |
+-----------------------------------------+------------------------+----------------------+
|   3  NVIDIA H100 80GB HBM3          On  |   00000000:5D:00.0 Off |                    0 |
| N/A   54C    P0            706W /  700W |   78933MiB /  81559MiB |    100%      Default |
|                                         |                        |             Disabled |
+-----------------------------------------+------------------------+----------------------+
|   4  NVIDIA H100 80GB HBM3          On  |   00000000:9A:00.0 Off |                    0 |
| N/A   25C    P0            144W /  700W |   79429MiB /  81559MiB |      0%      Default |
|                                         |                        |             Disabled |
+-----------------------------------------+------------------------+----------------------+
|   5  NVIDIA H100 80GB HBM3          On  |   00000000:AB:00.0 Off |                    0 |
| N/A   28C    P0            149W /  700W |   79429MiB /  81559MiB |      0%      Default |
|                                         |                        |             Disabled |
+-----------------------------------------+------------------------+----------------------+
|   6  NVIDIA H100 80GB HBM3          On  |   00000000:BA:00.0 Off |                    0 |
| N/A   86C    P0            630W /  700W |   78933MiB /  81559MiB |    100%      Default |
|                                         |                        |             Disabled |
+-----------------------------------------+------------------------+----------------------+
|   7  NVIDIA H100 80GB HBM3          On  |   00000000:DB:00.0 Off |                    0 |
| N/A   54C    P0            692W /  700W |   78933MiB /  81559MiB |    100%      Default |
|                                         |                        |             Disabled |
+-----------------------------------------+------------------------+----------------------+

+-----------------------------------------------------------------------------------------+
| Processes:                                                                              |
|  GPU   GI   CI              PID   Type   Process name                        GPU Memory |
|        ID   ID                                                               Usage      |
|=========================================================================================|
|  No running processes found                                                             |
+-----------------------------------------------------------------------------------------+

===== 2026-09-09T02:28:47Z pokprod-b93r39s2 (nvidia-gpu-operator/nvidia-dcgm-w2ww6) =====
Wed Sep  9 02:28:48 2026       
+-----------------------------------------------------------------------------------------+
| NVIDIA-SMI 580.105.08             Driver Version: 580.105.08     CUDA Version: 13.0     |
+-----------------------------------------+------------------------+----------------------+
| GPU  Name                 Persistence-M | Bus-Id          Disp.A | Volatile Uncorr. ECC |
| Fan  Temp   Perf          Pwr:Usage/Cap |           Memory-Usage | GPU-Util  Compute M. |
|                                         |                        |               MIG M. |
|=========================================+========================+======================|
|   0  NVIDIA H100 80GB HBM3          On  |   00000000:18:00.0 Off |                    0 |
| N/A   42C    P0            491W /  700W |   78933MiB /  81559MiB |    100%      Default |
|                                         |                        |             Disabled |
+-----------------------------------------+------------------------+----------------------+
|   1  NVIDIA H100 80GB HBM3          On  |   00000000:2A:00.0 Off |                    0 |
| N/A   28C    P0             99W /  700W |       0MiB /  81559MiB |      0%      Default |
|                                         |                        |             Disabled |
+-----------------------------------------+------------------------+----------------------+
|   2  NVIDIA H100 80GB HBM3          On  |   00000000:3A:00.0 Off |                    0 |
| N/A   37C    P0            100W /  700W |       0MiB /  81559MiB |      0%      Default |
|                                         |                        |             Disabled |
+-----------------------------------------+------------------------+----------------------+
|   3  NVIDIA H100 80GB HBM3          On  |   00000000:5D:00.0 Off |                    0 |
| N/A   41C    P0            481W /  700W |   78933MiB /  81559MiB |    100%      Default |
|                                         |                        |             Disabled |
+-----------------------------------------+------------------------+----------------------+
|   4  NVIDIA H100 80GB HBM3          On  |   00000000:9A:00.0 Off |                    0 |
| N/A   25C    P0            144W /  700W |   79429MiB /  81559MiB |      0%      Default |
|                                         |                        |             Disabled |
+-----------------------------------------+------------------------+----------------------+
|   5  NVIDIA H100 80GB HBM3          On  |   00000000:AB:00.0 Off |                    0 |
| N/A   28C    P0            149W /  700W |   79429MiB /  81559MiB |      0%      Default |
|                                         |                        |             Disabled |
+-----------------------------------------+------------------------+----------------------+
|   6  NVIDIA H100 80GB HBM3          On  |   00000000:BA:00.0 Off |                    0 |
| N/A   80C    P0            567W /  700W |   78933MiB /  81559MiB |    100%      Default |
|                                         |                        |             Disabled |
+-----------------------------------------+------------------------+----------------------+
|   7  NVIDIA H100 80GB HBM3          On  |   00000000:DB:00.0 Off |                    0 |
| N/A   42C    P0            496W /  700W |   78933MiB /  81559MiB |    100%      Default |
|                                         |                        |             Disabled |
+-----------------------------------------+------------------------+----------------------+

+-----------------------------------------------------------------------------------------+
| Processes:                                                                              |
|  GPU   GI   CI              PID   Type   Process name                        GPU Memory |
|        ID   ID                                                               Usage      |
|=========================================================================================|
|  No running processes found                                                             |
+-----------------------------------------------------------------------------------------+

===== 2026-09-09T02:29:01Z pokprod-b93r39s2 (nvidia-gpu-operator/nvidia-dcgm-w2ww6) =====
Wed Sep  9 02:29:02 2026       
+-----------------------------------------------------------------------------------------+
| NVIDIA-SMI 580.105.08             Driver Version: 580.105.08     CUDA Version: 13.0     |
+-----------------------------------------+------------------------+----------------------+
| GPU  Name                 Persistence-M | Bus-Id          Disp.A | Volatile Uncorr. ECC |
| Fan  Temp   Perf          Pwr:Usage/Cap |           Memory-Usage | GPU-Util  Compute M. |
|                                         |                        |               MIG M. |
|=========================================+========================+======================|
|   0  NVIDIA H100 80GB HBM3          On  |   00000000:18:00.0 Off |                    0 |
| N/A   40C    P0            473W /  700W |   78933MiB /  81559MiB |    100%      Default |
|                                         |                        |             Disabled |
+-----------------------------------------+------------------------+----------------------+
|   1  NVIDIA H100 80GB HBM3          On  |   00000000:2A:00.0 Off |                    0 |
| N/A   28C    P0             99W /  700W |       0MiB /  81559MiB |      0%      Default |
|                                         |                        |             Disabled |
+-----------------------------------------+------------------------+----------------------+
|   2  NVIDIA H100 80GB HBM3          On  |   00000000:3A:00.0 Off |                    0 |
| N/A   37C    P0            100W /  700W |       0MiB /  81559MiB |      0%      Default |
|                                         |                        |             Disabled |
+-----------------------------------------+------------------------+----------------------+
|   3  NVIDIA H100 80GB HBM3          On  |   00000000:5D:00.0 Off |                    0 |
| N/A   39C    P0            463W /  700W |   78933MiB /  81559MiB |    100%      Default |
|                                         |                        |             Disabled |
+-----------------------------------------+------------------------+----------------------+
|   4  NVIDIA H100 80GB HBM3          On  |   00000000:9A:00.0 Off |                    0 |
| N/A   25C    P0            144W /  700W |   79429MiB /  81559MiB |      0%      Default |
|                                         |                        |             Disabled |
+-----------------------------------------+------------------------+----------------------+
|   5  NVIDIA H100 80GB HBM3          On  |   00000000:AB:00.0 Off |                    0 |
| N/A   29C    P0            149W /  700W |   79429MiB /  81559MiB |      0%      Default |
|                                         |                        |             Disabled |
+-----------------------------------------+------------------------+----------------------+
|   6  NVIDIA H100 80GB HBM3          On  |   00000000:BA:00.0 Off |                    0 |
| N/A   79C    P0            539W /  700W |   78933MiB /  81559MiB |    100%      Default |
|                                         |                        |             Disabled |
+-----------------------------------------+------------------------+----------------------+
|   7  NVIDIA H100 80GB HBM3          On  |   00000000:DB:00.0 Off |                    0 |
| N/A   40C    P0            471W /  700W |   78933MiB /  81559MiB |    100%      Default |
|                                         |                        |             Disabled |
+-----------------------------------------+------------------------+----------------------+

+-----------------------------------------------------------------------------------------+
| Processes:                                                                              |
|  GPU   GI   CI              PID   Type   Process name                        GPU Memory |
|        ID   ID                                                               Usage      |
|=========================================================================================|
|  No running processes found                                                             |
+-----------------------------------------------------------------------------------------+

===== 2026-09-09T02:29:13Z pokprod-b93r39s2 (nvidia-gpu-operator/nvidia-dcgm-w2ww6) =====
Wed Sep  9 02:29:15 2026       
+-----------------------------------------------------------------------------------------+
| NVIDIA-SMI 580.105.08             Driver Version: 580.105.08     CUDA Version: 13.0     |
+-----------------------------------------+------------------------+----------------------+
| GPU  Name                 Persistence-M | Bus-Id          Disp.A | Volatile Uncorr. ECC |
| Fan  Temp   Perf          Pwr:Usage/Cap |           Memory-Usage | GPU-Util  Compute M. |
|                                         |                        |               MIG M. |
|=========================================+========================+======================|
|   0  NVIDIA H100 80GB HBM3          On  |   00000000:18:00.0 Off |                    0 |
| N/A   41C    P0            487W /  700W |   78933MiB /  81559MiB |    100%      Default |
|                                         |                        |             Disabled |
+-----------------------------------------+------------------------+----------------------+
|   1  NVIDIA H100 80GB HBM3          On  |   00000000:2A:00.0 Off |                    0 |
| N/A   28C    P0             99W /  700W |       0MiB /  81559MiB |      0%      Default |
|                                         |                        |             Disabled |
+-----------------------------------------+------------------------+----------------------+
|   2  NVIDIA H100 80GB HBM3          On  |   00000000:3A:00.0 Off |                    0 |
| N/A   37C    P0            100W /  700W |       0MiB /  81559MiB |      0%      Default |
|                                         |                        |             Disabled |
+-----------------------------------------+------------------------+----------------------+
|   3  NVIDIA H100 80GB HBM3          On  |   00000000:5D:00.0 Off |                    0 |
| N/A   40C    P0            478W /  700W |   78933MiB /  81559MiB |    100%      Default |
|                                         |                        |             Disabled |
+-----------------------------------------+------------------------+----------------------+
|   4  NVIDIA H100 80GB HBM3          On  |   00000000:9A:00.0 Off |                    0 |
| N/A   25C    P0            144W /  700W |   79429MiB /  81559MiB |      0%      Default |
|                                         |                        |             Disabled |
+-----------------------------------------+------------------------+----------------------+
|   5  NVIDIA H100 80GB HBM3          On  |   00000000:AB:00.0 Off |                    0 |
| N/A   28C    P0            149W /  700W |   79429MiB /  81559MiB |      0%      Default |
|                                         |                        |             Disabled |
+-----------------------------------------+------------------------+----------------------+
|   6  NVIDIA H100 80GB HBM3          On  |   00000000:BA:00.0 Off |                    0 |
| N/A   80C    P0            552W /  700W |   78933MiB /  81559MiB |    100%      Default |
|                                         |                        |             Disabled |
+-----------------------------------------+------------------------+----------------------+
|   7  NVIDIA H100 80GB HBM3          On  |   00000000:DB:00.0 Off |                    0 |
| N/A   41C    P0            485W /  700W |   78933MiB /  81559MiB |    100%      Default |
|                                         |                        |             Disabled |
+-----------------------------------------+------------------------+----------------------+

+-----------------------------------------------------------------------------------------+
| Processes:                                                                              |
|  GPU   GI   CI              PID   Type   Process name                        GPU Memory |
|        ID   ID                                                               Usage      |
|=========================================================================================|
|  No running processes found                                                             |
+-----------------------------------------------------------------------------------------+

===== 2026-09-09T02:29:26Z pokprod-b93r39s2 (nvidia-gpu-operator/nvidia-dcgm-w2ww6) =====
Wed Sep  9 02:29:27 2026       
+-----------------------------------------------------------------------------------------+
| NVIDIA-SMI 580.105.08             Driver Version: 580.105.08     CUDA Version: 13.0     |
+-----------------------------------------+------------------------+----------------------+
| GPU  Name                 Persistence-M | Bus-Id          Disp.A | Volatile Uncorr. ECC |
| Fan  Temp   Perf          Pwr:Usage/Cap |           Memory-Usage | GPU-Util  Compute M. |
|                                         |                        |               MIG M. |
|=========================================+========================+======================|
|   0  NVIDIA H100 80GB HBM3          On  |   00000000:18:00.0 Off |                    0 |
| N/A   54C    P0            679W /  700W |   78933MiB /  81559MiB |    100%      Default |
|                                         |                        |             Disabled |
+-----------------------------------------+------------------------+----------------------+
|   1  NVIDIA H100 80GB HBM3          On  |   00000000:2A:00.0 Off |                    0 |
| N/A   28C    P0             99W /  700W |       0MiB /  81559MiB |      0%      Default |
|                                         |                        |             Disabled |
+-----------------------------------------+------------------------+----------------------+
|   2  NVIDIA H100 80GB HBM3          On  |   00000000:3A:00.0 Off |                    0 |
| N/A   37C    P0            100W /  700W |       0MiB /  81559MiB |      0%      Default |
|                                         |                        |             Disabled |
+-----------------------------------------+------------------------+----------------------+
|   3  NVIDIA H100 80GB HBM3          On  |   00000000:5D:00.0 Off |                    0 |
| N/A   52C    P0            676W /  700W |   78933MiB /  81559MiB |    100%      Default |
|                                         |                        |             Disabled |
+-----------------------------------------+------------------------+----------------------+
|   4  NVIDIA H100 80GB HBM3          On  |   00000000:9A:00.0 Off |                    0 |
| N/A   25C    P0            144W /  700W |   79429MiB /  81559MiB |      0%      Default |
|                                         |                        |             Disabled |
+-----------------------------------------+------------------------+----------------------+
|   5  NVIDIA H100 80GB HBM3          On  |   00000000:AB:00.0 Off |                    0 |
| N/A   28C    P0            149W /  700W |   79429MiB /  81559MiB |      0%      Default |
|                                         |                        |             Disabled |
+-----------------------------------------+------------------------+----------------------+
|   6  NVIDIA H100 80GB HBM3          On  |   00000000:BA:00.0 Off |                    0 |
| N/A   86C    P0            626W /  700W |   78933MiB /  81559MiB |    100%      Default |
|                                         |                        |             Disabled |
+-----------------------------------------+------------------------+----------------------+
|   7  NVIDIA H100 80GB HBM3          On  |   00000000:DB:00.0 Off |                    0 |
| N/A   53C    P0            683W /  700W |   78933MiB /  81559MiB |    100%      Default |
|                                         |                        |             Disabled |
+-----------------------------------------+------------------------+----------------------+

+-----------------------------------------------------------------------------------------+
| Processes:                                                                              |
|  GPU   GI   CI              PID   Type   Process name                        GPU Memory |
|        ID   ID                                                               Usage      |
|=========================================================================================|
|  No running processes found                                                             |
+-----------------------------------------------------------------------------------------+

===== 2026-09-09T02:29:39Z pokprod-b93r39s2 (nvidia-gpu-operator/nvidia-dcgm-w2ww6) =====
Wed Sep  9 02:29:40 2026       
+-----------------------------------------------------------------------------------------+
| NVIDIA-SMI 580.105.08             Driver Version: 580.105.08     CUDA Version: 13.0     |
+-----------------------------------------+------------------------+----------------------+
| GPU  Name                 Persistence-M | Bus-Id          Disp.A | Volatile Uncorr. ECC |
| Fan  Temp   Perf          Pwr:Usage/Cap |           Memory-Usage | GPU-Util  Compute M. |
|                                         |                        |               MIG M. |
|=========================================+========================+======================|
|   0  NVIDIA H100 80GB HBM3          On  |   00000000:18:00.0 Off |                    0 |
| N/A   54C    P0            681W /  700W |   78933MiB /  81559MiB |    100%      Default |
|                                         |                        |             Disabled |
+-----------------------------------------+------------------------+----------------------+
|   1  NVIDIA H100 80GB HBM3          On  |   00000000:2A:00.0 Off |                    0 |
| N/A   29C    P0             99W /  700W |       0MiB /  81559MiB |      0%      Default |
|                                         |                        |             Disabled |
+-----------------------------------------+------------------------+----------------------+
|   2  NVIDIA H100 80GB HBM3          On  |   00000000:3A:00.0 Off |                    0 |
| N/A   37C    P0            100W /  700W |       0MiB /  81559MiB |      0%      Default |
|                                         |                        |             Disabled |
+-----------------------------------------+------------------------+----------------------+
|   3  NVIDIA H100 80GB HBM3          On  |   00000000:5D:00.0 Off |                    0 |
| N/A   54C    P0            678W /  700W |   78933MiB /  81559MiB |    100%      Default |
|                                         |                        |             Disabled |
+-----------------------------------------+------------------------+----------------------+
|   4  NVIDIA H100 80GB HBM3          On  |   00000000:9A:00.0 Off |                    0 |
| N/A   25C    P0            144W /  700W |   79429MiB /  81559MiB |      0%      Default |
|                                         |                        |             Disabled |
+-----------------------------------------+------------------------+----------------------+
|   5  NVIDIA H100 80GB HBM3          On  |   00000000:AB:00.0 Off |                    0 |
| N/A   28C    P0            149W /  700W |   79429MiB /  81559MiB |      0%      Default |
|                                         |                        |             Disabled |
+-----------------------------------------+------------------------+----------------------+
|   6  NVIDIA H100 80GB HBM3          On  |   00000000:BA:00.0 Off |                    0 |
| N/A   87C    P0            630W /  700W |   78933MiB /  81559MiB |    100%      Default |
|                                         |                        |             Disabled |
+-----------------------------------------+------------------------+----------------------+
|   7  NVIDIA H100 80GB HBM3          On  |   00000000:DB:00.0 Off |                    0 |
| N/A   56C    P0            674W /  700W |   78933MiB /  81559MiB |    100%      Default |
|                                         |                        |             Disabled |
+-----------------------------------------+------------------------+----------------------+

+-----------------------------------------------------------------------------------------+
| Processes:                                                                              |
|  GPU   GI   CI              PID   Type   Process name                        GPU Memory |
|        ID   ID                                                               Usage      |
|=========================================================================================|
|  No running processes found                                                             |
+-----------------------------------------------------------------------------------------+

===== 2026-09-09T02:29:52Z pokprod-b93r39s2 (nvidia-gpu-operator/nvidia-dcgm-w2ww6) =====
Wed Sep  9 02:29:53 2026       
+-----------------------------------------------------------------------------------------+
| NVIDIA-SMI 580.105.08             Driver Version: 580.105.08     CUDA Version: 13.0     |
+-----------------------------------------+------------------------+----------------------+
| GPU  Name                 Persistence-M | Bus-Id          Disp.A | Volatile Uncorr. ECC |
| Fan  Temp   Perf          Pwr:Usage/Cap |           Memory-Usage | GPU-Util  Compute M. |
|                                         |                        |               MIG M. |
|=========================================+========================+======================|
|   0  NVIDIA H100 80GB HBM3          On  |   00000000:18:00.0 Off |                    0 |
| N/A   56C    P0            699W /  700W |   78933MiB /  81559MiB |    100%      Default |
|                                         |                        |             Disabled |
+-----------------------------------------+------------------------+----------------------+
|   1  NVIDIA H100 80GB HBM3          On  |   00000000:2A:00.0 Off |                    0 |
| N/A   29C    P0            100W /  700W |       0MiB /  81559MiB |      0%      Default |
|                                         |                        |             Disabled |
+-----------------------------------------+------------------------+----------------------+
|   2  NVIDIA H100 80GB HBM3          On  |   00000000:3A:00.0 Off |                    0 |
| N/A   37C    P0            100W /  700W |       0MiB /  81559MiB |      0%      Default |
|                                         |                        |             Disabled |
+-----------------------------------------+------------------------+----------------------+
|   3  NVIDIA H100 80GB HBM3          On  |   00000000:5D:00.0 Off |                    0 |
| N/A   56C    P0            693W /  700W |   78933MiB /  81559MiB |    100%      Default |
|                                         |                        |             Disabled |
+-----------------------------------------+------------------------+----------------------+
|   4  NVIDIA H100 80GB HBM3          On  |   00000000:9A:00.0 Off |                    0 |
| N/A   25C    P0            144W /  700W |   79429MiB /  81559MiB |      0%      Default |
|                                         |                        |             Disabled |
+-----------------------------------------+------------------------+----------------------+
|   5  NVIDIA H100 80GB HBM3          On  |   00000000:AB:00.0 Off |                    0 |
| N/A   28C    P0            149W /  700W |   79429MiB /  81559MiB |      0%      Default |
|                                         |                        |             Disabled |
+-----------------------------------------+------------------------+----------------------+
|   6  NVIDIA H100 80GB HBM3          On  |   00000000:BA:00.0 Off |                    0 |
| N/A   87C    P0            601W /  700W |   78933MiB /  81559MiB |    100%      Default |
|                                         |                        |             Disabled |
+-----------------------------------------+------------------------+----------------------+
|   7  NVIDIA H100 80GB HBM3          On  |   00000000:DB:00.0 Off |                    0 |
| N/A   56C    P0            695W /  700W |   78933MiB /  81559MiB |    100%      Default |
|                                         |                        |             Disabled |
+-----------------------------------------+------------------------+----------------------+

+-----------------------------------------------------------------------------------------+
| Processes:                                                                              |
|  GPU   GI   CI              PID   Type   Process name                        GPU Memory |
|        ID   ID                                                               Usage      |
|=========================================================================================|
|  No running processes found                                                             |
+-----------------------------------------------------------------------------------------+

===== 2026-09-09T02:30:05Z pokprod-b93r39s2 (nvidia-gpu-operator/nvidia-dcgm-w2ww6) =====
Wed Sep  9 02:30:06 2026       
+-----------------------------------------------------------------------------------------+
| NVIDIA-SMI 580.105.08             Driver Version: 580.105.08     CUDA Version: 13.0     |
+-----------------------------------------+------------------------+----------------------+
| GPU  Name                 Persistence-M | Bus-Id          Disp.A | Volatile Uncorr. ECC |
| Fan  Temp   Perf          Pwr:Usage/Cap |           Memory-Usage | GPU-Util  Compute M. |
|                                         |                        |               MIG M. |
|=========================================+========================+======================|
|   0  NVIDIA H100 80GB HBM3          On  |   00000000:18:00.0 Off |                    0 |
| N/A   45C    P0            505W /  700W |   78933MiB /  81559MiB |    100%      Default |
|                                         |                        |             Disabled |
+-----------------------------------------+------------------------+----------------------+
|   1  NVIDIA H100 80GB HBM3          On  |   00000000:2A:00.0 Off |                    0 |
| N/A   29C    P0            100W /  700W |       0MiB /  81559MiB |      0%      Default |
|                                         |                        |             Disabled |
+-----------------------------------------+------------------------+----------------------+
|   2  NVIDIA H100 80GB HBM3          On  |   00000000:3A:00.0 Off |                    0 |
| N/A   38C    P0            100W /  700W |       0MiB /  81559MiB |      0%      Default |
|                                         |                        |             Disabled |
+-----------------------------------------+------------------------+----------------------+
|   3  NVIDIA H100 80GB HBM3          On  |   00000000:5D:00.0 Off |                    0 |
| N/A   44C    P0            498W /  700W |   78933MiB /  81559MiB |    100%      Default |
|                                         |                        |             Disabled |
+-----------------------------------------+------------------------+----------------------+
|   4  NVIDIA H100 80GB HBM3          On  |   00000000:9A:00.0 Off |                    0 |
| N/A   25C    P0            144W /  700W |   79429MiB /  81559MiB |      0%      Default |
|                                         |                        |             Disabled |
+-----------------------------------------+------------------------+----------------------+
|   5  NVIDIA H100 80GB HBM3          On  |   00000000:AB:00.0 Off |                    0 |
| N/A   28C    P0            149W /  700W |   79429MiB /  81559MiB |      0%      Default |
|                                         |                        |             Disabled |
+-----------------------------------------+------------------------+----------------------+
|   6  NVIDIA H100 80GB HBM3          On  |   00000000:BA:00.0 Off |                    0 |
| N/A   81C    P0            579W /  700W |   78933MiB /  81559MiB |    100%      Default |
|                                         |                        |             Disabled |
+-----------------------------------------+------------------------+----------------------+
|   7  NVIDIA H100 80GB HBM3          On  |   00000000:DB:00.0 Off |                    0 |
| N/A   45C    P0            511W /  700W |   78933MiB /  81559MiB |    100%      Default |
|                                         |                        |             Disabled |
+-----------------------------------------+------------------------+----------------------+

+-----------------------------------------------------------------------------------------+
| Processes:                                                                              |
|  GPU   GI   CI              PID   Type   Process name                        GPU Memory |
|        ID   ID                                                               Usage      |
|=========================================================================================|
|  No running processes found                                                             |
+-----------------------------------------------------------------------------------------+

===== 2026-09-09T02:30:18Z pokprod-b93r39s2 (nvidia-gpu-operator/nvidia-dcgm-w2ww6) =====
Wed Sep  9 02:30:19 2026       
+-----------------------------------------------------------------------------------------+
| NVIDIA-SMI 580.105.08             Driver Version: 580.105.08     CUDA Version: 13.0     |
+-----------------------------------------+------------------------+----------------------+
| GPU  Name                 Persistence-M | Bus-Id          Disp.A | Volatile Uncorr. ECC |
| Fan  Temp   Perf          Pwr:Usage/Cap |           Memory-Usage | GPU-Util  Compute M. |
|                                         |                        |               MIG M. |
|=========================================+========================+======================|
|   0  NVIDIA H100 80GB HBM3          On  |   00000000:18:00.0 Off |                    0 |
| N/A   58C    P0            689W /  700W |   78933MiB /  81559MiB |    100%      Default |
|                                         |                        |             Disabled |
+-----------------------------------------+------------------------+----------------------+
|   1  NVIDIA H100 80GB HBM3          On  |   00000000:2A:00.0 Off |                    0 |
| N/A   29C    P0            100W /  700W |       0MiB /  81559MiB |      0%      Default |
|                                         |                        |             Disabled |
+-----------------------------------------+------------------------+----------------------+
|   2  NVIDIA H100 80GB HBM3          On  |   00000000:3A:00.0 Off |                    0 |
| N/A   38C    P0            100W /  700W |       0MiB /  81559MiB |      0%      Default |
|                                         |                        |             Disabled |
+-----------------------------------------+------------------------+----------------------+
|   3  NVIDIA H100 80GB HBM3          On  |   00000000:5D:00.0 Off |                    0 |
| N/A   55C    P0            684W /  700W |   78933MiB /  81559MiB |    100%      Default |
|                                         |                        |             Disabled |
+-----------------------------------------+------------------------+----------------------+
|   4  NVIDIA H100 80GB HBM3          On  |   00000000:9A:00.0 Off |                    0 |
| N/A   25C    P0            144W /  700W |   79429MiB /  81559MiB |      0%      Default |
|                                         |                        |             Disabled |
+-----------------------------------------+------------------------+----------------------+
|   5  NVIDIA H100 80GB HBM3          On  |   00000000:AB:00.0 Off |                    0 |
| N/A   28C    P0            149W /  700W |   79429MiB /  81559MiB |      0%      Default |
|                                         |                        |             Disabled |
+-----------------------------------------+------------------------+----------------------+
|   6  NVIDIA H100 80GB HBM3          On  |   00000000:BA:00.0 Off |                    0 |
| N/A   87C    P0            588W /  700W |   78933MiB /  81559MiB |    100%      Default |
|                                         |                        |             Disabled |
+-----------------------------------------+------------------------+----------------------+
|   7  NVIDIA H100 80GB HBM3          On  |   00000000:DB:00.0 Off |                    0 |
| N/A   56C    P0            690W /  700W |   78933MiB /  81559MiB |    100%      Default |
|                                         |                        |             Disabled |
+-----------------------------------------+------------------------+----------------------+

+-----------------------------------------------------------------------------------------+
| Processes:                                                                              |
|  GPU   GI   CI              PID   Type   Process name                        GPU Memory |
|        ID   ID                                                               Usage      |
|=========================================================================================|
|  No running processes found                                                             |
+-----------------------------------------------------------------------------------------+

===== 2026-09-09T02:30:31Z pokprod-b93r39s2 (nvidia-gpu-operator/nvidia-dcgm-w2ww6) =====
Wed Sep  9 02:30:32 2026       
+-----------------------------------------------------------------------------------------+
| NVIDIA-SMI 580.105.08             Driver Version: 580.105.08     CUDA Version: 13.0     |
+-----------------------------------------+------------------------+----------------------+
| GPU  Name                 Persistence-M | Bus-Id          Disp.A | Volatile Uncorr. ECC |
| Fan  Temp   Perf          Pwr:Usage/Cap |           Memory-Usage | GPU-Util  Compute M. |
|                                         |                        |               MIG M. |
|=========================================+========================+======================|
|   0  NVIDIA H100 80GB HBM3          On  |   00000000:18:00.0 Off |                    0 |
| N/A   43C    P0            510W /  700W |   78933MiB /  81559MiB |    100%      Default |
|                                         |                        |             Disabled |
+-----------------------------------------+------------------------+----------------------+
|   1  NVIDIA H100 80GB HBM3          On  |   00000000:2A:00.0 Off |                    0 |
| N/A   29C    P0            100W /  700W |       0MiB /  81559MiB |      0%      Default |
|                                         |                        |             Disabled |
+-----------------------------------------+------------------------+----------------------+
|   2  NVIDIA H100 80GB HBM3          On  |   00000000:3A:00.0 Off |                    0 |
| N/A   38C    P0            100W /  700W |       0MiB /  81559MiB |      0%      Default |
|                                         |                        |             Disabled |
+-----------------------------------------+------------------------+----------------------+
|   3  NVIDIA H100 80GB HBM3          On  |   00000000:5D:00.0 Off |                    0 |
| N/A   41C    P0            488W /  700W |   78933MiB /  81559MiB |    100%      Default |
|                                         |                        |             Disabled |
+-----------------------------------------+------------------------+----------------------+
|   4  NVIDIA H100 80GB HBM3          On  |   00000000:9A:00.0 Off |                    0 |
| N/A   25C    P0            144W /  700W |   79429MiB /  81559MiB |      0%      Default |
|                                         |                        |             Disabled |
+-----------------------------------------+------------------------+----------------------+
|   5  NVIDIA H100 80GB HBM3          On  |   00000000:AB:00.0 Off |                    0 |
| N/A   28C    P0            149W /  700W |   79429MiB /  81559MiB |      0%      Default |
|                                         |                        |             Disabled |
+-----------------------------------------+------------------------+----------------------+
|   6  NVIDIA H100 80GB HBM3          On  |   00000000:BA:00.0 Off |                    0 |
| N/A   80C    P0            556W /  700W |   78933MiB /  81559MiB |    100%      Default |
|                                         |                        |             Disabled |
+-----------------------------------------+------------------------+----------------------+
|   7  NVIDIA H100 80GB HBM3          On  |   00000000:DB:00.0 Off |                    0 |
| N/A   43C    P0            497W /  700W |   78933MiB /  81559MiB |    100%      Default |
|                                         |                        |             Disabled |
+-----------------------------------------+------------------------+----------------------+

+-----------------------------------------------------------------------------------------+
| Processes:                                                                              |
|  GPU   GI   CI              PID   Type   Process name                        GPU Memory |
|        ID   ID                                                               Usage      |
|=========================================================================================|
|  No running processes found                                                             |
+-----------------------------------------------------------------------------------------+

===== 2026-09-09T02:30:44Z pokprod-b93r39s2 (nvidia-gpu-operator/nvidia-dcgm-w2ww6) =====
Wed Sep  9 02:30:45 2026       
+-----------------------------------------------------------------------------------------+
| NVIDIA-SMI 580.105.08             Driver Version: 580.105.08     CUDA Version: 13.0     |
+-----------------------------------------+------------------------+----------------------+
| GPU  Name                 Persistence-M | Bus-Id          Disp.A | Volatile Uncorr. ECC |
| Fan  Temp   Perf          Pwr:Usage/Cap |           Memory-Usage | GPU-Util  Compute M. |
|                                         |                        |               MIG M. |
|=========================================+========================+======================|
|   0  NVIDIA H100 80GB HBM3          On  |   00000000:18:00.0 Off |                    0 |
| N/A   55C    P0            660W /  700W |   78933MiB /  81559MiB |    100%      Default |
|                                         |                        |             Disabled |
+-----------------------------------------+------------------------+----------------------+
|   1  NVIDIA H100 80GB HBM3          On  |   00000000:2A:00.0 Off |                    0 |
| N/A   29C    P0            100W /  700W |       0MiB /  81559MiB |      0%      Default |
|                                         |                        |             Disabled |
+-----------------------------------------+------------------------+----------------------+
|   2  NVIDIA H100 80GB HBM3          On  |   00000000:3A:00.0 Off |                    0 |
| N/A   38C    P0            100W /  700W |       0MiB /  81559MiB |      0%      Default |
|                                         |                        |             Disabled |
+-----------------------------------------+------------------------+----------------------+
|   3  NVIDIA H100 80GB HBM3          On  |   00000000:5D:00.0 Off |                    0 |
| N/A   54C    P0            650W /  700W |   78933MiB /  81559MiB |    100%      Default |
|                                         |                        |             Disabled |
+-----------------------------------------+------------------------+----------------------+
|   4  NVIDIA H100 80GB HBM3          On  |   00000000:9A:00.0 Off |                    0 |
| N/A   25C    P0            144W /  700W |   79429MiB /  81559MiB |      0%      Default |
|                                         |                        |             Disabled |
+-----------------------------------------+------------------------+----------------------+
|   5  NVIDIA H100 80GB HBM3          On  |   00000000:AB:00.0 Off |                    0 |
| N/A   28C    P0            149W /  700W |   79429MiB /  81559MiB |      0%      Default |
|                                         |                        |             Disabled |
+-----------------------------------------+------------------------+----------------------+
|   6  NVIDIA H100 80GB HBM3          On  |   00000000:BA:00.0 Off |                    0 |
| N/A   84C    P0            571W /  700W |   78933MiB /  81559MiB |    100%      Default |
|                                         |                        |             Disabled |
+-----------------------------------------+------------------------+----------------------+
|   7  NVIDIA H100 80GB HBM3          On  |   00000000:DB:00.0 Off |                    0 |
| N/A   55C    P0            657W /  700W |   78933MiB /  81559MiB |    100%      Default |
|                                         |                        |             Disabled |
+-----------------------------------------+------------------------+----------------------+

+-----------------------------------------------------------------------------------------+
| Processes:                                                                              |
|  GPU   GI   CI              PID   Type   Process name                        GPU Memory |
|        ID   ID                                                               Usage      |
|=========================================================================================|
|  No running processes found                                                             |
+-----------------------------------------------------------------------------------------+

===== 2026-09-09T02:30:57Z pokprod-b93r39s2 (nvidia-gpu-operator/nvidia-dcgm-w2ww6) =====
Wed Sep  9 02:30:58 2026       
+-----------------------------------------------------------------------------------------+
| NVIDIA-SMI 580.105.08             Driver Version: 580.105.08     CUDA Version: 13.0     |
+-----------------------------------------+------------------------+----------------------+
| GPU  Name                 Persistence-M | Bus-Id          Disp.A | Volatile Uncorr. ECC |
| Fan  Temp   Perf          Pwr:Usage/Cap |           Memory-Usage | GPU-Util  Compute M. |
|                                         |                        |               MIG M. |
|=========================================+========================+======================|
|   0  NVIDIA H100 80GB HBM3          On  |   00000000:18:00.0 Off |                    0 |
| N/A   55C    P0            682W /  700W |   78933MiB /  81559MiB |    100%      Default |
|                                         |                        |             Disabled |
+-----------------------------------------+------------------------+----------------------+
|   1  NVIDIA H100 80GB HBM3          On  |   00000000:2A:00.0 Off |                    0 |
| N/A   29C    P0            100W /  700W |       0MiB /  81559MiB |      0%      Default |
|                                         |                        |             Disabled |
+-----------------------------------------+------------------------+----------------------+
|   2  NVIDIA H100 80GB HBM3          On  |   00000000:3A:00.0 Off |                    0 |
| N/A   38C    P0            100W /  700W |       0MiB /  81559MiB |      0%      Default |
|                                         |                        |             Disabled |
+-----------------------------------------+------------------------+----------------------+
|   3  NVIDIA H100 80GB HBM3          On  |   00000000:5D:00.0 Off |                    0 |
| N/A   53C    P0            672W /  700W |   78933MiB /  81559MiB |    100%      Default |
|                                         |                        |             Disabled |
+-----------------------------------------+------------------------+----------------------+
|   4  NVIDIA H100 80GB HBM3          On  |   00000000:9A:00.0 Off |                    0 |
| N/A   25C    P0            144W /  700W |   79429MiB /  81559MiB |      0%      Default |
|                                         |                        |             Disabled |
+-----------------------------------------+------------------------+----------------------+
|   5  NVIDIA H100 80GB HBM3          On  |   00000000:AB:00.0 Off |                    0 |
| N/A   29C    P0            149W /  700W |   79429MiB /  81559MiB |      0%      Default |
|                                         |                        |             Disabled |
+-----------------------------------------+------------------------+----------------------+
|   6  NVIDIA H100 80GB HBM3          On  |   00000000:BA:00.0 Off |                    0 |
| N/A   85C    P0            601W /  700W |   78933MiB /  81559MiB |    100%      Default |
|                                         |                        |             Disabled |
+-----------------------------------------+------------------------+----------------------+
|   7  NVIDIA H100 80GB HBM3          On  |   00000000:DB:00.0 Off |                    0 |
| N/A   57C    P0            675W /  700W |   78933MiB /  81559MiB |    100%      Default |
|                                         |                        |             Disabled |
+-----------------------------------------+------------------------+----------------------+

+-----------------------------------------------------------------------------------------+
| Processes:                                                                              |
|  GPU   GI   CI              PID   Type   Process name                        GPU Memory |
|        ID   ID                                                               Usage      |
|=========================================================================================|
|  No running processes found                                                             |
+-----------------------------------------------------------------------------------------+

===== 2026-09-09T02:31:10Z pokprod-b93r39s2 (nvidia-gpu-operator/nvidia-dcgm-w2ww6) =====
Wed Sep  9 02:31:11 2026       
+-----------------------------------------------------------------------------------------+
| NVIDIA-SMI 580.105.08             Driver Version: 580.105.08     CUDA Version: 13.0     |
+-----------------------------------------+------------------------+----------------------+
| GPU  Name                 Persistence-M | Bus-Id          Disp.A | Volatile Uncorr. ECC |
| Fan  Temp   Perf          Pwr:Usage/Cap |           Memory-Usage | GPU-Util  Compute M. |
|                                         |                        |               MIG M. |
|=========================================+========================+======================|
|   0  NVIDIA H100 80GB HBM3          On  |   00000000:18:00.0 Off |                    0 |
| N/A   43C    P0            494W /  700W |   78933MiB /  81559MiB |    100%      Default |
|                                         |                        |             Disabled |
+-----------------------------------------+------------------------+----------------------+
|   1  NVIDIA H100 80GB HBM3          On  |   00000000:2A:00.0 Off |                    0 |
| N/A   29C    P0            100W /  700W |       0MiB /  81559MiB |      0%      Default |
|                                         |                        |             Disabled |
+-----------------------------------------+------------------------+----------------------+
|   2  NVIDIA H100 80GB HBM3          On  |   00000000:3A:00.0 Off |                    0 |
| N/A   38C    P0            100W /  700W |       0MiB /  81559MiB |      0%      Default |
|                                         |                        |             Disabled |
+-----------------------------------------+------------------------+----------------------+
|   3  NVIDIA H100 80GB HBM3          On  |   00000000:5D:00.0 Off |                    0 |
| N/A   41C    P0            474W /  700W |   78933MiB /  81559MiB |    100%      Default |
|                                         |                        |             Disabled |
+-----------------------------------------+------------------------+----------------------+
|   4  NVIDIA H100 80GB HBM3          On  |   00000000:9A:00.0 Off |                    0 |
| N/A   25C    P0            144W /  700W |   79429MiB /  81559MiB |      0%      Default |
|                                         |                        |             Disabled |
+-----------------------------------------+------------------------+----------------------+
|   5  NVIDIA H100 80GB HBM3          On  |   00000000:AB:00.0 Off |                    0 |
| N/A   29C    P0            149W /  700W |   79429MiB /  81559MiB |      0%      Default |
|                                         |                        |             Disabled |
+-----------------------------------------+------------------------+----------------------+
|   6  NVIDIA H100 80GB HBM3          On  |   00000000:BA:00.0 Off |                    0 |
| N/A   81C    P0            564W /  700W |   78933MiB /  81559MiB |    100%      Default |
|                                         |                        |             Disabled |
+-----------------------------------------+------------------------+----------------------+
|   7  NVIDIA H100 80GB HBM3          On  |   00000000:DB:00.0 Off |                    0 |
| N/A   43C    P0            488W /  700W |   78933MiB /  81559MiB |    100%      Default |
|                                         |                        |             Disabled |
+-----------------------------------------+------------------------+----------------------+

+-----------------------------------------------------------------------------------------+
| Processes:                                                                              |
|  GPU   GI   CI              PID   Type   Process name                        GPU Memory |
|        ID   ID                                                               Usage      |
|=========================================================================================|
|  No running processes found                                                             |
+-----------------------------------------------------------------------------------------+

===== 2026-09-09T02:31:23Z pokprod-b93r39s2 (nvidia-gpu-operator/nvidia-dcgm-w2ww6) =====
Wed Sep  9 02:31:24 2026       
+-----------------------------------------------------------------------------------------+
| NVIDIA-SMI 580.105.08             Driver Version: 580.105.08     CUDA Version: 13.0     |
+-----------------------------------------+------------------------+----------------------+
| GPU  Name                 Persistence-M | Bus-Id          Disp.A | Volatile Uncorr. ECC |
| Fan  Temp   Perf          Pwr:Usage/Cap |           Memory-Usage | GPU-Util  Compute M. |
|                                         |                        |               MIG M. |
|=========================================+========================+======================|
|   0  NVIDIA H100 80GB HBM3          On  |   00000000:18:00.0 Off |                    0 |
| N/A   43C    P0            499W /  700W |   78933MiB /  81559MiB |    100%      Default |
|                                         |                        |             Disabled |
+-----------------------------------------+------------------------+----------------------+
|   1  NVIDIA H100 80GB HBM3          On  |   00000000:2A:00.0 Off |                    0 |
| N/A   29C    P0            100W /  700W |       0MiB /  81559MiB |      0%      Default |
|                                         |                        |             Disabled |
+-----------------------------------------+------------------------+----------------------+
|   2  NVIDIA H100 80GB HBM3          On  |   00000000:3A:00.0 Off |                    0 |
| N/A   38C    P0            100W /  700W |       0MiB /  81559MiB |      0%      Default |
|                                         |                        |             Disabled |
+-----------------------------------------+------------------------+----------------------+
|   3  NVIDIA H100 80GB HBM3          On  |   00000000:5D:00.0 Off |                    0 |
| N/A   42C    P0            489W /  700W |   78933MiB /  81559MiB |    100%      Default |
|                                         |                        |             Disabled |
+-----------------------------------------+------------------------+----------------------+
|   4  NVIDIA H100 80GB HBM3          On  |   00000000:9A:00.0 Off |                    0 |
| N/A   25C    P0            144W /  700W |   79429MiB /  81559MiB |      0%      Default |
|                                         |                        |             Disabled |
+-----------------------------------------+------------------------+----------------------+
|   5  NVIDIA H100 80GB HBM3          On  |   00000000:AB:00.0 Off |                    0 |
| N/A   29C    P0            149W /  700W |   79429MiB /  81559MiB |      0%      Default |
|                                         |                        |             Disabled |
+-----------------------------------------+------------------------+----------------------+
|   6  NVIDIA H100 80GB HBM3          On  |   00000000:BA:00.0 Off |                    0 |
| N/A   81C    P0            568W /  700W |   78933MiB /  81559MiB |    100%      Default |
|                                         |                        |             Disabled |
+-----------------------------------------+------------------------+----------------------+
|   7  NVIDIA H100 80GB HBM3          On  |   00000000:DB:00.0 Off |                    0 |
| N/A   43C    P0            495W /  700W |   78933MiB /  81559MiB |    100%      Default |
|                                         |                        |             Disabled |
+-----------------------------------------+------------------------+----------------------+

+-----------------------------------------------------------------------------------------+
| Processes:                                                                              |
|  GPU   GI   CI              PID   Type   Process name                        GPU Memory |
|        ID   ID                                                               Usage      |
|=========================================================================================|
|  No running processes found                                                             |
+-----------------------------------------------------------------------------------------+

===== 2026-09-09T02:31:36Z pokprod-b93r39s2 (nvidia-gpu-operator/nvidia-dcgm-w2ww6) =====
Wed Sep  9 02:31:37 2026       
+-----------------------------------------------------------------------------------------+
| NVIDIA-SMI 580.105.08             Driver Version: 580.105.08     CUDA Version: 13.0     |
+-----------------------------------------+------------------------+----------------------+
| GPU  Name                 Persistence-M | Bus-Id          Disp.A | Volatile Uncorr. ECC |
| Fan  Temp   Perf          Pwr:Usage/Cap |           Memory-Usage | GPU-Util  Compute M. |
|                                         |                        |               MIG M. |
|=========================================+========================+======================|
|   0  NVIDIA H100 80GB HBM3          On  |   00000000:18:00.0 Off |                    0 |
| N/A   41C    P0            477W /  700W |   78933MiB /  81559MiB |    100%      Default |
|                                         |                        |             Disabled |
+-----------------------------------------+------------------------+----------------------+
|   1  NVIDIA H100 80GB HBM3          On  |   00000000:2A:00.0 Off |                    0 |
| N/A   29C    P0            100W /  700W |       0MiB /  81559MiB |      0%      Default |
|                                         |                        |             Disabled |
+-----------------------------------------+------------------------+----------------------+
|   2  NVIDIA H100 80GB HBM3          On  |   00000000:3A:00.0 Off |                    0 |
| N/A   38C    P0            100W /  700W |       0MiB /  81559MiB |      0%      Default |
|                                         |                        |             Disabled |
+-----------------------------------------+------------------------+----------------------+
|   3  NVIDIA H100 80GB HBM3          On  |   00000000:5D:00.0 Off |                    0 |
| N/A   40C    P0            464W /  700W |   78933MiB /  81559MiB |    100%      Default |
|                                         |                        |             Disabled |
+-----------------------------------------+------------------------+----------------------+
|   4  NVIDIA H100 80GB HBM3          On  |   00000000:9A:00.0 Off |                    0 |
| N/A   25C    P0            144W /  700W |   79429MiB /  81559MiB |      0%      Default |
|                                         |                        |             Disabled |
+-----------------------------------------+------------------------+----------------------+
|   5  NVIDIA H100 80GB HBM3          On  |   00000000:AB:00.0 Off |                    0 |
| N/A   29C    P0            149W /  700W |   79429MiB /  81559MiB |      0%      Default |
|                                         |                        |             Disabled |
+-----------------------------------------+------------------------+----------------------+
|   6  NVIDIA H100 80GB HBM3          On  |   00000000:BA:00.0 Off |                    0 |
| N/A   80C    P0            543W /  700W |   78933MiB /  81559MiB |    100%      Default |
|                                         |                        |             Disabled |
+-----------------------------------------+------------------------+----------------------+
|   7  NVIDIA H100 80GB HBM3          On  |   00000000:DB:00.0 Off |                    0 |
| N/A   41C    P0            465W /  700W |   78933MiB /  81559MiB |    100%      Default |
|                                         |                        |             Disabled |
+-----------------------------------------+------------------------+----------------------+

+-----------------------------------------------------------------------------------------+
| Processes:                                                                              |
|  GPU   GI   CI              PID   Type   Process name                        GPU Memory |
|        ID   ID                                                               Usage      |
|=========================================================================================|
|  No running processes found                                                             |
+-----------------------------------------------------------------------------------------+

===== 2026-09-09T02:31:49Z pokprod-b93r39s2 (nvidia-gpu-operator/nvidia-dcgm-w2ww6) =====
Wed Sep  9 02:31:50 2026       
+-----------------------------------------------------------------------------------------+
| NVIDIA-SMI 580.105.08             Driver Version: 580.105.08     CUDA Version: 13.0     |
+-----------------------------------------+------------------------+----------------------+
| GPU  Name                 Persistence-M | Bus-Id          Disp.A | Volatile Uncorr. ECC |
| Fan  Temp   Perf          Pwr:Usage/Cap |           Memory-Usage | GPU-Util  Compute M. |
|                                         |                        |               MIG M. |
|=========================================+========================+======================|
|   0  NVIDIA H100 80GB HBM3          On  |   00000000:18:00.0 Off |                    0 |
| N/A   46C    P0            702W /  700W |   78933MiB /  81559MiB |    100%      Default |
|                                         |                        |             Disabled |
+-----------------------------------------+------------------------+----------------------+
|   1  NVIDIA H100 80GB HBM3          On  |   00000000:2A:00.0 Off |                    0 |
| N/A   29C    P0             99W /  700W |       0MiB /  81559MiB |      0%      Default |
|                                         |                        |             Disabled |
+-----------------------------------------+------------------------+----------------------+
|   2  NVIDIA H100 80GB HBM3          On  |   00000000:3A:00.0 Off |                    0 |
| N/A   37C    P0            100W /  700W |       0MiB /  81559MiB |      0%      Default |
|                                         |                        |             Disabled |
+-----------------------------------------+------------------------+----------------------+
|   3  NVIDIA H100 80GB HBM3          On  |   00000000:5D:00.0 Off |                    0 |
| N/A   49C    P0            701W /  700W |   78933MiB /  81559MiB |    100%      Default |
|                                         |                        |             Disabled |
+-----------------------------------------+------------------------+----------------------+
|   4  NVIDIA H100 80GB HBM3          On  |   00000000:9A:00.0 Off |                    0 |
| N/A   25C    P0            144W /  700W |   79429MiB /  81559MiB |      0%      Default |
|                                         |                        |             Disabled |
+-----------------------------------------+------------------------+----------------------+
|   5  NVIDIA H100 80GB HBM3          On  |   00000000:AB:00.0 Off |                    0 |
| N/A   28C    P0            149W /  700W |   79429MiB /  81559MiB |      0%      Default |
|                                         |                        |             Disabled |
+-----------------------------------------+------------------------+----------------------+
|   6  NVIDIA H100 80GB HBM3          On  |   00000000:BA:00.0 Off |                    0 |
| N/A   85C    P0            701W /  700W |   78933MiB /  81559MiB |    100%      Default |
|                                         |                        |             Disabled |
+-----------------------------------------+------------------------+----------------------+
|   7  NVIDIA H100 80GB HBM3          On  |   00000000:DB:00.0 Off |                    0 |
| N/A   50C    P0            698W /  700W |   78933MiB /  81559MiB |    100%      Default |
|                                         |                        |             Disabled |
+-----------------------------------------+------------------------+----------------------+

+-----------------------------------------------------------------------------------------+
| Processes:                                                                              |
|  GPU   GI   CI              PID   Type   Process name                        GPU Memory |
|        ID   ID                                                               Usage      |
|=========================================================================================|
|  No running processes found                                                             |
+-----------------------------------------------------------------------------------------+

===== 2026-09-09T02:32:02Z pokprod-b93r39s2 (nvidia-gpu-operator/nvidia-dcgm-w2ww6) =====
Wed Sep  9 02:32:03 2026       
+-----------------------------------------------------------------------------------------+
| NVIDIA-SMI 580.105.08             Driver Version: 580.105.08     CUDA Version: 13.0     |
+-----------------------------------------+------------------------+----------------------+
| GPU  Name                 Persistence-M | Bus-Id          Disp.A | Volatile Uncorr. ECC |
| Fan  Temp   Perf          Pwr:Usage/Cap |           Memory-Usage | GPU-Util  Compute M. |
|                                         |                        |               MIG M. |
|=========================================+========================+======================|
|   0  NVIDIA H100 80GB HBM3          On  |   00000000:18:00.0 Off |                    0 |
| N/A   54C    P0            678W /  700W |   78933MiB /  81559MiB |    100%      Default |
|                                         |                        |             Disabled |
+-----------------------------------------+------------------------+----------------------+
|   1  NVIDIA H100 80GB HBM3          On  |   00000000:2A:00.0 Off |                    0 |
| N/A   28C    P0             99W /  700W |       0MiB /  81559MiB |      0%      Default |
|                                         |                        |             Disabled |
+-----------------------------------------+------------------------+----------------------+
|   2  NVIDIA H100 80GB HBM3          On  |   00000000:3A:00.0 Off |                    0 |
| N/A   37C    P0            100W /  700W |       0MiB /  81559MiB |      0%      Default |
|                                         |                        |             Disabled |
+-----------------------------------------+------------------------+----------------------+
|   3  NVIDIA H100 80GB HBM3          On  |   00000000:5D:00.0 Off |                    0 |
| N/A   52C    P0            679W /  700W |   78933MiB /  81559MiB |    100%      Default |
|                                         |                        |             Disabled |
+-----------------------------------------+------------------------+----------------------+
|   4  NVIDIA H100 80GB HBM3          On  |   00000000:9A:00.0 Off |                    0 |
| N/A   25C    P0            144W /  700W |   79429MiB /  81559MiB |      0%      Default |
|                                         |                        |             Disabled |
+-----------------------------------------+------------------------+----------------------+
|   5  NVIDIA H100 80GB HBM3          On  |   00000000:AB:00.0 Off |                    0 |
| N/A   28C    P0            149W /  700W |   79429MiB /  81559MiB |      0%      Default |
|                                         |                        |             Disabled |
+-----------------------------------------+------------------------+----------------------+
|   6  NVIDIA H100 80GB HBM3          On  |   00000000:BA:00.0 Off |                    0 |
| N/A   87C    P0            611W /  700W |   78933MiB /  81559MiB |    100%      Default |
|                                         |                        |             Disabled |
+-----------------------------------------+------------------------+----------------------+
|   7  NVIDIA H100 80GB HBM3          On  |   00000000:DB:00.0 Off |                    0 |
| N/A   52C    P0            680W /  700W |   78933MiB /  81559MiB |    100%      Default |
|                                         |                        |             Disabled |
+-----------------------------------------+------------------------+----------------------+

+-----------------------------------------------------------------------------------------+
| Processes:                                                                              |
|  GPU   GI   CI              PID   Type   Process name                        GPU Memory |
|        ID   ID                                                               Usage      |
|=========================================================================================|
|  No running processes found                                                             |
+-----------------------------------------------------------------------------------------+

===== 2026-09-09T02:32:15Z pokprod-b93r39s2 (nvidia-gpu-operator/nvidia-dcgm-w2ww6) =====
Wed Sep  9 02:32:16 2026       
+-----------------------------------------------------------------------------------------+
| NVIDIA-SMI 580.105.08             Driver Version: 580.105.08     CUDA Version: 13.0     |
+-----------------------------------------+------------------------+----------------------+
| GPU  Name                 Persistence-M | Bus-Id          Disp.A | Volatile Uncorr. ECC |
| Fan  Temp   Perf          Pwr:Usage/Cap |           Memory-Usage | GPU-Util  Compute M. |
|                                         |                        |               MIG M. |
|=========================================+========================+======================|
|   0  NVIDIA H100 80GB HBM3          On  |   00000000:18:00.0 Off |                    0 |
| N/A   44C    P0            516W /  700W |   78933MiB /  81559MiB |    100%      Default |
|                                         |                        |             Disabled |
+-----------------------------------------+------------------------+----------------------+
|   1  NVIDIA H100 80GB HBM3          On  |   00000000:2A:00.0 Off |                    0 |
| N/A   29C    P0            100W /  700W |       0MiB /  81559MiB |      0%      Default |
|                                         |                        |             Disabled |
+-----------------------------------------+------------------------+----------------------+
|   2  NVIDIA H100 80GB HBM3          On  |   00000000:3A:00.0 Off |                    0 |
| N/A   37C    P0            100W /  700W |       0MiB /  81559MiB |      0%      Default |
|                                         |                        |             Disabled |
+-----------------------------------------+------------------------+----------------------+
|   3  NVIDIA H100 80GB HBM3          On  |   00000000:5D:00.0 Off |                    0 |
| N/A   43C    P0            510W /  700W |   78933MiB /  81559MiB |    100%      Default |
|                                         |                        |             Disabled |
+-----------------------------------------+------------------------+----------------------+
|   4  NVIDIA H100 80GB HBM3          On  |   00000000:9A:00.0 Off |                    0 |
| N/A   25C    P0            144W /  700W |   79429MiB /  81559MiB |      0%      Default |
|                                         |                        |             Disabled |
+-----------------------------------------+------------------------+----------------------+
|   5  NVIDIA H100 80GB HBM3          On  |   00000000:AB:00.0 Off |                    0 |
| N/A   28C    P0            149W /  700W |   79429MiB /  81559MiB |      0%      Default |
|                                         |                        |             Disabled |
+-----------------------------------------+------------------------+----------------------+
|   6  NVIDIA H100 80GB HBM3          On  |   00000000:BA:00.0 Off |                    0 |
| N/A   82C    P0            593W /  700W |   78933MiB /  81559MiB |    100%      Default |
|                                         |                        |             Disabled |
+-----------------------------------------+------------------------+----------------------+
|   7  NVIDIA H100 80GB HBM3          On  |   00000000:DB:00.0 Off |                    0 |
| N/A   45C    P0            522W /  700W |   78933MiB /  81559MiB |    100%      Default |
|                                         |                        |             Disabled |
+-----------------------------------------+------------------------+----------------------+

+-----------------------------------------------------------------------------------------+
| Processes:                                                                              |
|  GPU   GI   CI              PID   Type   Process name                        GPU Memory |
|        ID   ID                                                               Usage      |
|=========================================================================================|
|  No running processes found                                                             |
+-----------------------------------------------------------------------------------------+

===== 2026-09-09T02:32:27Z pokprod-b93r39s2 (nvidia-gpu-operator/nvidia-dcgm-w2ww6) =====
Wed Sep  9 02:32:29 2026       
+-----------------------------------------------------------------------------------------+
| NVIDIA-SMI 580.105.08             Driver Version: 580.105.08     CUDA Version: 13.0     |
+-----------------------------------------+------------------------+----------------------+
| GPU  Name                 Persistence-M | Bus-Id          Disp.A | Volatile Uncorr. ECC |
| Fan  Temp   Perf          Pwr:Usage/Cap |           Memory-Usage | GPU-Util  Compute M. |
|                                         |                        |               MIG M. |
|=========================================+========================+======================|
|   0  NVIDIA H100 80GB HBM3          On  |   00000000:18:00.0 Off |                    0 |
| N/A   52C    P0            684W /  700W |   78933MiB /  81559MiB |    100%      Default |
|                                         |                        |             Disabled |
+-----------------------------------------+------------------------+----------------------+
|   1  NVIDIA H100 80GB HBM3          On  |   00000000:2A:00.0 Off |                    0 |
| N/A   29C    P0            100W /  700W |       0MiB /  81559MiB |      0%      Default |
|                                         |                        |             Disabled |
+-----------------------------------------+------------------------+----------------------+
|   2  NVIDIA H100 80GB HBM3          On  |   00000000:3A:00.0 Off |                    0 |
| N/A   38C    P0            100W /  700W |       0MiB /  81559MiB |      0%      Default |
|                                         |                        |             Disabled |
+-----------------------------------------+------------------------+----------------------+
|   3  NVIDIA H100 80GB HBM3          On  |   00000000:5D:00.0 Off |                    0 |
| N/A   51C    P0            693W /  700W |   78933MiB /  81559MiB |    100%      Default |
|                                         |                        |             Disabled |
+-----------------------------------------+------------------------+----------------------+
|   4  NVIDIA H100 80GB HBM3          On  |   00000000:9A:00.0 Off |                    0 |
| N/A   25C    P0            144W /  700W |   79429MiB /  81559MiB |      0%      Default |
|                                         |                        |             Disabled |
+-----------------------------------------+------------------------+----------------------+
|   5  NVIDIA H100 80GB HBM3          On  |   00000000:AB:00.0 Off |                    0 |
| N/A   28C    P0            149W /  700W |   79429MiB /  81559MiB |      0%      Default |
|                                         |                        |             Disabled |
+-----------------------------------------+------------------------+----------------------+
|   6  NVIDIA H100 80GB HBM3          On  |   00000000:BA:00.0 Off |                    0 |
| N/A   88C    P0            684W /  700W |   78933MiB /  81559MiB |    100%      Default |
|                                         |                        |             Disabled |
+-----------------------------------------+------------------------+----------------------+
|   7  NVIDIA H100 80GB HBM3          On  |   00000000:DB:00.0 Off |                    0 |
| N/A   51C    P0            699W /  700W |   78933MiB /  81559MiB |    100%      Default |
|                                         |                        |             Disabled |
+-----------------------------------------+------------------------+----------------------+

+-----------------------------------------------------------------------------------------+
| Processes:                                                                              |
|  GPU   GI   CI              PID   Type   Process name                        GPU Memory |
|        ID   ID                                                               Usage      |
|=========================================================================================|
|  No running processes found                                                             |
+-----------------------------------------------------------------------------------------+

===== 2026-09-09T02:32:40Z pokprod-b93r39s2 (nvidia-gpu-operator/nvidia-dcgm-w2ww6) =====
Wed Sep  9 02:32:41 2026       
+-----------------------------------------------------------------------------------------+
| NVIDIA-SMI 580.105.08             Driver Version: 580.105.08     CUDA Version: 13.0     |
+-----------------------------------------+------------------------+----------------------+
| GPU  Name                 Persistence-M | Bus-Id          Disp.A | Volatile Uncorr. ECC |
| Fan  Temp   Perf          Pwr:Usage/Cap |           Memory-Usage | GPU-Util  Compute M. |
|                                         |                        |               MIG M. |
|=========================================+========================+======================|
|   0  NVIDIA H100 80GB HBM3          On  |   00000000:18:00.0 Off |                    0 |
| N/A   46C    P0            537W /  700W |   78933MiB /  81559MiB |    100%      Default |
|                                         |                        |             Disabled |
+-----------------------------------------+------------------------+----------------------+
|   1  NVIDIA H100 80GB HBM3          On  |   00000000:2A:00.0 Off |                    0 |
| N/A   29C    P0            100W /  700W |       0MiB /  81559MiB |      0%      Default |
|                                         |                        |             Disabled |
+-----------------------------------------+------------------------+----------------------+
|   2  NVIDIA H100 80GB HBM3          On  |   00000000:3A:00.0 Off |                    0 |
| N/A   38C    P0            100W /  700W |       0MiB /  81559MiB |      0%      Default |
|                                         |                        |             Disabled |
+-----------------------------------------+------------------------+----------------------+
|   3  NVIDIA H100 80GB HBM3          On  |   00000000:5D:00.0 Off |                    0 |
| N/A   45C    P0            532W /  700W |   78933MiB /  81559MiB |    100%      Default |
|                                         |                        |             Disabled |
+-----------------------------------------+------------------------+----------------------+
|   4  NVIDIA H100 80GB HBM3          On  |   00000000:9A:00.0 Off |                    0 |
| N/A   25C    P0            144W /  700W |   79429MiB /  81559MiB |      0%      Default |
|                                         |                        |             Disabled |
+-----------------------------------------+------------------------+----------------------+
|   5  NVIDIA H100 80GB HBM3          On  |   00000000:AB:00.0 Off |                    0 |
| N/A   28C    P0            149W /  700W |   79429MiB /  81559MiB |      0%      Default |
|                                         |                        |             Disabled |
+-----------------------------------------+------------------------+----------------------+
|   6  NVIDIA H100 80GB HBM3          On  |   00000000:BA:00.0 Off |                    0 |
| N/A   83C    P0            619W /  700W |   78933MiB /  81559MiB |    100%      Default |
|                                         |                        |             Disabled |
+-----------------------------------------+------------------------+----------------------+
|   7  NVIDIA H100 80GB HBM3          On  |   00000000:DB:00.0 Off |                    0 |
| N/A   47C    P0            544W /  700W |   78933MiB /  81559MiB |    100%      Default |
|                                         |                        |             Disabled |
+-----------------------------------------+------------------------+----------------------+

+-----------------------------------------------------------------------------------------+
| Processes:                                                                              |
|  GPU   GI   CI              PID   Type   Process name                        GPU Memory |
|        ID   ID                                                               Usage      |
|=========================================================================================|
|  No running processes found                                                             |
+-----------------------------------------------------------------------------------------+

===== 2026-09-09T02:32:54Z pokprod-b93r39s2 (nvidia-gpu-operator/nvidia-dcgm-w2ww6) =====
Wed Sep  9 02:32:55 2026       
+-----------------------------------------------------------------------------------------+
| NVIDIA-SMI 580.105.08             Driver Version: 580.105.08     CUDA Version: 13.0     |
+-----------------------------------------+------------------------+----------------------+
| GPU  Name                 Persistence-M | Bus-Id          Disp.A | Volatile Uncorr. ECC |
| Fan  Temp   Perf          Pwr:Usage/Cap |           Memory-Usage | GPU-Util  Compute M. |
|                                         |                        |               MIG M. |
|=========================================+========================+======================|
|   0  NVIDIA H100 80GB HBM3          On  |   00000000:18:00.0 Off |                    0 |
| N/A   47C    P0            537W /  700W |   78933MiB /  81559MiB |    100%      Default |
|                                         |                        |             Disabled |
+-----------------------------------------+------------------------+----------------------+
|   1  NVIDIA H100 80GB HBM3          On  |   00000000:2A:00.0 Off |                    0 |
| N/A   30C    P0            100W /  700W |       0MiB /  81559MiB |      0%      Default |
|                                         |                        |             Disabled |
+-----------------------------------------+------------------------+----------------------+
|   2  NVIDIA H100 80GB HBM3          On  |   00000000:3A:00.0 Off |                    0 |
| N/A   38C    P0            100W /  700W |       0MiB /  81559MiB |      0%      Default |
|                                         |                        |             Disabled |
+-----------------------------------------+------------------------+----------------------+
|   3  NVIDIA H100 80GB HBM3          On  |   00000000:5D:00.0 Off |                    0 |
| N/A   46C    P0            544W /  700W |   78933MiB /  81559MiB |    100%      Default |
|                                         |                        |             Disabled |
+-----------------------------------------+------------------------+----------------------+
|   4  NVIDIA H100 80GB HBM3          On  |   00000000:9A:00.0 Off |                    0 |
| N/A   25C    P0            144W /  700W |   79429MiB /  81559MiB |      0%      Default |
|                                         |                        |             Disabled |
+-----------------------------------------+------------------------+----------------------+
|   5  NVIDIA H100 80GB HBM3          On  |   00000000:AB:00.0 Off |                    0 |
| N/A   29C    P0            149W /  700W |   79429MiB /  81559MiB |      0%      Default |
|                                         |                        |             Disabled |
+-----------------------------------------+------------------------+----------------------+
|   6  NVIDIA H100 80GB HBM3          On  |   00000000:BA:00.0 Off |                    0 |
| N/A   86C    P0            627W /  700W |   78933MiB /  81559MiB |    100%      Default |
|                                         |                        |             Disabled |
+-----------------------------------------+------------------------+----------------------+
|   7  NVIDIA H100 80GB HBM3          On  |   00000000:DB:00.0 Off |                    0 |
| N/A   53C    P0            567W /  700W |   78933MiB /  81559MiB |    100%      Default |
|                                         |                        |             Disabled |
+-----------------------------------------+------------------------+----------------------+

+-----------------------------------------------------------------------------------------+
| Processes:                                                                              |
|  GPU   GI   CI              PID   Type   Process name                        GPU Memory |
|        ID   ID                                                               Usage      |
|=========================================================================================|
|  No running processes found                                                             |
+-----------------------------------------------------------------------------------------+

===== 2026-09-09T02:33:06Z pokprod-b93r39s2 (nvidia-gpu-operator/nvidia-dcgm-w2ww6) =====
Wed Sep  9 02:33:08 2026       
+-----------------------------------------------------------------------------------------+
| NVIDIA-SMI 580.105.08             Driver Version: 580.105.08     CUDA Version: 13.0     |
+-----------------------------------------+------------------------+----------------------+
| GPU  Name                 Persistence-M | Bus-Id          Disp.A | Volatile Uncorr. ECC |
| Fan  Temp   Perf          Pwr:Usage/Cap |           Memory-Usage | GPU-Util  Compute M. |
|                                         |                        |               MIG M. |
|=========================================+========================+======================|
|   0  NVIDIA H100 80GB HBM3          On  |   00000000:18:00.0 Off |                    0 |
| N/A   48C    P0            584W /  700W |   78933MiB /  81559MiB |    100%      Default |
|                                         |                        |             Disabled |
+-----------------------------------------+------------------------+----------------------+
|   1  NVIDIA H100 80GB HBM3          On  |   00000000:2A:00.0 Off |                    0 |
| N/A   30C    P0            100W /  700W |       0MiB /  81559MiB |      0%      Default |
|                                         |                        |             Disabled |
+-----------------------------------------+------------------------+----------------------+
|   2  NVIDIA H100 80GB HBM3          On  |   00000000:3A:00.0 Off |                    0 |
| N/A   38C    P0            100W /  700W |       0MiB /  81559MiB |      0%      Default |
|                                         |                        |             Disabled |
+-----------------------------------------+------------------------+----------------------+
|   3  NVIDIA H100 80GB HBM3          On  |   00000000:5D:00.0 Off |                    0 |
| N/A   47C    P0            564W /  700W |   78933MiB /  81559MiB |    100%      Default |
|                                         |                        |             Disabled |
+-----------------------------------------+------------------------+----------------------+
|   4  NVIDIA H100 80GB HBM3          On  |   00000000:9A:00.0 Off |                    0 |
| N/A   25C    P0            144W /  700W |   79429MiB /  81559MiB |      0%      Default |
|                                         |                        |             Disabled |
+-----------------------------------------+------------------------+----------------------+
|   5  NVIDIA H100 80GB HBM3          On  |   00000000:AB:00.0 Off |                    0 |
| N/A   28C    P0            149W /  700W |   79429MiB /  81559MiB |      0%      Default |
|                                         |                        |             Disabled |
+-----------------------------------------+------------------------+----------------------+
|   6  NVIDIA H100 80GB HBM3          On  |   00000000:BA:00.0 Off |                    0 |
| N/A   83C    P0            607W /  700W |   78933MiB /  81559MiB |    100%      Default |
|                                         |                        |             Disabled |
+-----------------------------------------+------------------------+----------------------+
|   7  NVIDIA H100 80GB HBM3          On  |   00000000:DB:00.0 Off |                    0 |
| N/A   48C    P0            564W /  700W |   78933MiB /  81559MiB |    100%      Default |
|                                         |                        |             Disabled |
+-----------------------------------------+------------------------+----------------------+

+-----------------------------------------------------------------------------------------+
| Processes:                                                                              |
|  GPU   GI   CI              PID   Type   Process name                        GPU Memory |
|        ID   ID                                                               Usage      |
|=========================================================================================|
|  No running processes found                                                             |
+-----------------------------------------------------------------------------------------+

===== 2026-09-09T02:33:19Z pokprod-b93r39s2 (nvidia-gpu-operator/nvidia-dcgm-w2ww6) =====
Wed Sep  9 02:33:20 2026       
+-----------------------------------------------------------------------------------------+
| NVIDIA-SMI 580.105.08             Driver Version: 580.105.08     CUDA Version: 13.0     |
+-----------------------------------------+------------------------+----------------------+
| GPU  Name                 Persistence-M | Bus-Id          Disp.A | Volatile Uncorr. ECC |
| Fan  Temp   Perf          Pwr:Usage/Cap |           Memory-Usage | GPU-Util  Compute M. |
|                                         |                        |               MIG M. |
|=========================================+========================+======================|
|   0  NVIDIA H100 80GB HBM3          On  |   00000000:18:00.0 Off |                    0 |
| N/A   45C    P0            520W /  700W |   78933MiB /  81559MiB |    100%      Default |
|                                         |                        |             Disabled |
+-----------------------------------------+------------------------+----------------------+
|   1  NVIDIA H100 80GB HBM3          On  |   00000000:2A:00.0 Off |                    0 |
| N/A   30C    P0            100W /  700W |       0MiB /  81559MiB |      0%      Default |
|                                         |                        |             Disabled |
+-----------------------------------------+------------------------+----------------------+
|   2  NVIDIA H100 80GB HBM3          On  |   00000000:3A:00.0 Off |                    0 |
| N/A   38C    P0            100W /  700W |       0MiB /  81559MiB |      0%      Default |
|                                         |                        |             Disabled |
+-----------------------------------------+------------------------+----------------------+
|   3  NVIDIA H100 80GB HBM3          On  |   00000000:5D:00.0 Off |                    0 |
| N/A   43C    P0            508W /  700W |   78933MiB /  81559MiB |    100%      Default |
|                                         |                        |             Disabled |
+-----------------------------------------+------------------------+----------------------+
|   4  NVIDIA H100 80GB HBM3          On  |   00000000:9A:00.0 Off |                    0 |
| N/A   25C    P0            144W /  700W |   79429MiB /  81559MiB |      0%      Default |
|                                         |                        |             Disabled |
+-----------------------------------------+------------------------+----------------------+
|   5  NVIDIA H100 80GB HBM3          On  |   00000000:AB:00.0 Off |                    0 |
| N/A   29C    P0            149W /  700W |   79429MiB /  81559MiB |      0%      Default |
|                                         |                        |             Disabled |
+-----------------------------------------+------------------------+----------------------+
|   6  NVIDIA H100 80GB HBM3          On  |   00000000:BA:00.0 Off |                    0 |
| N/A   82C    P0            598W /  700W |   78933MiB /  81559MiB |    100%      Default |
|                                         |                        |             Disabled |
+-----------------------------------------+------------------------+----------------------+
|   7  NVIDIA H100 80GB HBM3          On  |   00000000:DB:00.0 Off |                    0 |
| N/A   51C    P0            536W /  700W |   78933MiB /  81559MiB |    100%      Default |
|                                         |                        |             Disabled |
+-----------------------------------------+------------------------+----------------------+

+-----------------------------------------------------------------------------------------+
| Processes:                                                                              |
|  GPU   GI   CI              PID   Type   Process name                        GPU Memory |
|        ID   ID                                                               Usage      |
|=========================================================================================|
|  No running processes found                                                             |
+-----------------------------------------------------------------------------------------+

===== 2026-09-09T02:33:32Z pokprod-b93r39s2 (nvidia-gpu-operator/nvidia-dcgm-w2ww6) =====
Wed Sep  9 02:33:33 2026       
+-----------------------------------------------------------------------------------------+
| NVIDIA-SMI 580.105.08             Driver Version: 580.105.08     CUDA Version: 13.0     |
+-----------------------------------------+------------------------+----------------------+
| GPU  Name                 Persistence-M | Bus-Id          Disp.A | Volatile Uncorr. ECC |
| Fan  Temp   Perf          Pwr:Usage/Cap |           Memory-Usage | GPU-Util  Compute M. |
|                                         |                        |               MIG M. |
|=========================================+========================+======================|
|   0  NVIDIA H100 80GB HBM3          On  |   00000000:18:00.0 Off |                    0 |
| N/A   56C    P0            689W /  700W |   78933MiB /  81559MiB |    100%      Default |
|                                         |                        |             Disabled |
+-----------------------------------------+------------------------+----------------------+
|   1  NVIDIA H100 80GB HBM3          On  |   00000000:2A:00.0 Off |                    0 |
| N/A   30C    P0            100W /  700W |       0MiB /  81559MiB |      0%      Default |
|                                         |                        |             Disabled |
+-----------------------------------------+------------------------+----------------------+
|   2  NVIDIA H100 80GB HBM3          On  |   00000000:3A:00.0 Off |                    0 |
| N/A   38C    P0            100W /  700W |       0MiB /  81559MiB |      0%      Default |
|                                         |                        |             Disabled |
+-----------------------------------------+------------------------+----------------------+
|   3  NVIDIA H100 80GB HBM3          On  |   00000000:5D:00.0 Off |                    0 |
| N/A   55C    P0            700W /  700W |   78933MiB /  81559MiB |    100%      Default |
|                                         |                        |             Disabled |
+-----------------------------------------+------------------------+----------------------+
|   4  NVIDIA H100 80GB HBM3          On  |   00000000:9A:00.0 Off |                    0 |
| N/A   25C    P0            144W /  700W |   79429MiB /  81559MiB |      0%      Default |
|                                         |                        |             Disabled |
+-----------------------------------------+------------------------+----------------------+
|   5  NVIDIA H100 80GB HBM3          On  |   00000000:AB:00.0 Off |                    0 |
| N/A   29C    P0            149W /  700W |   79429MiB /  81559MiB |      0%      Default |
|                                         |                        |             Disabled |
+-----------------------------------------+------------------------+----------------------+
|   6  NVIDIA H100 80GB HBM3          On  |   00000000:BA:00.0 Off |                    0 |
| N/A   87C    P0            584W /  700W |   78933MiB /  81559MiB |    100%      Default |
|                                         |                        |             Disabled |
+-----------------------------------------+------------------------+----------------------+
|   7  NVIDIA H100 80GB HBM3          On  |   00000000:DB:00.0 Off |                    0 |
| N/A   57C    P0            703W /  700W |   78933MiB /  81559MiB |    100%      Default |
|                                         |                        |             Disabled |
+-----------------------------------------+------------------------+----------------------+

+-----------------------------------------------------------------------------------------+
| Processes:                                                                              |
|  GPU   GI   CI              PID   Type   Process name                        GPU Memory |
|        ID   ID                                                               Usage      |
|=========================================================================================|
|  No running processes found                                                             |
+-----------------------------------------------------------------------------------------+

===== 2026-09-09T02:33:45Z pokprod-b93r39s2 (nvidia-gpu-operator/nvidia-dcgm-w2ww6) =====
Wed Sep  9 02:33:46 2026       
+-----------------------------------------------------------------------------------------+
| NVIDIA-SMI 580.105.08             Driver Version: 580.105.08     CUDA Version: 13.0     |
+-----------------------------------------+------------------------+----------------------+
| GPU  Name                 Persistence-M | Bus-Id          Disp.A | Volatile Uncorr. ECC |
| Fan  Temp   Perf          Pwr:Usage/Cap |           Memory-Usage | GPU-Util  Compute M. |
|                                         |                        |               MIG M. |
|=========================================+========================+======================|
|   0  NVIDIA H100 80GB HBM3          On  |   00000000:18:00.0 Off |                    0 |
| N/A   46C    P0            546W /  700W |   78933MiB /  81559MiB |    100%      Default |
|                                         |                        |             Disabled |
+-----------------------------------------+------------------------+----------------------+
|   1  NVIDIA H100 80GB HBM3          On  |   00000000:2A:00.0 Off |                    0 |
| N/A   30C    P0            100W /  700W |       0MiB /  81559MiB |      0%      Default |
|                                         |                        |             Disabled |
+-----------------------------------------+------------------------+----------------------+
|   2  NVIDIA H100 80GB HBM3          On  |   00000000:3A:00.0 Off |                    0 |
| N/A   38C    P0            101W /  700W |       0MiB /  81559MiB |      0%      Default |
|                                         |                        |             Disabled |
+-----------------------------------------+------------------------+----------------------+
|   3  NVIDIA H100 80GB HBM3          On  |   00000000:5D:00.0 Off |                    0 |
| N/A   45C    P0            542W /  700W |   78933MiB /  81559MiB |    100%      Default |
|                                         |                        |             Disabled |
+-----------------------------------------+------------------------+----------------------+
|   4  NVIDIA H100 80GB HBM3          On  |   00000000:9A:00.0 Off |                    0 |
| N/A   25C    P0            144W /  700W |   79429MiB /  81559MiB |      0%      Default |
|                                         |                        |             Disabled |
+-----------------------------------------+------------------------+----------------------+
|   5  NVIDIA H100 80GB HBM3          On  |   00000000:AB:00.0 Off |                    0 |
| N/A   29C    P0            149W /  700W |   79429MiB /  81559MiB |      0%      Default |
|                                         |                        |             Disabled |
+-----------------------------------------+------------------------+----------------------+
|   6  NVIDIA H100 80GB HBM3          On  |   00000000:BA:00.0 Off |                    0 |
| N/A   83C    P0            629W /  700W |   78933MiB /  81559MiB |    100%      Default |
|                                         |                        |             Disabled |
+-----------------------------------------+------------------------+----------------------+
|   7  NVIDIA H100 80GB HBM3          On  |   00000000:DB:00.0 Off |                    0 |
| N/A   48C    P0            557W /  700W |   78933MiB /  81559MiB |    100%      Default |
|                                         |                        |             Disabled |
+-----------------------------------------+------------------------+----------------------+

+-----------------------------------------------------------------------------------------+
| Processes:                                                                              |
|  GPU   GI   CI              PID   Type   Process name                        GPU Memory |
|        ID   ID                                                               Usage      |
|=========================================================================================|
|  No running processes found                                                             |
+-----------------------------------------------------------------------------------------+

===== 2026-09-09T02:33:58Z pokprod-b93r39s2 (nvidia-gpu-operator/nvidia-dcgm-w2ww6) =====
Wed Sep  9 02:33:59 2026       
+-----------------------------------------------------------------------------------------+
| NVIDIA-SMI 580.105.08             Driver Version: 580.105.08     CUDA Version: 13.0     |
+-----------------------------------------+------------------------+----------------------+
| GPU  Name                 Persistence-M | Bus-Id          Disp.A | Volatile Uncorr. ECC |
| Fan  Temp   Perf          Pwr:Usage/Cap |           Memory-Usage | GPU-Util  Compute M. |
|                                         |                        |               MIG M. |
|=========================================+========================+======================|
|   0  NVIDIA H100 80GB HBM3          On  |   00000000:18:00.0 Off |                    0 |
| N/A   52C    P0            609W /  700W |   78933MiB /  81559MiB |    100%      Default |
|                                         |                        |             Disabled |
+-----------------------------------------+------------------------+----------------------+
|   1  NVIDIA H100 80GB HBM3          On  |   00000000:2A:00.0 Off |                    0 |
| N/A   30C    P0            100W /  700W |       0MiB /  81559MiB |      0%      Default |
|                                         |                        |             Disabled |
+-----------------------------------------+------------------------+----------------------+
|   2  NVIDIA H100 80GB HBM3          On  |   00000000:3A:00.0 Off |                    0 |
| N/A   38C    P0            100W /  700W |       0MiB /  81559MiB |      0%      Default |
|                                         |                        |             Disabled |
+-----------------------------------------+------------------------+----------------------+
|   3  NVIDIA H100 80GB HBM3          On  |   00000000:5D:00.0 Off |                    0 |
| N/A   52C    P0            618W /  700W |   78933MiB /  81559MiB |    100%      Default |
|                                         |                        |             Disabled |
+-----------------------------------------+------------------------+----------------------+
|   4  NVIDIA H100 80GB HBM3          On  |   00000000:9A:00.0 Off |                    0 |
| N/A   25C    P0            144W /  700W |   79429MiB /  81559MiB |      0%      Default |
|                                         |                        |             Disabled |
+-----------------------------------------+------------------------+----------------------+
|   5  NVIDIA H100 80GB HBM3          On  |   00000000:AB:00.0 Off |                    0 |
| N/A   29C    P0            149W /  700W |   79429MiB /  81559MiB |      0%      Default |
|                                         |                        |             Disabled |
+-----------------------------------------+------------------------+----------------------+
|   6  NVIDIA H100 80GB HBM3          On  |   00000000:BA:00.0 Off |                    0 |
| N/A   88C    P0            626W /  700W |   78933MiB /  81559MiB |    100%      Default |
|                                         |                        |             Disabled |
+-----------------------------------------+------------------------+----------------------+
|   7  NVIDIA H100 80GB HBM3          On  |   00000000:DB:00.0 Off |                    0 |
| N/A   56C    P0            654W /  700W |   78933MiB /  81559MiB |    100%      Default |
|                                         |                        |             Disabled |
+-----------------------------------------+------------------------+----------------------+

+-----------------------------------------------------------------------------------------+
| Processes:                                                                              |
|  GPU   GI   CI              PID   Type   Process name                        GPU Memory |
|        ID   ID                                                               Usage      |
|=========================================================================================|
|  No running processes found                                                             |
+-----------------------------------------------------------------------------------------+

===== 2026-09-09T02:34:11Z pokprod-b93r39s2 (nvidia-gpu-operator/nvidia-dcgm-w2ww6) =====
Wed Sep  9 02:34:12 2026       
+-----------------------------------------------------------------------------------------+
| NVIDIA-SMI 580.105.08             Driver Version: 580.105.08     CUDA Version: 13.0     |
+-----------------------------------------+------------------------+----------------------+
| GPU  Name                 Persistence-M | Bus-Id          Disp.A | Volatile Uncorr. ECC |
| Fan  Temp   Perf          Pwr:Usage/Cap |           Memory-Usage | GPU-Util  Compute M. |
|                                         |                        |               MIG M. |
|=========================================+========================+======================|
|   0  NVIDIA H100 80GB HBM3          On  |   00000000:18:00.0 Off |                    0 |
| N/A   52C    P0            696W /  700W |   78933MiB /  81559MiB |    100%      Default |
|                                         |                        |             Disabled |
+-----------------------------------------+------------------------+----------------------+
|   1  NVIDIA H100 80GB HBM3          On  |   00000000:2A:00.0 Off |                    0 |
| N/A   29C    P0            100W /  700W |       0MiB /  81559MiB |      0%      Default |
|                                         |                        |             Disabled |
+-----------------------------------------+------------------------+----------------------+
|   2  NVIDIA H100 80GB HBM3          On  |   00000000:3A:00.0 Off |                    0 |
| N/A   38C    P0            100W /  700W |       0MiB /  81559MiB |      0%      Default |
|                                         |                        |             Disabled |
+-----------------------------------------+------------------------+----------------------+
|   3  NVIDIA H100 80GB HBM3          On  |   00000000:5D:00.0 Off |                    0 |
| N/A   50C    P0            695W /  700W |   78933MiB /  81559MiB |    100%      Default |
|                                         |                        |             Disabled |
+-----------------------------------------+------------------------+----------------------+
|   4  NVIDIA H100 80GB HBM3          On  |   00000000:9A:00.0 Off |                    0 |
| N/A   25C    P0            144W /  700W |   79429MiB /  81559MiB |      0%      Default |
|                                         |                        |             Disabled |
+-----------------------------------------+------------------------+----------------------+
|   5  NVIDIA H100 80GB HBM3          On  |   00000000:AB:00.0 Off |                    0 |
| N/A   29C    P0            149W /  700W |   79429MiB /  81559MiB |      0%      Default |
|                                         |                        |             Disabled |
+-----------------------------------------+------------------------+----------------------+
|   6  NVIDIA H100 80GB HBM3          On  |   00000000:BA:00.0 Off |                    0 |
| N/A   82C    P0            683W /  700W |   78933MiB /  81559MiB |    100%      Default |
|                                         |                        |             Disabled |
+-----------------------------------------+------------------------+----------------------+
|   7  NVIDIA H100 80GB HBM3          On  |   00000000:DB:00.0 Off |                    0 |
| N/A   50C    P0            654W /  700W |   78933MiB /  81559MiB |    100%      Default |
|                                         |                        |             Disabled |
+-----------------------------------------+------------------------+----------------------+

+-----------------------------------------------------------------------------------------+
| Processes:                                                                              |
|  GPU   GI   CI              PID   Type   Process name                        GPU Memory |
|        ID   ID                                                               Usage      |
|=========================================================================================|
|  No running processes found                                                             |
+-----------------------------------------------------------------------------------------+

===== 2026-09-09T02:34:24Z pokprod-b93r39s2 (nvidia-gpu-operator/nvidia-dcgm-w2ww6) =====
Wed Sep  9 02:34:25 2026       
+-----------------------------------------------------------------------------------------+
| NVIDIA-SMI 580.105.08             Driver Version: 580.105.08     CUDA Version: 13.0     |
+-----------------------------------------+------------------------+----------------------+
| GPU  Name                 Persistence-M | Bus-Id          Disp.A | Volatile Uncorr. ECC |
| Fan  Temp   Perf          Pwr:Usage/Cap |           Memory-Usage | GPU-Util  Compute M. |
|                                         |                        |               MIG M. |
|=========================================+========================+======================|
|   0  NVIDIA H100 80GB HBM3          On  |   00000000:18:00.0 Off |                    0 |
| N/A   58C    P0            692W /  700W |   78933MiB /  81559MiB |    100%      Default |
|                                         |                        |             Disabled |
+-----------------------------------------+------------------------+----------------------+
|   1  NVIDIA H100 80GB HBM3          On  |   00000000:2A:00.0 Off |                    0 |
| N/A   29C    P0             99W /  700W |       0MiB /  81559MiB |      0%      Default |
|                                         |                        |             Disabled |
+-----------------------------------------+------------------------+----------------------+
|   2  NVIDIA H100 80GB HBM3          On  |   00000000:3A:00.0 Off |                    0 |
| N/A   37C    P0            100W /  700W |       0MiB /  81559MiB |      0%      Default |
|                                         |                        |             Disabled |
+-----------------------------------------+------------------------+----------------------+
|   3  NVIDIA H100 80GB HBM3          On  |   00000000:5D:00.0 Off |                    0 |
| N/A   56C    P0            695W /  700W |   78933MiB /  81559MiB |    100%      Default |
|                                         |                        |             Disabled |
+-----------------------------------------+------------------------+----------------------+
|   4  NVIDIA H100 80GB HBM3          On  |   00000000:9A:00.0 Off |                    0 |
| N/A   25C    P0            144W /  700W |   79429MiB /  81559MiB |      0%      Default |
|                                         |                        |             Disabled |
+-----------------------------------------+------------------------+----------------------+
|   5  NVIDIA H100 80GB HBM3          On  |   00000000:AB:00.0 Off |                    0 |
| N/A   29C    P0            149W /  700W |   79429MiB /  81559MiB |      0%      Default |
|                                         |                        |             Disabled |
+-----------------------------------------+------------------------+----------------------+
|   6  NVIDIA H100 80GB HBM3          On  |   00000000:BA:00.0 Off |                    0 |
| N/A   87C    P0            592W /  700W |   78933MiB /  81559MiB |    100%      Default |
|                                         |                        |             Disabled |
+-----------------------------------------+------------------------+----------------------+
|   7  NVIDIA H100 80GB HBM3          On  |   00000000:DB:00.0 Off |                    0 |
| N/A   56C    P0            697W /  700W |   78933MiB /  81559MiB |    100%      Default |
|                                         |                        |             Disabled |
+-----------------------------------------+------------------------+----------------------+

+-----------------------------------------------------------------------------------------+
| Processes:                                                                              |
|  GPU   GI   CI              PID   Type   Process name                        GPU Memory |
|        ID   ID                                                               Usage      |
|=========================================================================================|
|  No running processes found                                                             |
+-----------------------------------------------------------------------------------------+

===== 2026-09-09T02:34:37Z pokprod-b93r39s2 (nvidia-gpu-operator/nvidia-dcgm-w2ww6) =====
Wed Sep  9 02:34:38 2026       
+-----------------------------------------------------------------------------------------+
| NVIDIA-SMI 580.105.08             Driver Version: 580.105.08     CUDA Version: 13.0     |
+-----------------------------------------+------------------------+----------------------+
| GPU  Name                 Persistence-M | Bus-Id          Disp.A | Volatile Uncorr. ECC |
| Fan  Temp   Perf          Pwr:Usage/Cap |           Memory-Usage | GPU-Util  Compute M. |
|                                         |                        |               MIG M. |
|=========================================+========================+======================|
|   0  NVIDIA H100 80GB HBM3          On  |   00000000:18:00.0 Off |                    0 |
| N/A   56C    P0            690W /  700W |   78933MiB /  81559MiB |    100%      Default |
|                                         |                        |             Disabled |
+-----------------------------------------+------------------------+----------------------+
|   1  NVIDIA H100 80GB HBM3          On  |   00000000:2A:00.0 Off |                    0 |
| N/A   29C    P0            100W /  700W |       0MiB /  81559MiB |      0%      Default |
|                                         |                        |             Disabled |
+-----------------------------------------+------------------------+----------------------+
|   2  NVIDIA H100 80GB HBM3          On  |   00000000:3A:00.0 Off |                    0 |
| N/A   38C    P0            100W /  700W |       0MiB /  81559MiB |      0%      Default |
|                                         |                        |             Disabled |
+-----------------------------------------+------------------------+----------------------+
|   3  NVIDIA H100 80GB HBM3          On  |   00000000:5D:00.0 Off |                    0 |
| N/A   56C    P0            691W /  700W |   78933MiB /  81559MiB |    100%      Default |
|                                         |                        |             Disabled |
+-----------------------------------------+------------------------+----------------------+
|   4  NVIDIA H100 80GB HBM3          On  |   00000000:9A:00.0 Off |                    0 |
| N/A   25C    P0            144W /  700W |   79429MiB /  81559MiB |      0%      Default |
|                                         |                        |             Disabled |
+-----------------------------------------+------------------------+----------------------+
|   5  NVIDIA H100 80GB HBM3          On  |   00000000:AB:00.0 Off |                    0 |
| N/A   29C    P0            149W /  700W |   79429MiB /  81559MiB |      0%      Default |
|                                         |                        |             Disabled |
+-----------------------------------------+------------------------+----------------------+
|   6  NVIDIA H100 80GB HBM3          On  |   00000000:BA:00.0 Off |                    0 |
| N/A   86C    P0            605W /  700W |   78933MiB /  81559MiB |    100%      Default |
|                                         |                        |             Disabled |
+-----------------------------------------+------------------------+----------------------+
|   7  NVIDIA H100 80GB HBM3          On  |   00000000:DB:00.0 Off |                    0 |
| N/A   55C    P0            692W /  700W |   78933MiB /  81559MiB |    100%      Default |
|                                         |                        |             Disabled |
+-----------------------------------------+------------------------+----------------------+

+-----------------------------------------------------------------------------------------+
| Processes:                                                                              |
|  GPU   GI   CI              PID   Type   Process name                        GPU Memory |
|        ID   ID                                                               Usage      |
|=========================================================================================|
|  No running processes found                                                             |
+-----------------------------------------------------------------------------------------+

===== 2026-09-09T02:34:50Z pokprod-b93r39s2 (nvidia-gpu-operator/nvidia-dcgm-w2ww6) =====
Wed Sep  9 02:34:51 2026       
+-----------------------------------------------------------------------------------------+
| NVIDIA-SMI 580.105.08             Driver Version: 580.105.08     CUDA Version: 13.0     |
+-----------------------------------------+------------------------+----------------------+
| GPU  Name                 Persistence-M | Bus-Id          Disp.A | Volatile Uncorr. ECC |
| Fan  Temp   Perf          Pwr:Usage/Cap |           Memory-Usage | GPU-Util  Compute M. |
|                                         |                        |               MIG M. |
|=========================================+========================+======================|
|   0  NVIDIA H100 80GB HBM3          On  |   00000000:18:00.0 Off |                    0 |
| N/A   42C    P0            480W /  700W |   78933MiB /  81559MiB |    100%      Default |
|                                         |                        |             Disabled |
+-----------------------------------------+------------------------+----------------------+
|   1  NVIDIA H100 80GB HBM3          On  |   00000000:2A:00.0 Off |                    0 |
| N/A   29C    P0            100W /  700W |       0MiB /  81559MiB |      0%      Default |
|                                         |                        |             Disabled |
+-----------------------------------------+------------------------+----------------------+
|   2  NVIDIA H100 80GB HBM3          On  |   00000000:3A:00.0 Off |                    0 |
| N/A   38C    P0            100W /  700W |       0MiB /  81559MiB |      0%      Default |
|                                         |                        |             Disabled |
+-----------------------------------------+------------------------+----------------------+
|   3  NVIDIA H100 80GB HBM3          On  |   00000000:5D:00.0 Off |                    0 |
| N/A   41C    P0            471W /  700W |   78933MiB /  81559MiB |    100%      Default |
|                                         |                        |             Disabled |
+-----------------------------------------+------------------------+----------------------+
|   4  NVIDIA H100 80GB HBM3          On  |   00000000:9A:00.0 Off |                    0 |
| N/A   25C    P0            144W /  700W |   79429MiB /  81559MiB |      0%      Default |
|                                         |                        |             Disabled |
+-----------------------------------------+------------------------+----------------------+
|   5  NVIDIA H100 80GB HBM3          On  |   00000000:AB:00.0 Off |                    0 |
| N/A   29C    P0            149W /  700W |   79429MiB /  81559MiB |      0%      Default |
|                                         |                        |             Disabled |
+-----------------------------------------+------------------------+----------------------+
|   6  NVIDIA H100 80GB HBM3          On  |   00000000:BA:00.0 Off |                    0 |
| N/A   80C    P0            553W /  700W |   78933MiB /  81559MiB |    100%      Default |
|                                         |                        |             Disabled |
+-----------------------------------------+------------------------+----------------------+
|   7  NVIDIA H100 80GB HBM3          On  |   00000000:DB:00.0 Off |                    0 |
| N/A   43C    P0            484W /  700W |   78933MiB /  81559MiB |    100%      Default |
|                                         |                        |             Disabled |
+-----------------------------------------+------------------------+----------------------+

+-----------------------------------------------------------------------------------------+
| Processes:                                                                              |
|  GPU   GI   CI              PID   Type   Process name                        GPU Memory |
|        ID   ID                                                               Usage      |
|=========================================================================================|
|  No running processes found                                                             |
+-----------------------------------------------------------------------------------------+

===== 2026-09-09T02:35:03Z pokprod-b93r39s2 (nvidia-gpu-operator/nvidia-dcgm-w2ww6) =====
Wed Sep  9 02:35:04 2026       
+-----------------------------------------------------------------------------------------+
| NVIDIA-SMI 580.105.08             Driver Version: 580.105.08     CUDA Version: 13.0     |
+-----------------------------------------+------------------------+----------------------+
| GPU  Name                 Persistence-M | Bus-Id          Disp.A | Volatile Uncorr. ECC |
| Fan  Temp   Perf          Pwr:Usage/Cap |           Memory-Usage | GPU-Util  Compute M. |
|                                         |                        |               MIG M. |
|=========================================+========================+======================|
|   0  NVIDIA H100 80GB HBM3          On  |   00000000:18:00.0 Off |                    0 |
| N/A   38C    P0            424W /  700W |   78933MiB /  81559MiB |      0%      Default |
|                                         |                        |             Disabled |
+-----------------------------------------+------------------------+----------------------+
|   1  NVIDIA H100 80GB HBM3          On  |   00000000:2A:00.0 Off |                    0 |
| N/A   29C    P0             99W /  700W |       0MiB /  81559MiB |      0%      Default |
|                                         |                        |             Disabled |
+-----------------------------------------+------------------------+----------------------+
|   2  NVIDIA H100 80GB HBM3          On  |   00000000:3A:00.0 Off |                    0 |
| N/A   38C    P0            100W /  700W |       0MiB /  81559MiB |      0%      Default |
|                                         |                        |             Disabled |
+-----------------------------------------+------------------------+----------------------+
|   3  NVIDIA H100 80GB HBM3          On  |   00000000:5D:00.0 Off |                    0 |
| N/A   36C    P0            384W /  700W |   78933MiB /  81559MiB |      0%      Default |
|                                         |                        |             Disabled |
+-----------------------------------------+------------------------+----------------------+
|   4  NVIDIA H100 80GB HBM3          On  |   00000000:9A:00.0 Off |                    0 |
| N/A   25C    P0            144W /  700W |   79429MiB /  81559MiB |      0%      Default |
|                                         |                        |             Disabled |
+-----------------------------------------+------------------------+----------------------+
|   5  NVIDIA H100 80GB HBM3          On  |   00000000:AB:00.0 Off |                    0 |
| N/A   29C    P0            149W /  700W |   79429MiB /  81559MiB |      0%      Default |
|                                         |                        |             Disabled |
+-----------------------------------------+------------------------+----------------------+
|   6  NVIDIA H100 80GB HBM3          On  |   00000000:BA:00.0 Off |                    0 |
| N/A   76C    P0            460W /  700W |   78933MiB /  81559MiB |      0%      Default |
|                                         |                        |             Disabled |
+-----------------------------------------+------------------------+----------------------+
|   7  NVIDIA H100 80GB HBM3          On  |   00000000:DB:00.0 Off |                    0 |
| N/A   37C    P0            388W /  700W |   78933MiB /  81559MiB |      0%      Default |
|                                         |                        |             Disabled |
+-----------------------------------------+------------------------+----------------------+

+-----------------------------------------------------------------------------------------+
| Processes:                                                                              |
|  GPU   GI   CI              PID   Type   Process name                        GPU Memory |
|        ID   ID                                                               Usage      |
|=========================================================================================|
|  No running processes found                                                             |
+-----------------------------------------------------------------------------------------+

===== 2026-09-09T02:35:16Z pokprod-b93r39s2 (nvidia-gpu-operator/nvidia-dcgm-w2ww6) =====
Wed Sep  9 02:35:17 2026       
+-----------------------------------------------------------------------------------------+
| NVIDIA-SMI 580.105.08             Driver Version: 580.105.08     CUDA Version: 13.0     |
+-----------------------------------------+------------------------+----------------------+
| GPU  Name                 Persistence-M | Bus-Id          Disp.A | Volatile Uncorr. ECC |
| Fan  Temp   Perf          Pwr:Usage/Cap |           Memory-Usage | GPU-Util  Compute M. |
|                                         |                        |               MIG M. |
|=========================================+========================+======================|
|   0  NVIDIA H100 80GB HBM3          On  |   00000000:18:00.0 Off |                    0 |
| N/A   43C    P0            491W /  700W |   78933MiB /  81559MiB |    100%      Default |
|                                         |                        |             Disabled |
+-----------------------------------------+------------------------+----------------------+
|   1  NVIDIA H100 80GB HBM3          On  |   00000000:2A:00.0 Off |                    0 |
| N/A   29C    P0            100W /  700W |       0MiB /  81559MiB |      0%      Default |
|                                         |                        |             Disabled |
+-----------------------------------------+------------------------+----------------------+
|   2  NVIDIA H100 80GB HBM3          On  |   00000000:3A:00.0 Off |                    0 |
| N/A   38C    P0            100W /  700W |       0MiB /  81559MiB |      0%      Default |
|                                         |                        |             Disabled |
+-----------------------------------------+------------------------+----------------------+
|   3  NVIDIA H100 80GB HBM3          On  |   00000000:5D:00.0 Off |                    0 |
| N/A   41C    P0            479W /  700W |   78933MiB /  81559MiB |    100%      Default |
|                                         |                        |             Disabled |
+-----------------------------------------+------------------------+----------------------+
|   4  NVIDIA H100 80GB HBM3          On  |   00000000:9A:00.0 Off |                    0 |
| N/A   23C    P0             96W /  700W |       0MiB /  81559MiB |      0%      Default |
|                                         |                        |             Disabled |
+-----------------------------------------+------------------------+----------------------+
|   5  NVIDIA H100 80GB HBM3          On  |   00000000:AB:00.0 Off |                    0 |
| N/A   27C    P0             99W /  700W |       0MiB /  81559MiB |      0%      Default |
|                                         |                        |             Disabled |
+-----------------------------------------+------------------------+----------------------+
|   6  NVIDIA H100 80GB HBM3          On  |   00000000:BA:00.0 Off |                    0 |
| N/A   80C    P0            558W /  700W |   78933MiB /  81559MiB |    100%      Default |
|                                         |                        |             Disabled |
+-----------------------------------------+------------------------+----------------------+
|   7  NVIDIA H100 80GB HBM3          On  |   00000000:DB:00.0 Off |                    0 |
| N/A   43C    P0            488W /  700W |   78933MiB /  81559MiB |    100%      Default |
|                                         |                        |             Disabled |
+-----------------------------------------+------------------------+----------------------+

+-----------------------------------------------------------------------------------------+
| Processes:                                                                              |
|  GPU   GI   CI              PID   Type   Process name                        GPU Memory |
|        ID   ID                                                               Usage      |
|=========================================================================================|
|  No running processes found                                                             |
+-----------------------------------------------------------------------------------------+

===== 2026-09-09T02:35:29Z pokprod-b93r39s2 (nvidia-gpu-operator/nvidia-dcgm-w2ww6) =====
Wed Sep  9 02:35:30 2026       
+-----------------------------------------------------------------------------------------+
| NVIDIA-SMI 580.105.08             Driver Version: 580.105.08     CUDA Version: 13.0     |
+-----------------------------------------+------------------------+----------------------+
| GPU  Name                 Persistence-M | Bus-Id          Disp.A | Volatile Uncorr. ECC |
| Fan  Temp   Perf          Pwr:Usage/Cap |           Memory-Usage | GPU-Util  Compute M. |
|                                         |                        |               MIG M. |
|=========================================+========================+======================|
|   0  NVIDIA H100 80GB HBM3          On  |   00000000:18:00.0 Off |                    0 |
| N/A   54C    P0            682W /  700W |   78933MiB /  81559MiB |    100%      Default |
|                                         |                        |             Disabled |
+-----------------------------------------+------------------------+----------------------+
|   1  NVIDIA H100 80GB HBM3          On  |   00000000:2A:00.0 Off |                    0 |
| N/A   29C    P0            100W /  700W |       0MiB /  81559MiB |      0%      Default |
|                                         |                        |             Disabled |
+-----------------------------------------+------------------------+----------------------+
|   2  NVIDIA H100 80GB HBM3          On  |   00000000:3A:00.0 Off |                    0 |
| N/A   38C    P0            100W /  700W |       0MiB /  81559MiB |      0%      Default |
|                                         |                        |             Disabled |
+-----------------------------------------+------------------------+----------------------+
|   3  NVIDIA H100 80GB HBM3          On  |   00000000:5D:00.0 Off |                    0 |
| N/A   54C    P0            686W /  700W |   78933MiB /  81559MiB |    100%      Default |
|                                         |                        |             Disabled |
+-----------------------------------------+------------------------+----------------------+
|   4  NVIDIA H100 80GB HBM3          On  |   00000000:9A:00.0 Off |                    0 |
| N/A   23C    P0             96W /  700W |       0MiB /  81559MiB |      0%      Default |
|                                         |                        |             Disabled |
+-----------------------------------------+------------------------+----------------------+
|   5  NVIDIA H100 80GB HBM3          On  |   00000000:AB:00.0 Off |                    0 |
| N/A   26C    P0             98W /  700W |       0MiB /  81559MiB |      0%      Default |
|                                         |                        |             Disabled |
+-----------------------------------------+------------------------+----------------------+
|   6  NVIDIA H100 80GB HBM3          On  |   00000000:BA:00.0 Off |                    0 |
| N/A   85C    P0            683W /  700W |   78933MiB /  81559MiB |    100%      Default |
|                                         |                        |             Disabled |
+-----------------------------------------+------------------------+----------------------+
|   7  NVIDIA H100 80GB HBM3          On  |   00000000:DB:00.0 Off |                    0 |
| N/A   53C    P0            699W /  700W |   78933MiB /  81559MiB |    100%      Default |
|                                         |                        |             Disabled |
+-----------------------------------------+------------------------+----------------------+

+-----------------------------------------------------------------------------------------+
| Processes:                                                                              |
|  GPU   GI   CI              PID   Type   Process name                        GPU Memory |
|        ID   ID                                                               Usage      |
|=========================================================================================|
|  No running processes found                                                             |
+-----------------------------------------------------------------------------------------+

===== 2026-09-09T02:35:42Z pokprod-b93r39s2 (nvidia-gpu-operator/nvidia-dcgm-w2ww6) =====
Wed Sep  9 02:35:43 2026       
+-----------------------------------------------------------------------------------------+
| NVIDIA-SMI 580.105.08             Driver Version: 580.105.08     CUDA Version: 13.0     |
+-----------------------------------------+------------------------+----------------------+
| GPU  Name                 Persistence-M | Bus-Id          Disp.A | Volatile Uncorr. ECC |
| Fan  Temp   Perf          Pwr:Usage/Cap |           Memory-Usage | GPU-Util  Compute M. |
|                                         |                        |               MIG M. |
|=========================================+========================+======================|
|   0  NVIDIA H100 80GB HBM3          On  |   00000000:18:00.0 Off |                    0 |
| N/A   56C    P0            681W /  700W |   78933MiB /  81559MiB |    100%      Default |
|                                         |                        |             Disabled |
+-----------------------------------------+------------------------+----------------------+
|   1  NVIDIA H100 80GB HBM3          On  |   00000000:2A:00.0 Off |                    0 |
| N/A   29C    P0            100W /  700W |       0MiB /  81559MiB |      0%      Default |
|                                         |                        |             Disabled |
+-----------------------------------------+------------------------+----------------------+
|   2  NVIDIA H100 80GB HBM3          On  |   00000000:3A:00.0 Off |                    0 |
| N/A   38C    P0            100W /  700W |       0MiB /  81559MiB |      0%      Default |
|                                         |                        |             Disabled |
+-----------------------------------------+------------------------+----------------------+
|   3  NVIDIA H100 80GB HBM3          On  |   00000000:5D:00.0 Off |                    0 |
| N/A   57C    P0            682W /  700W |   78933MiB /  81559MiB |    100%      Default |
|                                         |                        |             Disabled |
+-----------------------------------------+------------------------+----------------------+
|   4  NVIDIA H100 80GB HBM3          On  |   00000000:9A:00.0 Off |                    0 |
| N/A   23C    P0             96W /  700W |       0MiB /  81559MiB |      0%      Default |
|                                         |                        |             Disabled |
+-----------------------------------------+------------------------+----------------------+
|   5  NVIDIA H100 80GB HBM3          On  |   00000000:AB:00.0 Off |                    0 |
| N/A   26C    P0             98W /  700W |       0MiB /  81559MiB |      0%      Default |
|                                         |                        |             Disabled |
+-----------------------------------------+------------------------+----------------------+
|   6  NVIDIA H100 80GB HBM3          On  |   00000000:BA:00.0 Off |                    0 |
| N/A   87C    P0            606W /  700W |   78933MiB /  81559MiB |    100%      Default |
|                                         |                        |             Disabled |
+-----------------------------------------+------------------------+----------------------+
|   7  NVIDIA H100 80GB HBM3          On  |   00000000:DB:00.0 Off |                    0 |
| N/A   58C    P0            685W /  700W |   78933MiB /  81559MiB |    100%      Default |
|                                         |                        |             Disabled |
+-----------------------------------------+------------------------+----------------------+

+-----------------------------------------------------------------------------------------+
| Processes:                                                                              |
|  GPU   GI   CI              PID   Type   Process name                        GPU Memory |
|        ID   ID                                                               Usage      |
|=========================================================================================|
|  No running processes found                                                             |
+-----------------------------------------------------------------------------------------+

===== 2026-09-09T02:35:55Z pokprod-b93r39s2 (nvidia-gpu-operator/nvidia-dcgm-w2ww6) =====
Wed Sep  9 02:35:56 2026       
+-----------------------------------------------------------------------------------------+
| NVIDIA-SMI 580.105.08             Driver Version: 580.105.08     CUDA Version: 13.0     |
+-----------------------------------------+------------------------+----------------------+
| GPU  Name                 Persistence-M | Bus-Id          Disp.A | Volatile Uncorr. ECC |
| Fan  Temp   Perf          Pwr:Usage/Cap |           Memory-Usage | GPU-Util  Compute M. |
|                                         |                        |               MIG M. |
|=========================================+========================+======================|
|   0  NVIDIA H100 80GB HBM3          On  |   00000000:18:00.0 Off |                    0 |
| N/A   59C    P0            687W /  700W |   78933MiB /  81559MiB |    100%      Default |
|                                         |                        |             Disabled |
+-----------------------------------------+------------------------+----------------------+
|   1  NVIDIA H100 80GB HBM3          On  |   00000000:2A:00.0 Off |                    0 |
| N/A   30C    P0            100W /  700W |       0MiB /  81559MiB |      0%      Default |
|                                         |                        |             Disabled |
+-----------------------------------------+------------------------+----------------------+
|   2  NVIDIA H100 80GB HBM3          On  |   00000000:3A:00.0 Off |                    0 |
| N/A   38C    P0            100W /  700W |       0MiB /  81559MiB |      0%      Default |
|                                         |                        |             Disabled |
+-----------------------------------------+------------------------+----------------------+
|   3  NVIDIA H100 80GB HBM3          On  |   00000000:5D:00.0 Off |                    0 |
| N/A   55C    P0            671W /  700W |   78933MiB /  81559MiB |    100%      Default |
|                                         |                        |             Disabled |
+-----------------------------------------+------------------------+----------------------+
|   4  NVIDIA H100 80GB HBM3          On  |   00000000:9A:00.0 Off |                    0 |
| N/A   23C    P0             96W /  700W |       0MiB /  81559MiB |      0%      Default |
|                                         |                        |             Disabled |
+-----------------------------------------+------------------------+----------------------+
|   5  NVIDIA H100 80GB HBM3          On  |   00000000:AB:00.0 Off |                    0 |
| N/A   25C    P0             98W /  700W |       0MiB /  81559MiB |      0%      Default |
|                                         |                        |             Disabled |
+-----------------------------------------+------------------------+----------------------+
|   6  NVIDIA H100 80GB HBM3          On  |   00000000:BA:00.0 Off |                    0 |
| N/A   84C    P0            568W /  700W |   78933MiB /  81559MiB |    100%      Default |
|                                         |                        |             Disabled |
+-----------------------------------------+------------------------+----------------------+
|   7  NVIDIA H100 80GB HBM3          On  |   00000000:DB:00.0 Off |                    0 |
| N/A   57C    P0            683W /  700W |   78933MiB /  81559MiB |    100%      Default |
|                                         |                        |             Disabled |
+-----------------------------------------+------------------------+----------------------+

+-----------------------------------------------------------------------------------------+
| Processes:                                                                              |
|  GPU   GI   CI              PID   Type   Process name                        GPU Memory |
|        ID   ID                                                               Usage      |
|=========================================================================================|
|  No running processes found                                                             |
+-----------------------------------------------------------------------------------------+

===== 2026-09-09T02:36:08Z pokprod-b93r39s2 (nvidia-gpu-operator/nvidia-dcgm-w2ww6) =====
Wed Sep  9 02:36:09 2026       
+-----------------------------------------------------------------------------------------+
| NVIDIA-SMI 580.105.08             Driver Version: 580.105.08     CUDA Version: 13.0     |
+-----------------------------------------+------------------------+----------------------+
| GPU  Name                 Persistence-M | Bus-Id          Disp.A | Volatile Uncorr. ECC |
| Fan  Temp   Perf          Pwr:Usage/Cap |           Memory-Usage | GPU-Util  Compute M. |
|                                         |                        |               MIG M. |
|=========================================+========================+======================|
|   0  NVIDIA H100 80GB HBM3          On  |   00000000:18:00.0 Off |                    0 |
| N/A   56C    P0            659W /  700W |   78933MiB /  81559MiB |    100%      Default |
|                                         |                        |             Disabled |
+-----------------------------------------+------------------------+----------------------+
|   1  NVIDIA H100 80GB HBM3          On  |   00000000:2A:00.0 Off |                    0 |
| N/A   30C    P0            100W /  700W |       0MiB /  81559MiB |      0%      Default |
|                                         |                        |             Disabled |
+-----------------------------------------+------------------------+----------------------+
|   2  NVIDIA H100 80GB HBM3          On  |   00000000:3A:00.0 Off |                    0 |
| N/A   38C    P0            100W /  700W |       0MiB /  81559MiB |      0%      Default |
|                                         |                        |             Disabled |
+-----------------------------------------+------------------------+----------------------+
|   3  NVIDIA H100 80GB HBM3          On  |   00000000:5D:00.0 Off |                    0 |
| N/A   57C    P0            643W /  700W |   78933MiB /  81559MiB |    100%      Default |
|                                         |                        |             Disabled |
+-----------------------------------------+------------------------+----------------------+
|   4  NVIDIA H100 80GB HBM3          On  |   00000000:9A:00.0 Off |                    0 |
| N/A   23C    P0             96W /  700W |       0MiB /  81559MiB |      0%      Default |
|                                         |                        |             Disabled |
+-----------------------------------------+------------------------+----------------------+
|   5  NVIDIA H100 80GB HBM3          On  |   00000000:AB:00.0 Off |                    0 |
| N/A   25C    P0             98W /  700W |       0MiB /  81559MiB |      0%      Default |
|                                         |                        |             Disabled |
+-----------------------------------------+------------------------+----------------------+
|   6  NVIDIA H100 80GB HBM3          On  |   00000000:BA:00.0 Off |                    0 |
| N/A   85C    P0            573W /  700W |   78933MiB /  81559MiB |    100%      Default |
|                                         |                        |             Disabled |
+-----------------------------------------+------------------------+----------------------+
|   7  NVIDIA H100 80GB HBM3          On  |   00000000:DB:00.0 Off |                    0 |
| N/A   57C    P0            658W /  700W |   78933MiB /  81559MiB |    100%      Default |
|                                         |                        |             Disabled |
+-----------------------------------------+------------------------+----------------------+

+-----------------------------------------------------------------------------------------+
| Processes:                                                                              |
|  GPU   GI   CI              PID   Type   Process name                        GPU Memory |
|        ID   ID                                                               Usage      |
|=========================================================================================|
|  No running processes found                                                             |
+-----------------------------------------------------------------------------------------+

===== 2026-09-09T02:36:20Z pokprod-b93r39s2 (nvidia-gpu-operator/nvidia-dcgm-w2ww6) =====
Wed Sep  9 02:36:22 2026       
+-----------------------------------------------------------------------------------------+
| NVIDIA-SMI 580.105.08             Driver Version: 580.105.08     CUDA Version: 13.0     |
+-----------------------------------------+------------------------+----------------------+
| GPU  Name                 Persistence-M | Bus-Id          Disp.A | Volatile Uncorr. ECC |
| Fan  Temp   Perf          Pwr:Usage/Cap |           Memory-Usage | GPU-Util  Compute M. |
|                                         |                        |               MIG M. |
|=========================================+========================+======================|
|   0  NVIDIA H100 80GB HBM3          On  |   00000000:18:00.0 Off |                    0 |
| N/A   45C    P0            532W /  700W |   78933MiB /  81559MiB |    100%      Default |
|                                         |                        |             Disabled |
+-----------------------------------------+------------------------+----------------------+
|   1  NVIDIA H100 80GB HBM3          On  |   00000000:2A:00.0 Off |                    0 |
| N/A   30C    P0            100W /  700W |       0MiB /  81559MiB |      0%      Default |
|                                         |                        |             Disabled |
+-----------------------------------------+------------------------+----------------------+
|   2  NVIDIA H100 80GB HBM3          On  |   00000000:3A:00.0 Off |                    0 |
| N/A   38C    P0            100W /  700W |       0MiB /  81559MiB |      0%      Default |
|                                         |                        |             Disabled |
+-----------------------------------------+------------------------+----------------------+
|   3  NVIDIA H100 80GB HBM3          On  |   00000000:5D:00.0 Off |                    0 |
| N/A   44C    P0            524W /  700W |   78933MiB /  81559MiB |    100%      Default |
|                                         |                        |             Disabled |
+-----------------------------------------+------------------------+----------------------+
|   4  NVIDIA H100 80GB HBM3          On  |   00000000:9A:00.0 Off |                    0 |
| N/A   22C    P0             96W /  700W |       0MiB /  81559MiB |      0%      Default |
|                                         |                        |             Disabled |
+-----------------------------------------+------------------------+----------------------+
|   5  NVIDIA H100 80GB HBM3          On  |   00000000:AB:00.0 Off |                    0 |
| N/A   25C    P0             98W /  700W |       0MiB /  81559MiB |      0%      Default |
|                                         |                        |             Disabled |
+-----------------------------------------+------------------------+----------------------+
|   6  NVIDIA H100 80GB HBM3          On  |   00000000:BA:00.0 Off |                    0 |
| N/A   82C    P0            615W /  700W |   78933MiB /  81559MiB |    100%      Default |
|                                         |                        |             Disabled |
+-----------------------------------------+------------------------+----------------------+
|   7  NVIDIA H100 80GB HBM3          On  |   00000000:DB:00.0 Off |                    0 |
| N/A   46C    P0            540W /  700W |   78933MiB /  81559MiB |    100%      Default |
|                                         |                        |             Disabled |
+-----------------------------------------+------------------------+----------------------+

+-----------------------------------------------------------------------------------------+
| Processes:                                                                              |
|  GPU   GI   CI              PID   Type   Process name                        GPU Memory |
|        ID   ID                                                               Usage      |
|=========================================================================================|
|  No running processes found                                                             |
+-----------------------------------------------------------------------------------------+

===== 2026-09-09T02:36:33Z pokprod-b93r39s2 (nvidia-gpu-operator/nvidia-dcgm-w2ww6) =====
Wed Sep  9 02:36:34 2026       
+-----------------------------------------------------------------------------------------+
| NVIDIA-SMI 580.105.08             Driver Version: 580.105.08     CUDA Version: 13.0     |
+-----------------------------------------+------------------------+----------------------+
| GPU  Name                 Persistence-M | Bus-Id          Disp.A | Volatile Uncorr. ECC |
| Fan  Temp   Perf          Pwr:Usage/Cap |           Memory-Usage | GPU-Util  Compute M. |
|                                         |                        |               MIG M. |
|=========================================+========================+======================|
|   0  NVIDIA H100 80GB HBM3          On  |   00000000:18:00.0 Off |                    0 |
| N/A   42C    P0            487W /  700W |   78933MiB /  81559MiB |    100%      Default |
|                                         |                        |             Disabled |
+-----------------------------------------+------------------------+----------------------+
|   1  NVIDIA H100 80GB HBM3          On  |   00000000:2A:00.0 Off |                    0 |
| N/A   30C    P0            100W /  700W |       0MiB /  81559MiB |      0%      Default |
|                                         |                        |             Disabled |
+-----------------------------------------+------------------------+----------------------+
|   2  NVIDIA H100 80GB HBM3          On  |   00000000:3A:00.0 Off |                    0 |
| N/A   38C    P0            100W /  700W |       0MiB /  81559MiB |      0%      Default |
|                                         |                        |             Disabled |
+-----------------------------------------+------------------------+----------------------+
|   3  NVIDIA H100 80GB HBM3          On  |   00000000:5D:00.0 Off |                    0 |
| N/A   41C    P0            478W /  700W |   78933MiB /  81559MiB |    100%      Default |
|                                         |                        |             Disabled |
+-----------------------------------------+------------------------+----------------------+
|   4  NVIDIA H100 80GB HBM3          On  |   00000000:9A:00.0 Off |                    0 |
| N/A   23C    P0             96W /  700W |       0MiB /  81559MiB |      0%      Default |
|                                         |                        |             Disabled |
+-----------------------------------------+------------------------+----------------------+
|   5  NVIDIA H100 80GB HBM3          On  |   00000000:AB:00.0 Off |                    0 |
| N/A   25C    P0             98W /  700W |       0MiB /  81559MiB |      0%      Default |
|                                         |                        |             Disabled |
+-----------------------------------------+------------------------+----------------------+
|   6  NVIDIA H100 80GB HBM3          On  |   00000000:BA:00.0 Off |                    0 |
| N/A   81C    P0            566W /  700W |   78933MiB /  81559MiB |    100%      Default |
|                                         |                        |             Disabled |
+-----------------------------------------+------------------------+----------------------+
|   7  NVIDIA H100 80GB HBM3          On  |   00000000:DB:00.0 Off |                    0 |
| N/A   43C    P0            490W /  700W |   78933MiB /  81559MiB |    100%      Default |
|                                         |                        |             Disabled |
+-----------------------------------------+------------------------+----------------------+

+-----------------------------------------------------------------------------------------+
| Processes:                                                                              |
|  GPU   GI   CI              PID   Type   Process name                        GPU Memory |
|        ID   ID                                                               Usage      |
|=========================================================================================|
|  No running processes found                                                             |
+-----------------------------------------------------------------------------------------+

===== 2026-09-09T02:36:47Z pokprod-b93r39s2 (nvidia-gpu-operator/nvidia-dcgm-w2ww6) =====
Wed Sep  9 02:36:48 2026       
+-----------------------------------------------------------------------------------------+
| NVIDIA-SMI 580.105.08             Driver Version: 580.105.08     CUDA Version: 13.0     |
+-----------------------------------------+------------------------+----------------------+
| GPU  Name                 Persistence-M | Bus-Id          Disp.A | Volatile Uncorr. ECC |
| Fan  Temp   Perf          Pwr:Usage/Cap |           Memory-Usage | GPU-Util  Compute M. |
|                                         |                        |               MIG M. |
|=========================================+========================+======================|
|   0  NVIDIA H100 80GB HBM3          On  |   00000000:18:00.0 Off |                    0 |
| N/A   42C    P0            478W /  700W |   78933MiB /  81559MiB |    100%      Default |
|                                         |                        |             Disabled |
+-----------------------------------------+------------------------+----------------------+
|   1  NVIDIA H100 80GB HBM3          On  |   00000000:2A:00.0 Off |                    0 |
| N/A   29C    P0            100W /  700W |       0MiB /  81559MiB |      0%      Default |
|                                         |                        |             Disabled |
+-----------------------------------------+------------------------+----------------------+
|   2  NVIDIA H100 80GB HBM3          On  |   00000000:3A:00.0 Off |                    0 |
| N/A   38C    P0            101W /  700W |       0MiB /  81559MiB |      0%      Default |
|                                         |                        |             Disabled |
+-----------------------------------------+------------------------+----------------------+
|   3  NVIDIA H100 80GB HBM3          On  |   00000000:5D:00.0 Off |                    0 |
| N/A   41C    P0            467W /  700W |   78933MiB /  81559MiB |    100%      Default |
|                                         |                        |             Disabled |
+-----------------------------------------+------------------------+----------------------+
|   4  NVIDIA H100 80GB HBM3          On  |   00000000:9A:00.0 Off |                    0 |
| N/A   23C    P0             96W /  700W |       0MiB /  81559MiB |      0%      Default |
|                                         |                        |             Disabled |
+-----------------------------------------+------------------------+----------------------+
|   5  NVIDIA H100 80GB HBM3          On  |   00000000:AB:00.0 Off |                    0 |
| N/A   25C    P0             98W /  700W |       0MiB /  81559MiB |      0%      Default |
|                                         |                        |             Disabled |
+-----------------------------------------+------------------------+----------------------+
|   6  NVIDIA H100 80GB HBM3          On  |   00000000:BA:00.0 Off |                    0 |
| N/A   80C    P0            547W /  700W |   78933MiB /  81559MiB |    100%      Default |
|                                         |                        |             Disabled |
+-----------------------------------------+------------------------+----------------------+
|   7  NVIDIA H100 80GB HBM3          On  |   00000000:DB:00.0 Off |                    0 |
| N/A   42C    P0            477W /  700W |   78933MiB /  81559MiB |    100%      Default |
|                                         |                        |             Disabled |
+-----------------------------------------+------------------------+----------------------+

+-----------------------------------------------------------------------------------------+
| Processes:                                                                              |
|  GPU   GI   CI              PID   Type   Process name                        GPU Memory |
|        ID   ID                                                               Usage      |
|=========================================================================================|
|  No running processes found                                                             |
+-----------------------------------------------------------------------------------------+

===== 2026-09-09T02:37:00Z pokprod-b93r39s2 (nvidia-gpu-operator/nvidia-dcgm-w2ww6) =====
Wed Sep  9 02:37:01 2026       
+-----------------------------------------------------------------------------------------+
| NVIDIA-SMI 580.105.08             Driver Version: 580.105.08     CUDA Version: 13.0     |
+-----------------------------------------+------------------------+----------------------+
| GPU  Name                 Persistence-M | Bus-Id          Disp.A | Volatile Uncorr. ECC |
| Fan  Temp   Perf          Pwr:Usage/Cap |           Memory-Usage | GPU-Util  Compute M. |
|                                         |                        |               MIG M. |
|=========================================+========================+======================|
|   0  NVIDIA H100 80GB HBM3          On  |   00000000:18:00.0 Off |                    0 |
| N/A   55C    P0            688W /  700W |   78933MiB /  81559MiB |    100%      Default |
|                                         |                        |             Disabled |
+-----------------------------------------+------------------------+----------------------+
|   1  NVIDIA H100 80GB HBM3          On  |   00000000:2A:00.0 Off |                    0 |
| N/A   29C    P0            100W /  700W |       0MiB /  81559MiB |      0%      Default |
|                                         |                        |             Disabled |
+-----------------------------------------+------------------------+----------------------+
|   2  NVIDIA H100 80GB HBM3          On  |   00000000:3A:00.0 Off |                    0 |
| N/A   38C    P0            100W /  700W |       0MiB /  81559MiB |      0%      Default |
|                                         |                        |             Disabled |
+-----------------------------------------+------------------------+----------------------+
|   3  NVIDIA H100 80GB HBM3          On  |   00000000:5D:00.0 Off |                    0 |
| N/A   53C    P0            688W /  700W |   78933MiB /  81559MiB |    100%      Default |
|                                         |                        |             Disabled |
+-----------------------------------------+------------------------+----------------------+
|   4  NVIDIA H100 80GB HBM3          On  |   00000000:9A:00.0 Off |                    0 |
| N/A   23C    P0             96W /  700W |       0MiB /  81559MiB |      0%      Default |
|                                         |                        |             Disabled |
+-----------------------------------------+------------------------+----------------------+
|   5  NVIDIA H100 80GB HBM3          On  |   00000000:AB:00.0 Off |                    0 |
| N/A   25C    P0             98W /  700W |       0MiB /  81559MiB |      0%      Default |
|                                         |                        |             Disabled |
+-----------------------------------------+------------------------+----------------------+
|   6  NVIDIA H100 80GB HBM3          On  |   00000000:BA:00.0 Off |                    0 |
| N/A   87C    P0            594W /  700W |   78933MiB /  81559MiB |    100%      Default |
|                                         |                        |             Disabled |
+-----------------------------------------+------------------------+----------------------+
|   7  NVIDIA H100 80GB HBM3          On  |   00000000:DB:00.0 Off |                    0 |
| N/A   57C    P0            696W /  700W |   78933MiB /  81559MiB |    100%      Default |
|                                         |                        |             Disabled |
+-----------------------------------------+------------------------+----------------------+

+-----------------------------------------------------------------------------------------+
| Processes:                                                                              |
|  GPU   GI   CI              PID   Type   Process name                        GPU Memory |
|        ID   ID                                                               Usage      |
|=========================================================================================|
|  No running processes found                                                             |
+-----------------------------------------------------------------------------------------+

===== 2026-09-09T02:37:13Z pokprod-b93r39s2 (nvidia-gpu-operator/nvidia-dcgm-w2ww6) =====
Wed Sep  9 02:37:14 2026       
+-----------------------------------------------------------------------------------------+
| NVIDIA-SMI 580.105.08             Driver Version: 580.105.08     CUDA Version: 13.0     |
+-----------------------------------------+------------------------+----------------------+
| GPU  Name                 Persistence-M | Bus-Id          Disp.A | Volatile Uncorr. ECC |
| Fan  Temp   Perf          Pwr:Usage/Cap |           Memory-Usage | GPU-Util  Compute M. |
|                                         |                        |               MIG M. |
|=========================================+========================+======================|
|   0  NVIDIA H100 80GB HBM3          On  |   00000000:18:00.0 Off |                    0 |
| N/A   56C    P0            695W /  700W |   78933MiB /  81559MiB |    100%      Default |
|                                         |                        |             Disabled |
+-----------------------------------------+------------------------+----------------------+
|   1  NVIDIA H100 80GB HBM3          On  |   00000000:2A:00.0 Off |                    0 |
| N/A   30C    P0            100W /  700W |       0MiB /  81559MiB |      0%      Default |
|                                         |                        |             Disabled |
+-----------------------------------------+------------------------+----------------------+
|   2  NVIDIA H100 80GB HBM3          On  |   00000000:3A:00.0 Off |                    0 |
| N/A   38C    P0            100W /  700W |       0MiB /  81559MiB |      0%      Default |
|                                         |                        |             Disabled |
+-----------------------------------------+------------------------+----------------------+
|   3  NVIDIA H100 80GB HBM3          On  |   00000000:5D:00.0 Off |                    0 |
| N/A   55C    P0            688W /  700W |   78933MiB /  81559MiB |    100%      Default |
|                                         |                        |             Disabled |
+-----------------------------------------+------------------------+----------------------+
|   4  NVIDIA H100 80GB HBM3          On  |   00000000:9A:00.0 Off |                    0 |
| N/A   23C    P0             96W /  700W |       0MiB /  81559MiB |      0%      Default |
|                                         |                        |             Disabled |
+-----------------------------------------+------------------------+----------------------+
|   5  NVIDIA H100 80GB HBM3          On  |   00000000:AB:00.0 Off |                    0 |
| N/A   25C    P0             98W /  700W |       0MiB /  81559MiB |      0%      Default |
|                                         |                        |             Disabled |
+-----------------------------------------+------------------------+----------------------+
|   6  NVIDIA H100 80GB HBM3          On  |   00000000:BA:00.0 Off |                    0 |
| N/A   86C    P0            586W /  700W |   78933MiB /  81559MiB |    100%      Default |
|                                         |                        |             Disabled |
+-----------------------------------------+------------------------+----------------------+
|   7  NVIDIA H100 80GB HBM3          On  |   00000000:DB:00.0 Off |                    0 |
| N/A   59C    P0            693W /  700W |   78933MiB /  81559MiB |    100%      Default |
|                                         |                        |             Disabled |
+-----------------------------------------+------------------------+----------------------+

+-----------------------------------------------------------------------------------------+
| Processes:                                                                              |
|  GPU   GI   CI              PID   Type   Process name                        GPU Memory |
|        ID   ID                                                               Usage      |
|=========================================================================================|
|  No running processes found                                                             |
+-----------------------------------------------------------------------------------------+

===== 2026-09-09T02:37:25Z pokprod-b93r39s2 (nvidia-gpu-operator/nvidia-dcgm-w2ww6) =====
Wed Sep  9 02:37:27 2026       
+-----------------------------------------------------------------------------------------+
| NVIDIA-SMI 580.105.08             Driver Version: 580.105.08     CUDA Version: 13.0     |
+-----------------------------------------+------------------------+----------------------+
| GPU  Name                 Persistence-M | Bus-Id          Disp.A | Volatile Uncorr. ECC |
| Fan  Temp   Perf          Pwr:Usage/Cap |           Memory-Usage | GPU-Util  Compute M. |
|                                         |                        |               MIG M. |
|=========================================+========================+======================|
|   0  NVIDIA H100 80GB HBM3          On  |   00000000:18:00.0 Off |                    0 |
| N/A   58C    P0            676W /  700W |   78933MiB /  81559MiB |    100%      Default |
|                                         |                        |             Disabled |
+-----------------------------------------+------------------------+----------------------+
|   1  NVIDIA H100 80GB HBM3          On  |   00000000:2A:00.0 Off |                    0 |
| N/A   30C    P0            100W /  700W |       0MiB /  81559MiB |      0%      Default |
|                                         |                        |             Disabled |
+-----------------------------------------+------------------------+----------------------+
|   2  NVIDIA H100 80GB HBM3          On  |   00000000:3A:00.0 Off |                    0 |
| N/A   38C    P0            100W /  700W |       0MiB /  81559MiB |      0%      Default |
|                                         |                        |             Disabled |
+-----------------------------------------+------------------------+----------------------+
|   3  NVIDIA H100 80GB HBM3          On  |   00000000:5D:00.0 Off |                    0 |
| N/A   57C    P0            675W /  700W |   78933MiB /  81559MiB |    100%      Default |
|                                         |                        |             Disabled |
+-----------------------------------------+------------------------+----------------------+
|   4  NVIDIA H100 80GB HBM3          On  |   00000000:9A:00.0 Off |                    0 |
| N/A   23C    P0             96W /  700W |       0MiB /  81559MiB |      0%      Default |
|                                         |                        |             Disabled |
+-----------------------------------------+------------------------+----------------------+
|   5  NVIDIA H100 80GB HBM3          On  |   00000000:AB:00.0 Off |                    0 |
| N/A   25C    P0             98W /  700W |       0MiB /  81559MiB |      0%      Default |
|                                         |                        |             Disabled |
+-----------------------------------------+------------------------+----------------------+
|   6  NVIDIA H100 80GB HBM3          On  |   00000000:BA:00.0 Off |                    0 |
| N/A   86C    P0            601W /  700W |   78933MiB /  81559MiB |    100%      Default |
|                                         |                        |             Disabled |
+-----------------------------------------+------------------------+----------------------+
|   7  NVIDIA H100 80GB HBM3          On  |   00000000:DB:00.0 Off |                    0 |
| N/A   59C    P0            683W /  700W |   78933MiB /  81559MiB |    100%      Default |
|                                         |                        |             Disabled |
+-----------------------------------------+------------------------+----------------------+

+-----------------------------------------------------------------------------------------+
| Processes:                                                                              |
|  GPU   GI   CI              PID   Type   Process name                        GPU Memory |
|        ID   ID                                                               Usage      |
|=========================================================================================|
|  No running processes found                                                             |
+-----------------------------------------------------------------------------------------+

===== 2026-09-09T02:37:38Z pokprod-b93r39s2 (nvidia-gpu-operator/nvidia-dcgm-w2ww6) =====
Wed Sep  9 02:37:39 2026       
+-----------------------------------------------------------------------------------------+
| NVIDIA-SMI 580.105.08             Driver Version: 580.105.08     CUDA Version: 13.0     |
+-----------------------------------------+------------------------+----------------------+
| GPU  Name                 Persistence-M | Bus-Id          Disp.A | Volatile Uncorr. ECC |
| Fan  Temp   Perf          Pwr:Usage/Cap |           Memory-Usage | GPU-Util  Compute M. |
|                                         |                        |               MIG M. |
|=========================================+========================+======================|
|   0  NVIDIA H100 80GB HBM3          On  |   00000000:18:00.0 Off |                    0 |
| N/A   58C    P0            674W /  700W |   78933MiB /  81559MiB |    100%      Default |
|                                         |                        |             Disabled |
+-----------------------------------------+------------------------+----------------------+
|   1  NVIDIA H100 80GB HBM3          On  |   00000000:2A:00.0 Off |                    0 |
| N/A   30C    P0            100W /  700W |       0MiB /  81559MiB |      0%      Default |
|                                         |                        |             Disabled |
+-----------------------------------------+------------------------+----------------------+
|   2  NVIDIA H100 80GB HBM3          On  |   00000000:3A:00.0 Off |                    0 |
| N/A   38C    P0            101W /  700W |       0MiB /  81559MiB |      0%      Default |
|                                         |                        |             Disabled |
+-----------------------------------------+------------------------+----------------------+
|   3  NVIDIA H100 80GB HBM3          On  |   00000000:5D:00.0 Off |                    0 |
| N/A   57C    P0            668W /  700W |   78933MiB /  81559MiB |    100%      Default |
|                                         |                        |             Disabled |
+-----------------------------------------+------------------------+----------------------+
|   4  NVIDIA H100 80GB HBM3          On  |   00000000:9A:00.0 Off |                    0 |
| N/A   23C    P0             96W /  700W |       0MiB /  81559MiB |      0%      Default |
|                                         |                        |             Disabled |
+-----------------------------------------+------------------------+----------------------+
|   5  NVIDIA H100 80GB HBM3          On  |   00000000:AB:00.0 Off |                    0 |
| N/A   25C    P0             98W /  700W |       0MiB /  81559MiB |      0%      Default |
|                                         |                        |             Disabled |
+-----------------------------------------+------------------------+----------------------+
|   6  NVIDIA H100 80GB HBM3          On  |   00000000:BA:00.0 Off |                    0 |
| N/A   86C    P0            601W /  700W |   78933MiB /  81559MiB |    100%      Default |
|                                         |                        |             Disabled |
+-----------------------------------------+------------------------+----------------------+
|   7  NVIDIA H100 80GB HBM3          On  |   00000000:DB:00.0 Off |                    0 |
| N/A   57C    P0            677W /  700W |   78933MiB /  81559MiB |    100%      Default |
|                                         |                        |             Disabled |
+-----------------------------------------+------------------------+----------------------+

+-----------------------------------------------------------------------------------------+
| Processes:                                                                              |
|  GPU   GI   CI              PID   Type   Process name                        GPU Memory |
|        ID   ID                                                               Usage      |
|=========================================================================================|
|  No running processes found                                                             |
+-----------------------------------------------------------------------------------------+

===== 2026-09-09T02:37:51Z pokprod-b93r39s2 (nvidia-gpu-operator/nvidia-dcgm-w2ww6) =====
Wed Sep  9 02:37:52 2026       
+-----------------------------------------------------------------------------------------+
| NVIDIA-SMI 580.105.08             Driver Version: 580.105.08     CUDA Version: 13.0     |
+-----------------------------------------+------------------------+----------------------+
| GPU  Name                 Persistence-M | Bus-Id          Disp.A | Volatile Uncorr. ECC |
| Fan  Temp   Perf          Pwr:Usage/Cap |           Memory-Usage | GPU-Util  Compute M. |
|                                         |                        |               MIG M. |
|=========================================+========================+======================|
|   0  NVIDIA H100 80GB HBM3          On  |   00000000:18:00.0 Off |                    0 |
| N/A   43C    P0            490W /  700W |   78933MiB /  81559MiB |    100%      Default |
|                                         |                        |             Disabled |
+-----------------------------------------+------------------------+----------------------+
|   1  NVIDIA H100 80GB HBM3          On  |   00000000:2A:00.0 Off |                    0 |
| N/A   30C    P0            100W /  700W |       0MiB /  81559MiB |      0%      Default |
|                                         |                        |             Disabled |
+-----------------------------------------+------------------------+----------------------+
|   2  NVIDIA H100 80GB HBM3          On  |   00000000:3A:00.0 Off |                    0 |
| N/A   38C    P0            101W /  700W |       0MiB /  81559MiB |      0%      Default |
|                                         |                        |             Disabled |
+-----------------------------------------+------------------------+----------------------+
|   3  NVIDIA H100 80GB HBM3          On  |   00000000:5D:00.0 Off |                    0 |
| N/A   42C    P0            482W /  700W |   78933MiB /  81559MiB |    100%      Default |
|                                         |                        |             Disabled |
+-----------------------------------------+------------------------+----------------------+
|   4  NVIDIA H100 80GB HBM3          On  |   00000000:9A:00.0 Off |                    0 |
| N/A   23C    P0             96W /  700W |       0MiB /  81559MiB |      0%      Default |
|                                         |                        |             Disabled |
+-----------------------------------------+------------------------+----------------------+
|   5  NVIDIA H100 80GB HBM3          On  |   00000000:AB:00.0 Off |                    0 |
| N/A   26C    P0             98W /  700W |       0MiB /  81559MiB |      0%      Default |
|                                         |                        |             Disabled |
+-----------------------------------------+------------------------+----------------------+
|   6  NVIDIA H100 80GB HBM3          On  |   00000000:BA:00.0 Off |                    0 |
| N/A   81C    P0            570W /  700W |   78933MiB /  81559MiB |    100%      Default |
|                                         |                        |             Disabled |
+-----------------------------------------+------------------------+----------------------+
|   7  NVIDIA H100 80GB HBM3          On  |   00000000:DB:00.0 Off |                    0 |
| N/A   45C    P0            493W /  700W |   78933MiB /  81559MiB |    100%      Default |
|                                         |                        |             Disabled |
+-----------------------------------------+------------------------+----------------------+

+-----------------------------------------------------------------------------------------+
| Processes:                                                                              |
|  GPU   GI   CI              PID   Type   Process name                        GPU Memory |
|        ID   ID                                                               Usage      |
|=========================================================================================|
|  No running processes found                                                             |
+-----------------------------------------------------------------------------------------+

===== 2026-09-09T02:38:04Z pokprod-b93r39s2 (nvidia-gpu-operator/nvidia-dcgm-w2ww6) =====
Wed Sep  9 02:38:06 2026       
+-----------------------------------------------------------------------------------------+
| NVIDIA-SMI 580.105.08             Driver Version: 580.105.08     CUDA Version: 13.0     |
+-----------------------------------------+------------------------+----------------------+
| GPU  Name                 Persistence-M | Bus-Id          Disp.A | Volatile Uncorr. ECC |
| Fan  Temp   Perf          Pwr:Usage/Cap |           Memory-Usage | GPU-Util  Compute M. |
|                                         |                        |               MIG M. |
|=========================================+========================+======================|
|   0  NVIDIA H100 80GB HBM3          On  |   00000000:18:00.0 Off |                    0 |
| N/A   34C    P0            151W /  700W |   78933MiB /  81559MiB |      0%      Default |
|                                         |                        |             Disabled |
+-----------------------------------------+------------------------+----------------------+
|   1  NVIDIA H100 80GB HBM3          On  |   00000000:2A:00.0 Off |                    0 |
| N/A   30C    P0            100W /  700W |       0MiB /  81559MiB |      0%      Default |
|                                         |                        |             Disabled |
+-----------------------------------------+------------------------+----------------------+
|   2  NVIDIA H100 80GB HBM3          On  |   00000000:3A:00.0 Off |                    0 |
| N/A   38C    P0            100W /  700W |       0MiB /  81559MiB |      0%      Default |
|                                         |                        |             Disabled |
+-----------------------------------------+------------------------+----------------------+
|   3  NVIDIA H100 80GB HBM3          On  |   00000000:5D:00.0 Off |                    0 |
| N/A   33C    P0            148W /  700W |   78933MiB /  81559MiB |      0%      Default |
|                                         |                        |             Disabled |
+-----------------------------------------+------------------------+----------------------+
|   4  NVIDIA H100 80GB HBM3          On  |   00000000:9A:00.0 Off |                    0 |
| N/A   23C    P0             96W /  700W |       0MiB /  81559MiB |      0%      Default |
|                                         |                        |             Disabled |
+-----------------------------------------+------------------------+----------------------+
|   5  NVIDIA H100 80GB HBM3          On  |   00000000:AB:00.0 Off |                    0 |
| N/A   26C    P0             98W /  700W |       0MiB /  81559MiB |      0%      Default |
|                                         |                        |             Disabled |
+-----------------------------------------+------------------------+----------------------+
|   6  NVIDIA H100 80GB HBM3          On  |   00000000:BA:00.0 Off |                    0 |
| N/A   74C    P0            200W /  700W |   78933MiB /  81559MiB |      0%      Default |
|                                         |                        |             Disabled |
+-----------------------------------------+------------------------+----------------------+
|   7  NVIDIA H100 80GB HBM3          On  |   00000000:DB:00.0 Off |                    0 |
| N/A   35C    P0            153W /  700W |   78933MiB /  81559MiB |      0%      Default |
|                                         |                        |             Disabled |
+-----------------------------------------+------------------------+----------------------+

+-----------------------------------------------------------------------------------------+
| Processes:                                                                              |
|  GPU   GI   CI              PID   Type   Process name                        GPU Memory |
|        ID   ID                                                               Usage      |
|=========================================================================================|
|  No running processes found                                                             |
+-----------------------------------------------------------------------------------------+

===== 2026-09-09T02:38:17Z pokprod-b93r39s2 (nvidia-gpu-operator/nvidia-dcgm-w2ww6) =====
Wed Sep  9 02:38:19 2026       
+-----------------------------------------------------------------------------------------+
| NVIDIA-SMI 580.105.08             Driver Version: 580.105.08     CUDA Version: 13.0     |
+-----------------------------------------+------------------------+----------------------+
| GPU  Name                 Persistence-M | Bus-Id          Disp.A | Volatile Uncorr. ECC |
| Fan  Temp   Perf          Pwr:Usage/Cap |           Memory-Usage | GPU-Util  Compute M. |
|                                         |                        |               MIG M. |
|=========================================+========================+======================|
|   0  NVIDIA H100 80GB HBM3          On  |   00000000:18:00.0 Off |                    0 |
| N/A   56C    P0            688W /  700W |   78933MiB /  81559MiB |    100%      Default |
|                                         |                        |             Disabled |
+-----------------------------------------+------------------------+----------------------+
|   1  NVIDIA H100 80GB HBM3          On  |   00000000:2A:00.0 Off |                    0 |
| N/A   29C    P0            100W /  700W |       0MiB /  81559MiB |      0%      Default |
|                                         |                        |             Disabled |
+-----------------------------------------+------------------------+----------------------+
|   2  NVIDIA H100 80GB HBM3          On  |   00000000:3A:00.0 Off |                    0 |
| N/A   38C    P0            100W /  700W |       0MiB /  81559MiB |      0%      Default |
|                                         |                        |             Disabled |
+-----------------------------------------+------------------------+----------------------+
|   3  NVIDIA H100 80GB HBM3          On  |   00000000:5D:00.0 Off |                    0 |
| N/A   54C    P0            682W /  700W |   78933MiB /  81559MiB |    100%      Default |
|                                         |                        |             Disabled |
+-----------------------------------------+------------------------+----------------------+
|   4  NVIDIA H100 80GB HBM3          On  |   00000000:9A:00.0 Off |                    0 |
| N/A   23C    P0             96W /  700W |       0MiB /  81559MiB |      0%      Default |
|                                         |                        |             Disabled |
+-----------------------------------------+------------------------+----------------------+
|   5  NVIDIA H100 80GB HBM3          On  |   00000000:AB:00.0 Off |                    0 |
| N/A   26C    P0             98W /  700W |       0MiB /  81559MiB |      0%      Default |
|                                         |                        |             Disabled |
+-----------------------------------------+------------------------+----------------------+
|   6  NVIDIA H100 80GB HBM3          On  |   00000000:BA:00.0 Off |                    0 |
| N/A   87C    P0            626W /  700W |   78933MiB /  81559MiB |    100%      Default |
|                                         |                        |             Disabled |
+-----------------------------------------+------------------------+----------------------+
|   7  NVIDIA H100 80GB HBM3          On  |   00000000:DB:00.0 Off |                    0 |
| N/A   55C    P0            690W /  700W |   78933MiB /  81559MiB |    100%      Default |
|                                         |                        |             Disabled |
+-----------------------------------------+------------------------+----------------------+

+-----------------------------------------------------------------------------------------+
| Processes:                                                                              |
|  GPU   GI   CI              PID   Type   Process name                        GPU Memory |
|        ID   ID                                                               Usage      |
|=========================================================================================|
|  No running processes found                                                             |
+-----------------------------------------------------------------------------------------+

===== 2026-09-09T02:38:30Z pokprod-b93r39s2 (nvidia-gpu-operator/nvidia-dcgm-w2ww6) =====
Wed Sep  9 02:38:31 2026       
+-----------------------------------------------------------------------------------------+
| NVIDIA-SMI 580.105.08             Driver Version: 580.105.08     CUDA Version: 13.0     |
+-----------------------------------------+------------------------+----------------------+
| GPU  Name                 Persistence-M | Bus-Id          Disp.A | Volatile Uncorr. ECC |
| Fan  Temp   Perf          Pwr:Usage/Cap |           Memory-Usage | GPU-Util  Compute M. |
|                                         |                        |               MIG M. |
|=========================================+========================+======================|
|   0  NVIDIA H100 80GB HBM3          On  |   00000000:18:00.0 Off |                    0 |
| N/A   56C    P0            676W /  700W |   78933MiB /  81559MiB |    100%      Default |
|                                         |                        |             Disabled |
+-----------------------------------------+------------------------+----------------------+
|   1  NVIDIA H100 80GB HBM3          On  |   00000000:2A:00.0 Off |                    0 |
| N/A   29C    P0            100W /  700W |       0MiB /  81559MiB |      0%      Default |
|                                         |                        |             Disabled |
+-----------------------------------------+------------------------+----------------------+
|   2  NVIDIA H100 80GB HBM3          On  |   00000000:3A:00.0 Off |                    0 |
| N/A   38C    P0            100W /  700W |       0MiB /  81559MiB |      0%      Default |
|                                         |                        |             Disabled |
+-----------------------------------------+------------------------+----------------------+
|   3  NVIDIA H100 80GB HBM3          On  |   00000000:5D:00.0 Off |                    0 |
| N/A   54C    P0            684W /  700W |   78933MiB /  81559MiB |    100%      Default |
|                                         |                        |             Disabled |
+-----------------------------------------+------------------------+----------------------+
|   4  NVIDIA H100 80GB HBM3          On  |   00000000:9A:00.0 Off |                    0 |
| N/A   23C    P0             96W /  700W |       0MiB /  81559MiB |      0%      Default |
|                                         |                        |             Disabled |
+-----------------------------------------+------------------------+----------------------+
|   5  NVIDIA H100 80GB HBM3          On  |   00000000:AB:00.0 Off |                    0 |
| N/A   25C    P0             98W /  700W |       0MiB /  81559MiB |      0%      Default |
|                                         |                        |             Disabled |
+-----------------------------------------+------------------------+----------------------+
|   6  NVIDIA H100 80GB HBM3          On  |   00000000:BA:00.0 Off |                    0 |
| N/A   86C    P0            607W /  700W |   78933MiB /  81559MiB |    100%      Default |
|                                         |                        |             Disabled |
+-----------------------------------------+------------------------+----------------------+
|   7  NVIDIA H100 80GB HBM3          On  |   00000000:DB:00.0 Off |                    0 |
| N/A   56C    P0            674W /  700W |   78933MiB /  81559MiB |    100%      Default |
|                                         |                        |             Disabled |
+-----------------------------------------+------------------------+----------------------+

+-----------------------------------------------------------------------------------------+
| Processes:                                                                              |
|  GPU   GI   CI              PID   Type   Process name                        GPU Memory |
|        ID   ID                                                               Usage      |
|=========================================================================================|
|  No running processes found                                                             |
+-----------------------------------------------------------------------------------------+

===== 2026-09-09T02:38:43Z pokprod-b93r39s2 (nvidia-gpu-operator/nvidia-dcgm-w2ww6) =====
Wed Sep  9 02:38:44 2026       
+-----------------------------------------------------------------------------------------+
| NVIDIA-SMI 580.105.08             Driver Version: 580.105.08     CUDA Version: 13.0     |
+-----------------------------------------+------------------------+----------------------+
| GPU  Name                 Persistence-M | Bus-Id          Disp.A | Volatile Uncorr. ECC |
| Fan  Temp   Perf          Pwr:Usage/Cap |           Memory-Usage | GPU-Util  Compute M. |
|                                         |                        |               MIG M. |
|=========================================+========================+======================|
|   0  NVIDIA H100 80GB HBM3          On  |   00000000:18:00.0 Off |                    0 |
| N/A   44C    P0            507W /  700W |   78933MiB /  81559MiB |    100%      Default |
|                                         |                        |             Disabled |
+-----------------------------------------+------------------------+----------------------+
|   1  NVIDIA H100 80GB HBM3          On  |   00000000:2A:00.0 Off |                    0 |
| N/A   29C    P0            100W /  700W |       0MiB /  81559MiB |      0%      Default |
|                                         |                        |             Disabled |
+-----------------------------------------+------------------------+----------------------+
|   2  NVIDIA H100 80GB HBM3          On  |   00000000:3A:00.0 Off |                    0 |
| N/A   38C    P0            100W /  700W |       0MiB /  81559MiB |      0%      Default |
|                                         |                        |             Disabled |
+-----------------------------------------+------------------------+----------------------+
|   3  NVIDIA H100 80GB HBM3          On  |   00000000:5D:00.0 Off |                    0 |
| N/A   42C    P0            500W /  700W |   78933MiB /  81559MiB |    100%      Default |
|                                         |                        |             Disabled |
+-----------------------------------------+------------------------+----------------------+
|   4  NVIDIA H100 80GB HBM3          On  |   00000000:9A:00.0 Off |                    0 |
| N/A   23C    P0             96W /  700W |       0MiB /  81559MiB |      0%      Default |
|                                         |                        |             Disabled |
+-----------------------------------------+------------------------+----------------------+
|   5  NVIDIA H100 80GB HBM3          On  |   00000000:AB:00.0 Off |                    0 |
| N/A   25C    P0             98W /  700W |       0MiB /  81559MiB |      0%      Default |
|                                         |                        |             Disabled |
+-----------------------------------------+------------------------+----------------------+
|   6  NVIDIA H100 80GB HBM3          On  |   00000000:BA:00.0 Off |                    0 |
| N/A   81C    P0            586W /  700W |   78933MiB /  81559MiB |    100%      Default |
|                                         |                        |             Disabled |
+-----------------------------------------+------------------------+----------------------+
|   7  NVIDIA H100 80GB HBM3          On  |   00000000:DB:00.0 Off |                    0 |
| N/A   44C    P0            514W /  700W |   78933MiB /  81559MiB |    100%      Default |
|                                         |                        |             Disabled |
+-----------------------------------------+------------------------+----------------------+

+-----------------------------------------------------------------------------------------+
| Processes:                                                                              |
|  GPU   GI   CI              PID   Type   Process name                        GPU Memory |
|        ID   ID                                                               Usage      |
|=========================================================================================|
|  No running processes found                                                             |
+-----------------------------------------------------------------------------------------+

===== 2026-09-09T02:38:56Z pokprod-b93r39s2 (nvidia-gpu-operator/nvidia-dcgm-w2ww6) =====
Wed Sep  9 02:38:57 2026       
+-----------------------------------------------------------------------------------------+
| NVIDIA-SMI 580.105.08             Driver Version: 580.105.08     CUDA Version: 13.0     |
+-----------------------------------------+------------------------+----------------------+
| GPU  Name                 Persistence-M | Bus-Id          Disp.A | Volatile Uncorr. ECC |
| Fan  Temp   Perf          Pwr:Usage/Cap |           Memory-Usage | GPU-Util  Compute M. |
|                                         |                        |               MIG M. |
|=========================================+========================+======================|
|   0  NVIDIA H100 80GB HBM3          On  |   00000000:18:00.0 Off |                    0 |
| N/A   43C    P0            492W /  700W |   78933MiB /  81559MiB |    100%      Default |
|                                         |                        |             Disabled |
+-----------------------------------------+------------------------+----------------------+
|   1  NVIDIA H100 80GB HBM3          On  |   00000000:2A:00.0 Off |                    0 |
| N/A   29C    P0            100W /  700W |       0MiB /  81559MiB |      0%      Default |
|                                         |                        |             Disabled |
+-----------------------------------------+------------------------+----------------------+
|   2  NVIDIA H100 80GB HBM3          On  |   00000000:3A:00.0 Off |                    0 |
| N/A   38C    P0            100W /  700W |       0MiB /  81559MiB |      0%      Default |
|                                         |                        |             Disabled |
+-----------------------------------------+------------------------+----------------------+
|   3  NVIDIA H100 80GB HBM3          On  |   00000000:5D:00.0 Off |                    0 |
| N/A   42C    P0            486W /  700W |   78933MiB /  81559MiB |    100%      Default |
|                                         |                        |             Disabled |
+-----------------------------------------+------------------------+----------------------+
|   4  NVIDIA H100 80GB HBM3          On  |   00000000:9A:00.0 Off |                    0 |
| N/A   23C    P0             96W /  700W |       0MiB /  81559MiB |      0%      Default |
|                                         |                        |             Disabled |
+-----------------------------------------+------------------------+----------------------+
|   5  NVIDIA H100 80GB HBM3          On  |   00000000:AB:00.0 Off |                    0 |
| N/A   25C    P0             98W /  700W |       0MiB /  81559MiB |      0%      Default |
|                                         |                        |             Disabled |
+-----------------------------------------+------------------------+----------------------+
|   6  NVIDIA H100 80GB HBM3          On  |   00000000:BA:00.0 Off |                    0 |
| N/A   80C    P0            558W /  700W |   78933MiB /  81559MiB |    100%      Default |
|                                         |                        |             Disabled |
+-----------------------------------------+------------------------+----------------------+
|   7  NVIDIA H100 80GB HBM3          On  |   00000000:DB:00.0 Off |                    0 |
| N/A   43C    P0            487W /  700W |   78933MiB /  81559MiB |    100%      Default |
|                                         |                        |             Disabled |
+-----------------------------------------+------------------------+----------------------+

+-----------------------------------------------------------------------------------------+
| Processes:                                                                              |
|  GPU   GI   CI              PID   Type   Process name                        GPU Memory |
|        ID   ID                                                               Usage      |
|=========================================================================================|
|  No running processes found                                                             |
+-----------------------------------------------------------------------------------------+

===== 2026-09-09T02:39:09Z pokprod-b93r39s2 (nvidia-gpu-operator/nvidia-dcgm-w2ww6) =====
Wed Sep  9 02:39:10 2026       
+-----------------------------------------------------------------------------------------+
| NVIDIA-SMI 580.105.08             Driver Version: 580.105.08     CUDA Version: 13.0     |
+-----------------------------------------+------------------------+----------------------+
| GPU  Name                 Persistence-M | Bus-Id          Disp.A | Volatile Uncorr. ECC |
| Fan  Temp   Perf          Pwr:Usage/Cap |           Memory-Usage | GPU-Util  Compute M. |
|                                         |                        |               MIG M. |
|=========================================+========================+======================|
|   0  NVIDIA H100 80GB HBM3          On  |   00000000:18:00.0 Off |                    0 |
| N/A   41C    P0            462W /  700W |   78933MiB /  81559MiB |    100%      Default |
|                                         |                        |             Disabled |
+-----------------------------------------+------------------------+----------------------+
|   1  NVIDIA H100 80GB HBM3          On  |   00000000:2A:00.0 Off |                    0 |
| N/A   29C    P0            100W /  700W |       0MiB /  81559MiB |      0%      Default |
|                                         |                        |             Disabled |
+-----------------------------------------+------------------------+----------------------+
|   2  NVIDIA H100 80GB HBM3          On  |   00000000:3A:00.0 Off |                    0 |
| N/A   38C    P0            100W /  700W |       0MiB /  81559MiB |      0%      Default |
|                                         |                        |             Disabled |
+-----------------------------------------+------------------------+----------------------+
|   3  NVIDIA H100 80GB HBM3          On  |   00000000:5D:00.0 Off |                    0 |
| N/A   40C    P0            453W /  700W |   78933MiB /  81559MiB |    100%      Default |
|                                         |                        |             Disabled |
+-----------------------------------------+------------------------+----------------------+
|   4  NVIDIA H100 80GB HBM3          On  |   00000000:9A:00.0 Off |                    0 |
| N/A   23C    P0             96W /  700W |       0MiB /  81559MiB |      0%      Default |
|                                         |                        |             Disabled |
+-----------------------------------------+------------------------+----------------------+
|   5  NVIDIA H100 80GB HBM3          On  |   00000000:AB:00.0 Off |                    0 |
| N/A   25C    P0             98W /  700W |       0MiB /  81559MiB |      0%      Default |
|                                         |                        |             Disabled |
+-----------------------------------------+------------------------+----------------------+
|   6  NVIDIA H100 80GB HBM3          On  |   00000000:BA:00.0 Off |                    0 |
| N/A   79C    P0            526W /  700W |   78933MiB /  81559MiB |    100%      Default |
|                                         |                        |             Disabled |
+-----------------------------------------+------------------------+----------------------+
|   7  NVIDIA H100 80GB HBM3          On  |   00000000:DB:00.0 Off |                    0 |
| N/A   41C    P0            462W /  700W |   78933MiB /  81559MiB |    100%      Default |
|                                         |                        |             Disabled |
+-----------------------------------------+------------------------+----------------------+

+-----------------------------------------------------------------------------------------+
| Processes:                                                                              |
|  GPU   GI   CI              PID   Type   Process name                        GPU Memory |
|        ID   ID                                                               Usage      |
|=========================================================================================|
|  No running processes found                                                             |
+-----------------------------------------------------------------------------------------+

===== 2026-09-09T02:39:22Z pokprod-b93r39s2 (nvidia-gpu-operator/nvidia-dcgm-w2ww6) =====
Wed Sep  9 02:39:23 2026       
+-----------------------------------------------------------------------------------------+
| NVIDIA-SMI 580.105.08             Driver Version: 580.105.08     CUDA Version: 13.0     |
+-----------------------------------------+------------------------+----------------------+
| GPU  Name                 Persistence-M | Bus-Id          Disp.A | Volatile Uncorr. ECC |
| Fan  Temp   Perf          Pwr:Usage/Cap |           Memory-Usage | GPU-Util  Compute M. |
|                                         |                        |               MIG M. |
|=========================================+========================+======================|
|   0  NVIDIA H100 80GB HBM3          On  |   00000000:18:00.0 Off |                    0 |
| N/A   60C    P0            693W /  700W |   78933MiB /  81559MiB |    100%      Default |
|                                         |                        |             Disabled |
+-----------------------------------------+------------------------+----------------------+
|   1  NVIDIA H100 80GB HBM3          On  |   00000000:2A:00.0 Off |                    0 |
| N/A   29C    P0            100W /  700W |       0MiB /  81559MiB |      0%      Default |
|                                         |                        |             Disabled |
+-----------------------------------------+------------------------+----------------------+
|   2  NVIDIA H100 80GB HBM3          On  |   00000000:3A:00.0 Off |                    0 |
| N/A   38C    P0            100W /  700W |       0MiB /  81559MiB |      0%      Default |
|                                         |                        |             Disabled |
+-----------------------------------------+------------------------+----------------------+
|   3  NVIDIA H100 80GB HBM3          On  |   00000000:5D:00.0 Off |                    0 |
| N/A   58C    P0            690W /  700W |   78933MiB /  81559MiB |    100%      Default |
|                                         |                        |             Disabled |
+-----------------------------------------+------------------------+----------------------+
|   4  NVIDIA H100 80GB HBM3          On  |   00000000:9A:00.0 Off |                    0 |
| N/A   23C    P0             96W /  700W |       0MiB /  81559MiB |      0%      Default |
|                                         |                        |             Disabled |
+-----------------------------------------+------------------------+----------------------+
|   5  NVIDIA H100 80GB HBM3          On  |   00000000:AB:00.0 Off |                    0 |
| N/A   25C    P0             98W /  700W |       0MiB /  81559MiB |      0%      Default |
|                                         |                        |             Disabled |
+-----------------------------------------+------------------------+----------------------+
|   6  NVIDIA H100 80GB HBM3          On  |   00000000:BA:00.0 Off |                    0 |
| N/A   86C    P0            572W /  700W |   78933MiB /  81559MiB |    100%      Default |
|                                         |                        |             Disabled |
+-----------------------------------------+------------------------+----------------------+
|   7  NVIDIA H100 80GB HBM3          On  |   00000000:DB:00.0 Off |                    0 |
| N/A   57C    P0            694W /  700W |   78933MiB /  81559MiB |    100%      Default |
|                                         |                        |             Disabled |
+-----------------------------------------+------------------------+----------------------+

+-----------------------------------------------------------------------------------------+
| Processes:                                                                              |
|  GPU   GI   CI              PID   Type   Process name                        GPU Memory |
|        ID   ID                                                               Usage      |
|=========================================================================================|
|  No running processes found                                                             |
+-----------------------------------------------------------------------------------------+

===== 2026-09-09T02:39:35Z pokprod-b93r39s2 (nvidia-gpu-operator/nvidia-dcgm-w2ww6) =====
Wed Sep  9 02:39:37 2026       
+-----------------------------------------------------------------------------------------+
| NVIDIA-SMI 580.105.08             Driver Version: 580.105.08     CUDA Version: 13.0     |
+-----------------------------------------+------------------------+----------------------+
| GPU  Name                 Persistence-M | Bus-Id          Disp.A | Volatile Uncorr. ECC |
| Fan  Temp   Perf          Pwr:Usage/Cap |           Memory-Usage | GPU-Util  Compute M. |
|                                         |                        |               MIG M. |
|=========================================+========================+======================|
|   0  NVIDIA H100 80GB HBM3          On  |   00000000:18:00.0 Off |                    0 |
| N/A   57C    P0            684W /  700W |   78933MiB /  81559MiB |    100%      Default |
|                                         |                        |             Disabled |
+-----------------------------------------+------------------------+----------------------+
|   1  NVIDIA H100 80GB HBM3          On  |   00000000:2A:00.0 Off |                    0 |
| N/A   29C    P0            100W /  700W |       0MiB /  81559MiB |      0%      Default |
|                                         |                        |             Disabled |
+-----------------------------------------+------------------------+----------------------+
|   2  NVIDIA H100 80GB HBM3          On  |   00000000:3A:00.0 Off |                    0 |
| N/A   38C    P0            100W /  700W |       0MiB /  81559MiB |      0%      Default |
|                                         |                        |             Disabled |
+-----------------------------------------+------------------------+----------------------+
|   3  NVIDIA H100 80GB HBM3          On  |   00000000:5D:00.0 Off |                    0 |
| N/A   57C    P0            696W /  700W |   78933MiB /  81559MiB |    100%      Default |
|                                         |                        |             Disabled |
+-----------------------------------------+------------------------+----------------------+
|   4  NVIDIA H100 80GB HBM3          On  |   00000000:9A:00.0 Off |                    0 |
| N/A   23C    P0             96W /  700W |       0MiB /  81559MiB |      0%      Default |
|                                         |                        |             Disabled |
+-----------------------------------------+------------------------+----------------------+
|   5  NVIDIA H100 80GB HBM3          On  |   00000000:AB:00.0 Off |                    0 |
| N/A   26C    P0             98W /  700W |       0MiB /  81559MiB |      0%      Default |
|                                         |                        |             Disabled |
+-----------------------------------------+------------------------+----------------------+
|   6  NVIDIA H100 80GB HBM3          On  |   00000000:BA:00.0 Off |                    0 |
| N/A   87C    P0            594W /  700W |   78933MiB /  81559MiB |    100%      Default |
|                                         |                        |             Disabled |
+-----------------------------------------+------------------------+----------------------+
|   7  NVIDIA H100 80GB HBM3          On  |   00000000:DB:00.0 Off |                    0 |
| N/A   59C    P0            696W /  700W |   78933MiB /  81559MiB |    100%      Default |
|                                         |                        |             Disabled |
+-----------------------------------------+------------------------+----------------------+

+-----------------------------------------------------------------------------------------+
| Processes:                                                                              |
|  GPU   GI   CI              PID   Type   Process name                        GPU Memory |
|        ID   ID                                                               Usage      |
|=========================================================================================|
|  No running processes found                                                             |
+-----------------------------------------------------------------------------------------+

===== 2026-09-09T02:39:48Z pokprod-b93r39s2 (nvidia-gpu-operator/nvidia-dcgm-w2ww6) =====
Wed Sep  9 02:39:50 2026       
+-----------------------------------------------------------------------------------------+
| NVIDIA-SMI 580.105.08             Driver Version: 580.105.08     CUDA Version: 13.0     |
+-----------------------------------------+------------------------+----------------------+
| GPU  Name                 Persistence-M | Bus-Id          Disp.A | Volatile Uncorr. ECC |
| Fan  Temp   Perf          Pwr:Usage/Cap |           Memory-Usage | GPU-Util  Compute M. |
|                                         |                        |               MIG M. |
|=========================================+========================+======================|
|   0  NVIDIA H100 80GB HBM3          On  |   00000000:18:00.0 Off |                    0 |
| N/A   46C    P0            551W /  700W |   78933MiB /  81559MiB |    100%      Default |
|                                         |                        |             Disabled |
+-----------------------------------------+------------------------+----------------------+
|   1  NVIDIA H100 80GB HBM3          On  |   00000000:2A:00.0 Off |                    0 |
| N/A   30C    P0            100W /  700W |       0MiB /  81559MiB |      0%      Default |
|                                         |                        |             Disabled |
+-----------------------------------------+------------------------+----------------------+
|   2  NVIDIA H100 80GB HBM3          On  |   00000000:3A:00.0 Off |                    0 |
| N/A   38C    P0            101W /  700W |       0MiB /  81559MiB |      0%      Default |
|                                         |                        |             Disabled |
+-----------------------------------------+------------------------+----------------------+
|   3  NVIDIA H100 80GB HBM3          On  |   00000000:5D:00.0 Off |                    0 |
| N/A   45C    P0            540W /  700W |   78933MiB /  81559MiB |    100%      Default |
|                                         |                        |             Disabled |
+-----------------------------------------+------------------------+----------------------+
|   4  NVIDIA H100 80GB HBM3          On  |   00000000:9A:00.0 Off |                    0 |
| N/A   23C    P0             96W /  700W |       0MiB /  81559MiB |      0%      Default |
|                                         |                        |             Disabled |
+-----------------------------------------+------------------------+----------------------+
|   5  NVIDIA H100 80GB HBM3          On  |   00000000:AB:00.0 Off |                    0 |
| N/A   26C    P0             98W /  700W |       0MiB /  81559MiB |      0%      Default |
|                                         |                        |             Disabled |
+-----------------------------------------+------------------------+----------------------+
|   6  NVIDIA H100 80GB HBM3          On  |   00000000:BA:00.0 Off |                    0 |
| N/A   83C    P0            628W /  700W |   78933MiB /  81559MiB |    100%      Default |
|                                         |                        |             Disabled |
+-----------------------------------------+------------------------+----------------------+
|   7  NVIDIA H100 80GB HBM3          On  |   00000000:DB:00.0 Off |                    0 |
| N/A   47C    P0            549W /  700W |   78933MiB /  81559MiB |    100%      Default |
|                                         |                        |             Disabled |
+-----------------------------------------+------------------------+----------------------+

+-----------------------------------------------------------------------------------------+
| Processes:                                                                              |
|  GPU   GI   CI              PID   Type   Process name                        GPU Memory |
|        ID   ID                                                               Usage      |
|=========================================================================================|
|  No running processes found                                                             |
+-----------------------------------------------------------------------------------------+

===== 2026-09-09T02:40:01Z pokprod-b93r39s2 (nvidia-gpu-operator/nvidia-dcgm-w2ww6) =====
Wed Sep  9 02:40:02 2026       
+-----------------------------------------------------------------------------------------+
| NVIDIA-SMI 580.105.08             Driver Version: 580.105.08     CUDA Version: 13.0     |
+-----------------------------------------+------------------------+----------------------+
| GPU  Name                 Persistence-M | Bus-Id          Disp.A | Volatile Uncorr. ECC |
| Fan  Temp   Perf          Pwr:Usage/Cap |           Memory-Usage | GPU-Util  Compute M. |
|                                         |                        |               MIG M. |
|=========================================+========================+======================|
|   0  NVIDIA H100 80GB HBM3          On  |   00000000:18:00.0 Off |                    0 |
| N/A   58C    P0            688W /  700W |   78933MiB /  81559MiB |    100%      Default |
|                                         |                        |             Disabled |
+-----------------------------------------+------------------------+----------------------+
|   1  NVIDIA H100 80GB HBM3          On  |   00000000:2A:00.0 Off |                    0 |
| N/A   30C    P0            100W /  700W |       0MiB /  81559MiB |      0%      Default |
|                                         |                        |             Disabled |
+-----------------------------------------+------------------------+----------------------+
|   2  NVIDIA H100 80GB HBM3          On  |   00000000:3A:00.0 Off |                    0 |
| N/A   38C    P0            101W /  700W |       0MiB /  81559MiB |      0%      Default |
|                                         |                        |             Disabled |
+-----------------------------------------+------------------------+----------------------+
|   3  NVIDIA H100 80GB HBM3          On  |   00000000:5D:00.0 Off |                    0 |
| N/A   60C    P0            689W /  700W |   78933MiB /  81559MiB |    100%      Default |
|                                         |                        |             Disabled |
+-----------------------------------------+------------------------+----------------------+
|   4  NVIDIA H100 80GB HBM3          On  |   00000000:9A:00.0 Off |                    0 |
| N/A   23C    P0             96W /  700W |       0MiB /  81559MiB |      0%      Default |
|                                         |                        |             Disabled |
+-----------------------------------------+------------------------+----------------------+
|   5  NVIDIA H100 80GB HBM3          On  |   00000000:AB:00.0 Off |                    0 |
| N/A   26C    P0             98W /  700W |       0MiB /  81559MiB |      0%      Default |
|                                         |                        |             Disabled |
+-----------------------------------------+------------------------+----------------------+
|   6  NVIDIA H100 80GB HBM3          On  |   00000000:BA:00.0 Off |                    0 |
| N/A   86C    P0            578W /  700W |   78933MiB /  81559MiB |    100%      Default |
|                                         |                        |             Disabled |
+-----------------------------------------+------------------------+----------------------+
|   7  NVIDIA H100 80GB HBM3          On  |   00000000:DB:00.0 Off |                    0 |
| N/A   61C    P0            692W /  700W |   78933MiB /  81559MiB |    100%      Default |
|                                         |                        |             Disabled |
+-----------------------------------------+------------------------+----------------------+

+-----------------------------------------------------------------------------------------+
| Processes:                                                                              |
|  GPU   GI   CI              PID   Type   Process name                        GPU Memory |
|        ID   ID                                                               Usage      |
|=========================================================================================|
|  No running processes found                                                             |
+-----------------------------------------------------------------------------------------+

===== 2026-09-09T02:40:14Z pokprod-b93r39s2 (nvidia-gpu-operator/nvidia-dcgm-w2ww6) =====
Wed Sep  9 02:40:15 2026       
+-----------------------------------------------------------------------------------------+
| NVIDIA-SMI 580.105.08             Driver Version: 580.105.08     CUDA Version: 13.0     |
+-----------------------------------------+------------------------+----------------------+
| GPU  Name                 Persistence-M | Bus-Id          Disp.A | Volatile Uncorr. ECC |
| Fan  Temp   Perf          Pwr:Usage/Cap |           Memory-Usage | GPU-Util  Compute M. |
|                                         |                        |               MIG M. |
|=========================================+========================+======================|
|   0  NVIDIA H100 80GB HBM3          On  |   00000000:18:00.0 Off |                    0 |
| N/A   45C    P0            523W /  700W |   78933MiB /  81559MiB |    100%      Default |
|                                         |                        |             Disabled |
+-----------------------------------------+------------------------+----------------------+
|   1  NVIDIA H100 80GB HBM3          On  |   00000000:2A:00.0 Off |                    0 |
| N/A   30C    P0            100W /  700W |       0MiB /  81559MiB |      0%      Default |
|                                         |                        |             Disabled |
+-----------------------------------------+------------------------+----------------------+
|   2  NVIDIA H100 80GB HBM3          On  |   00000000:3A:00.0 Off |                    0 |
| N/A   38C    P0            101W /  700W |       0MiB /  81559MiB |      0%      Default |
|                                         |                        |             Disabled |
+-----------------------------------------+------------------------+----------------------+
|   3  NVIDIA H100 80GB HBM3          On  |   00000000:5D:00.0 Off |                    0 |
| N/A   44C    P0            514W /  700W |   78933MiB /  81559MiB |    100%      Default |
|                                         |                        |             Disabled |
+-----------------------------------------+------------------------+----------------------+
|   4  NVIDIA H100 80GB HBM3          On  |   00000000:9A:00.0 Off |                    0 |
| N/A   23C    P0             96W /  700W |       0MiB /  81559MiB |      0%      Default |
|                                         |                        |             Disabled |
+-----------------------------------------+------------------------+----------------------+
|   5  NVIDIA H100 80GB HBM3          On  |   00000000:AB:00.0 Off |                    0 |
| N/A   26C    P0             98W /  700W |       0MiB /  81559MiB |      0%      Default |
|                                         |                        |             Disabled |
+-----------------------------------------+------------------------+----------------------+
|   6  NVIDIA H100 80GB HBM3          On  |   00000000:BA:00.0 Off |                    0 |
| N/A   82C    P0            610W /  700W |   78933MiB /  81559MiB |    100%      Default |
|                                         |                        |             Disabled |
+-----------------------------------------+------------------------+----------------------+
|   7  NVIDIA H100 80GB HBM3          On  |   00000000:DB:00.0 Off |                    0 |
| N/A   46C    P0            525W /  700W |   78933MiB /  81559MiB |    100%      Default |
|                                         |                        |             Disabled |
+-----------------------------------------+------------------------+----------------------+

+-----------------------------------------------------------------------------------------+
| Processes:                                                                              |
|  GPU   GI   CI              PID   Type   Process name                        GPU Memory |
|        ID   ID                                                               Usage      |
|=========================================================================================|
|  No running processes found                                                             |
+-----------------------------------------------------------------------------------------+

===== 2026-09-09T02:40:27Z pokprod-b93r39s2 (nvidia-gpu-operator/nvidia-dcgm-w2ww6) =====
Wed Sep  9 02:40:28 2026       
+-----------------------------------------------------------------------------------------+
| NVIDIA-SMI 580.105.08             Driver Version: 580.105.08     CUDA Version: 13.0     |
+-----------------------------------------+------------------------+----------------------+
| GPU  Name                 Persistence-M | Bus-Id          Disp.A | Volatile Uncorr. ECC |
| Fan  Temp   Perf          Pwr:Usage/Cap |           Memory-Usage | GPU-Util  Compute M. |
|                                         |                        |               MIG M. |
|=========================================+========================+======================|
|   0  NVIDIA H100 80GB HBM3          On  |   00000000:18:00.0 Off |                    0 |
| N/A   47C    P0            609W /  700W |   78933MiB /  81559MiB |    100%      Default |
|                                         |                        |             Disabled |
+-----------------------------------------+------------------------+----------------------+
|   1  NVIDIA H100 80GB HBM3          On  |   00000000:2A:00.0 Off |                    0 |
| N/A   30C    P0            100W /  700W |       0MiB /  81559MiB |      0%      Default |
|                                         |                        |             Disabled |
+-----------------------------------------+------------------------+----------------------+
|   2  NVIDIA H100 80GB HBM3          On  |   00000000:3A:00.0 Off |                    0 |
| N/A   38C    P0            101W /  700W |       0MiB /  81559MiB |      0%      Default |
|                                         |                        |             Disabled |
+-----------------------------------------+------------------------+----------------------+
|   3  NVIDIA H100 80GB HBM3          On  |   00000000:5D:00.0 Off |                    0 |
| N/A   45C    P0            580W /  700W |   78933MiB /  81559MiB |    100%      Default |
|                                         |                        |             Disabled |
+-----------------------------------------+------------------------+----------------------+
|   4  NVIDIA H100 80GB HBM3          On  |   00000000:9A:00.0 Off |                    0 |
| N/A   23C    P0             96W /  700W |       0MiB /  81559MiB |      0%      Default |
|                                         |                        |             Disabled |
+-----------------------------------------+------------------------+----------------------+
|   5  NVIDIA H100 80GB HBM3          On  |   00000000:AB:00.0 Off |                    0 |
| N/A   25C    P0             98W /  700W |       0MiB /  81559MiB |      0%      Default |
|                                         |                        |             Disabled |
+-----------------------------------------+------------------------+----------------------+
|   6  NVIDIA H100 80GB HBM3          On  |   00000000:BA:00.0 Off |                    0 |
| N/A   81C    P0            563W /  700W |   78933MiB /  81559MiB |    100%      Default |
|                                         |                        |             Disabled |
+-----------------------------------------+------------------------+----------------------+
|   7  NVIDIA H100 80GB HBM3          On  |   00000000:DB:00.0 Off |                    0 |
| N/A   46C    P0            572W /  700W |   78933MiB /  81559MiB |    100%      Default |
|                                         |                        |             Disabled |
+-----------------------------------------+------------------------+----------------------+

+-----------------------------------------------------------------------------------------+
| Processes:                                                                              |
|  GPU   GI   CI              PID   Type   Process name                        GPU Memory |
|        ID   ID                                                               Usage      |
|=========================================================================================|
|  No running processes found                                                             |
+-----------------------------------------------------------------------------------------+

===== 2026-09-09T02:40:40Z pokprod-b93r39s2 (nvidia-gpu-operator/nvidia-dcgm-w2ww6) =====
Wed Sep  9 02:40:42 2026       
+-----------------------------------------------------------------------------------------+
| NVIDIA-SMI 580.105.08             Driver Version: 580.105.08     CUDA Version: 13.0     |
+-----------------------------------------+------------------------+----------------------+
| GPU  Name                 Persistence-M | Bus-Id          Disp.A | Volatile Uncorr. ECC |
| Fan  Temp   Perf          Pwr:Usage/Cap |           Memory-Usage | GPU-Util  Compute M. |
|                                         |                        |               MIG M. |
|=========================================+========================+======================|
|   0  NVIDIA H100 80GB HBM3          On  |   00000000:18:00.0 Off |                    0 |
| N/A   58C    P0            690W /  700W |   78933MiB /  81559MiB |    100%      Default |
|                                         |                        |             Disabled |
+-----------------------------------------+------------------------+----------------------+
|   1  NVIDIA H100 80GB HBM3          On  |   00000000:2A:00.0 Off |                    0 |
| N/A   30C    P0            100W /  700W |       0MiB /  81559MiB |      0%      Default |
|                                         |                        |             Disabled |
+-----------------------------------------+------------------------+----------------------+
|   2  NVIDIA H100 80GB HBM3          On  |   00000000:3A:00.0 Off |                    0 |
| N/A   38C    P0            100W /  700W |       0MiB /  81559MiB |      0%      Default |
|                                         |                        |             Disabled |
+-----------------------------------------+------------------------+----------------------+
|   3  NVIDIA H100 80GB HBM3          On  |   00000000:5D:00.0 Off |                    0 |
| N/A   55C    P0            691W /  700W |   78933MiB /  81559MiB |    100%      Default |
|                                         |                        |             Disabled |
+-----------------------------------------+------------------------+----------------------+
|   4  NVIDIA H100 80GB HBM3          On  |   00000000:9A:00.0 Off |                    0 |
| N/A   23C    P0             96W /  700W |       0MiB /  81559MiB |      0%      Default |
|                                         |                        |             Disabled |
+-----------------------------------------+------------------------+----------------------+
|   5  NVIDIA H100 80GB HBM3          On  |   00000000:AB:00.0 Off |                    0 |
| N/A   25C    P0             98W /  700W |       0MiB /  81559MiB |      0%      Default |
|                                         |                        |             Disabled |
+-----------------------------------------+------------------------+----------------------+
|   6  NVIDIA H100 80GB HBM3          On  |   00000000:BA:00.0 Off |                    0 |
| N/A   86C    P0            574W /  700W |   78933MiB /  81559MiB |    100%      Default |
|                                         |                        |             Disabled |
+-----------------------------------------+------------------------+----------------------+
|   7  NVIDIA H100 80GB HBM3          On  |   00000000:DB:00.0 Off |                    0 |
| N/A   57C    P0            698W /  700W |   78933MiB /  81559MiB |    100%      Default |
|                                         |                        |             Disabled |
+-----------------------------------------+------------------------+----------------------+

+-----------------------------------------------------------------------------------------+
| Processes:                                                                              |
|  GPU   GI   CI              PID   Type   Process name                        GPU Memory |
|        ID   ID                                                               Usage      |
|=========================================================================================|
|  No running processes found                                                             |
+-----------------------------------------------------------------------------------------+

===== 2026-09-09T02:40:53Z pokprod-b93r39s2 (nvidia-gpu-operator/nvidia-dcgm-w2ww6) =====
Wed Sep  9 02:40:55 2026       
+-----------------------------------------------------------------------------------------+
| NVIDIA-SMI 580.105.08             Driver Version: 580.105.08     CUDA Version: 13.0     |
+-----------------------------------------+------------------------+----------------------+
| GPU  Name                 Persistence-M | Bus-Id          Disp.A | Volatile Uncorr. ECC |
| Fan  Temp   Perf          Pwr:Usage/Cap |           Memory-Usage | GPU-Util  Compute M. |
|                                         |                        |               MIG M. |
|=========================================+========================+======================|
|   0  NVIDIA H100 80GB HBM3          On  |   00000000:18:00.0 Off |                    0 |
| N/A   42C    P0            468W /  700W |   78933MiB /  81559MiB |    100%      Default |
|                                         |                        |             Disabled |
+-----------------------------------------+------------------------+----------------------+
|   1  NVIDIA H100 80GB HBM3          On  |   00000000:2A:00.0 Off |                    0 |
| N/A   30C    P0            100W /  700W |       0MiB /  81559MiB |      0%      Default |
|                                         |                        |             Disabled |
+-----------------------------------------+------------------------+----------------------+
|   2  NVIDIA H100 80GB HBM3          On  |   00000000:3A:00.0 Off |                    0 |
| N/A   38C    P0            100W /  700W |       0MiB /  81559MiB |      0%      Default |
|                                         |                        |             Disabled |
+-----------------------------------------+------------------------+----------------------+
|   3  NVIDIA H100 80GB HBM3          On  |   00000000:5D:00.0 Off |                    0 |
| N/A   41C    P0            458W /  700W |   78933MiB /  81559MiB |    100%      Default |
|                                         |                        |             Disabled |
+-----------------------------------------+------------------------+----------------------+
|   4  NVIDIA H100 80GB HBM3          On  |   00000000:9A:00.0 Off |                    0 |
| N/A   23C    P0             96W /  700W |       0MiB /  81559MiB |      0%      Default |
|                                         |                        |             Disabled |
+-----------------------------------------+------------------------+----------------------+
|   5  NVIDIA H100 80GB HBM3          On  |   00000000:AB:00.0 Off |                    0 |
| N/A   25C    P0             98W /  700W |       0MiB /  81559MiB |      0%      Default |
|                                         |                        |             Disabled |
+-----------------------------------------+------------------------+----------------------+
|   6  NVIDIA H100 80GB HBM3          On  |   00000000:BA:00.0 Off |                    0 |
| N/A   79C    P0            531W /  700W |   78933MiB /  81559MiB |    100%      Default |
|                                         |                        |             Disabled |
+-----------------------------------------+------------------------+----------------------+
|   7  NVIDIA H100 80GB HBM3          On  |   00000000:DB:00.0 Off |                    0 |
| N/A   42C    P0            467W /  700W |   78933MiB /  81559MiB |    100%      Default |
|                                         |                        |             Disabled |
+-----------------------------------------+------------------------+----------------------+

+-----------------------------------------------------------------------------------------+
| Processes:                                                                              |
|  GPU   GI   CI              PID   Type   Process name                        GPU Memory |
|        ID   ID                                                               Usage      |
|=========================================================================================|
|  No running processes found                                                             |
+-----------------------------------------------------------------------------------------+

===== 2026-09-09T02:41:06Z pokprod-b93r39s2 (nvidia-gpu-operator/nvidia-dcgm-w2ww6) =====
Wed Sep  9 02:41:07 2026       
+-----------------------------------------------------------------------------------------+
| NVIDIA-SMI 580.105.08             Driver Version: 580.105.08     CUDA Version: 13.0     |
+-----------------------------------------+------------------------+----------------------+
| GPU  Name                 Persistence-M | Bus-Id          Disp.A | Volatile Uncorr. ECC |
| Fan  Temp   Perf          Pwr:Usage/Cap |           Memory-Usage | GPU-Util  Compute M. |
|                                         |                        |               MIG M. |
|=========================================+========================+======================|
|   0  NVIDIA H100 80GB HBM3          On  |   00000000:18:00.0 Off |                    0 |
| N/A   55C    P0            683W /  700W |   78933MiB /  81559MiB |    100%      Default |
|                                         |                        |             Disabled |
+-----------------------------------------+------------------------+----------------------+
|   1  NVIDIA H100 80GB HBM3          On  |   00000000:2A:00.0 Off |                    0 |
| N/A   30C    P0            100W /  700W |       0MiB /  81559MiB |      0%      Default |
|                                         |                        |             Disabled |
+-----------------------------------------+------------------------+----------------------+
|   2  NVIDIA H100 80GB HBM3          On  |   00000000:3A:00.0 Off |                    0 |
| N/A   38C    P0            100W /  700W |       0MiB /  81559MiB |      0%      Default |
|                                         |                        |             Disabled |
+-----------------------------------------+------------------------+----------------------+
|   3  NVIDIA H100 80GB HBM3          On  |   00000000:5D:00.0 Off |                    0 |
| N/A   54C    P0            678W /  700W |   78933MiB /  81559MiB |    100%      Default |
|                                         |                        |             Disabled |
+-----------------------------------------+------------------------+----------------------+
|   4  NVIDIA H100 80GB HBM3          On  |   00000000:9A:00.0 Off |                    0 |
| N/A   23C    P0             96W /  700W |       0MiB /  81559MiB |      0%      Default |
|                                         |                        |             Disabled |
+-----------------------------------------+------------------------+----------------------+
|   5  NVIDIA H100 80GB HBM3          On  |   00000000:AB:00.0 Off |                    0 |
| N/A   25C    P0             98W /  700W |       0MiB /  81559MiB |      0%      Default |
|                                         |                        |             Disabled |
+-----------------------------------------+------------------------+----------------------+
|   6  NVIDIA H100 80GB HBM3          On  |   00000000:BA:00.0 Off |                    0 |
| N/A   85C    P0            604W /  700W |   78933MiB /  81559MiB |    100%      Default |
|                                         |                        |             Disabled |
+-----------------------------------------+------------------------+----------------------+
|   7  NVIDIA H100 80GB HBM3          On  |   00000000:DB:00.0 Off |                    0 |
| N/A   57C    P0            686W /  700W |   78933MiB /  81559MiB |    100%      Default |
|                                         |                        |             Disabled |
+-----------------------------------------+------------------------+----------------------+

+-----------------------------------------------------------------------------------------+
| Processes:                                                                              |
|  GPU   GI   CI              PID   Type   Process name                        GPU Memory |
|        ID   ID                                                               Usage      |
|=========================================================================================|
|  No running processes found                                                             |
+-----------------------------------------------------------------------------------------+

===== 2026-09-09T02:41:19Z pokprod-b93r39s2 (nvidia-gpu-operator/nvidia-dcgm-w2ww6) =====
Wed Sep  9 02:41:20 2026       
+-----------------------------------------------------------------------------------------+
| NVIDIA-SMI 580.105.08             Driver Version: 580.105.08     CUDA Version: 13.0     |
+-----------------------------------------+------------------------+----------------------+
| GPU  Name                 Persistence-M | Bus-Id          Disp.A | Volatile Uncorr. ECC |
| Fan  Temp   Perf          Pwr:Usage/Cap |           Memory-Usage | GPU-Util  Compute M. |
|                                         |                        |               MIG M. |
|=========================================+========================+======================|
|   0  NVIDIA H100 80GB HBM3          On  |   00000000:18:00.0 Off |                    0 |
| N/A   60C    P0            690W /  700W |   78933MiB /  81559MiB |    100%      Default |
|                                         |                        |             Disabled |
+-----------------------------------------+------------------------+----------------------+
|   1  NVIDIA H100 80GB HBM3          On  |   00000000:2A:00.0 Off |                    0 |
| N/A   30C    P0            100W /  700W |       0MiB /  81559MiB |      0%      Default |
|                                         |                        |             Disabled |
+-----------------------------------------+------------------------+----------------------+
|   2  NVIDIA H100 80GB HBM3          On  |   00000000:3A:00.0 Off |                    0 |
| N/A   38C    P0            100W /  700W |       0MiB /  81559MiB |      0%      Default |
|                                         |                        |             Disabled |
+-----------------------------------------+------------------------+----------------------+
|   3  NVIDIA H100 80GB HBM3          On  |   00000000:5D:00.0 Off |                    0 |
| N/A   56C    P0            692W /  700W |   78933MiB /  81559MiB |    100%      Default |
|                                         |                        |             Disabled |
+-----------------------------------------+------------------------+----------------------+
|   4  NVIDIA H100 80GB HBM3          On  |   00000000:9A:00.0 Off |                    0 |
| N/A   23C    P0             96W /  700W |       0MiB /  81559MiB |      0%      Default |
|                                         |                        |             Disabled |
+-----------------------------------------+------------------------+----------------------+
|   5  NVIDIA H100 80GB HBM3          On  |   00000000:AB:00.0 Off |                    0 |
| N/A   25C    P0             98W /  700W |       0MiB /  81559MiB |      0%      Default |
|                                         |                        |             Disabled |
+-----------------------------------------+------------------------+----------------------+
|   6  NVIDIA H100 80GB HBM3          On  |   00000000:BA:00.0 Off |                    0 |
| N/A   86C    P0            573W /  700W |   78933MiB /  81559MiB |    100%      Default |
|                                         |                        |             Disabled |
+-----------------------------------------+------------------------+----------------------+
|   7  NVIDIA H100 80GB HBM3          On  |   00000000:DB:00.0 Off |                    0 |
| N/A   59C    P0            689W /  700W |   78933MiB /  81559MiB |    100%      Default |
|                                         |                        |             Disabled |
+-----------------------------------------+------------------------+----------------------+

+-----------------------------------------------------------------------------------------+
| Processes:                                                                              |
|  GPU   GI   CI              PID   Type   Process name                        GPU Memory |
|        ID   ID                                                               Usage      |
|=========================================================================================|
|  No running processes found                                                             |
+-----------------------------------------------------------------------------------------+

===== 2026-09-09T02:41:32Z pokprod-b93r39s2 (nvidia-gpu-operator/nvidia-dcgm-w2ww6) =====
Wed Sep  9 02:41:33 2026       
+-----------------------------------------------------------------------------------------+
| NVIDIA-SMI 580.105.08             Driver Version: 580.105.08     CUDA Version: 13.0     |
+-----------------------------------------+------------------------+----------------------+
| GPU  Name                 Persistence-M | Bus-Id          Disp.A | Volatile Uncorr. ECC |
| Fan  Temp   Perf          Pwr:Usage/Cap |           Memory-Usage | GPU-Util  Compute M. |
|                                         |                        |               MIG M. |
|=========================================+========================+======================|
|   0  NVIDIA H100 80GB HBM3          On  |   00000000:18:00.0 Off |                    0 |
| N/A   56C    P0            691W /  700W |   78933MiB /  81559MiB |    100%      Default |
|                                         |                        |             Disabled |
+-----------------------------------------+------------------------+----------------------+
|   1  NVIDIA H100 80GB HBM3          On  |   00000000:2A:00.0 Off |                    0 |
| N/A   30C    P0            100W /  700W |       0MiB /  81559MiB |      0%      Default |
|                                         |                        |             Disabled |
+-----------------------------------------+------------------------+----------------------+
|   2  NVIDIA H100 80GB HBM3          On  |   00000000:3A:00.0 Off |                    0 |
| N/A   38C    P0            100W /  700W |       0MiB /  81559MiB |      0%      Default |
|                                         |                        |             Disabled |
+-----------------------------------------+------------------------+----------------------+
|   3  NVIDIA H100 80GB HBM3          On  |   00000000:5D:00.0 Off |                    0 |
| N/A   53C    P0            678W /  700W |   78933MiB /  81559MiB |    100%      Default |
|                                         |                        |             Disabled |
+-----------------------------------------+------------------------+----------------------+
|   4  NVIDIA H100 80GB HBM3          On  |   00000000:9A:00.0 Off |                    0 |
| N/A   22C    P0             96W /  700W |       0MiB /  81559MiB |      0%      Default |
|                                         |                        |             Disabled |
+-----------------------------------------+------------------------+----------------------+
|   5  NVIDIA H100 80GB HBM3          On  |   00000000:AB:00.0 Off |                    0 |
| N/A   25C    P0             98W /  700W |       0MiB /  81559MiB |      0%      Default |
|                                         |                        |             Disabled |
+-----------------------------------------+------------------------+----------------------+
|   6  NVIDIA H100 80GB HBM3          On  |   00000000:BA:00.0 Off |                    0 |
| N/A   86C    P0            589W /  700W |   78933MiB /  81559MiB |    100%      Default |
|                                         |                        |             Disabled |
+-----------------------------------------+------------------------+----------------------+
|   7  NVIDIA H100 80GB HBM3          On  |   00000000:DB:00.0 Off |                    0 |
| N/A   59C    P0            693W /  700W |   78933MiB /  81559MiB |    100%      Default |
|                                         |                        |             Disabled |
+-----------------------------------------+------------------------+----------------------+

+-----------------------------------------------------------------------------------------+
| Processes:                                                                              |
|  GPU   GI   CI              PID   Type   Process name                        GPU Memory |
|        ID   ID                                                               Usage      |
|=========================================================================================|
|  No running processes found                                                             |
+-----------------------------------------------------------------------------------------+

===== 2026-09-09T02:41:45Z pokprod-b93r39s2 (nvidia-gpu-operator/nvidia-dcgm-w2ww6) =====
Wed Sep  9 02:41:47 2026       
+-----------------------------------------------------------------------------------------+
| NVIDIA-SMI 580.105.08             Driver Version: 580.105.08     CUDA Version: 13.0     |
+-----------------------------------------+------------------------+----------------------+
| GPU  Name                 Persistence-M | Bus-Id          Disp.A | Volatile Uncorr. ECC |
| Fan  Temp   Perf          Pwr:Usage/Cap |           Memory-Usage | GPU-Util  Compute M. |
|                                         |                        |               MIG M. |
|=========================================+========================+======================|
|   0  NVIDIA H100 80GB HBM3          On  |   00000000:18:00.0 Off |                    0 |
| N/A   60C    P0            690W /  700W |   78933MiB /  81559MiB |    100%      Default |
|                                         |                        |             Disabled |
+-----------------------------------------+------------------------+----------------------+
|   1  NVIDIA H100 80GB HBM3          On  |   00000000:2A:00.0 Off |                    0 |
| N/A   30C    P0            100W /  700W |       0MiB /  81559MiB |      0%      Default |
|                                         |                        |             Disabled |
+-----------------------------------------+------------------------+----------------------+
|   2  NVIDIA H100 80GB HBM3          On  |   00000000:3A:00.0 Off |                    0 |
| N/A   38C    P0            101W /  700W |       0MiB /  81559MiB |      0%      Default |
|                                         |                        |             Disabled |
+-----------------------------------------+------------------------+----------------------+
|   3  NVIDIA H100 80GB HBM3          On  |   00000000:5D:00.0 Off |                    0 |
| N/A   56C    P0            685W /  700W |   78933MiB /  81559MiB |    100%      Default |
|                                         |                        |             Disabled |
+-----------------------------------------+------------------------+----------------------+
|   4  NVIDIA H100 80GB HBM3          On  |   00000000:9A:00.0 Off |                    0 |
| N/A   22C    P0             96W /  700W |       0MiB /  81559MiB |      0%      Default |
|                                         |                        |             Disabled |
+-----------------------------------------+------------------------+----------------------+
|   5  NVIDIA H100 80GB HBM3          On  |   00000000:AB:00.0 Off |                    0 |
| N/A   25C    P0             98W /  700W |       0MiB /  81559MiB |      0%      Default |
|                                         |                        |             Disabled |
+-----------------------------------------+------------------------+----------------------+
|   6  NVIDIA H100 80GB HBM3          On  |   00000000:BA:00.0 Off |                    0 |
| N/A   86C    P0            572W /  700W |   78933MiB /  81559MiB |    100%      Default |
|                                         |                        |             Disabled |
+-----------------------------------------+------------------------+----------------------+
|   7  NVIDIA H100 80GB HBM3          On  |   00000000:DB:00.0 Off |                    0 |
| N/A   57C    P0            688W /  700W |   78933MiB /  81559MiB |    100%      Default |
|                                         |                        |             Disabled |
+-----------------------------------------+------------------------+----------------------+

+-----------------------------------------------------------------------------------------+
| Processes:                                                                              |
|  GPU   GI   CI              PID   Type   Process name                        GPU Memory |
|        ID   ID                                                               Usage      |
|=========================================================================================|
|  No running processes found                                                             |
+-----------------------------------------------------------------------------------------+

===== 2026-09-09T02:41:59Z pokprod-b93r39s2 (nvidia-gpu-operator/nvidia-dcgm-w2ww6) =====
Wed Sep  9 02:42:01 2026       
+-----------------------------------------------------------------------------------------+
| NVIDIA-SMI 580.105.08             Driver Version: 580.105.08     CUDA Version: 13.0     |
+-----------------------------------------+------------------------+----------------------+
| GPU  Name                 Persistence-M | Bus-Id          Disp.A | Volatile Uncorr. ECC |
| Fan  Temp   Perf          Pwr:Usage/Cap |           Memory-Usage | GPU-Util  Compute M. |
|                                         |                        |               MIG M. |
|=========================================+========================+======================|
|   0  NVIDIA H100 80GB HBM3          On  |   00000000:18:00.0 Off |                    0 |
| N/A   57C    P0            653W /  700W |   78933MiB /  81559MiB |    100%      Default |
|                                         |                        |             Disabled |
+-----------------------------------------+------------------------+----------------------+
|   1  NVIDIA H100 80GB HBM3          On  |   00000000:2A:00.0 Off |                    0 |
| N/A   30C    P0            100W /  700W |       0MiB /  81559MiB |      0%      Default |
|                                         |                        |             Disabled |
+-----------------------------------------+------------------------+----------------------+
|   2  NVIDIA H100 80GB HBM3          On  |   00000000:3A:00.0 Off |                    0 |
| N/A   38C    P0            101W /  700W |       0MiB /  81559MiB |      0%      Default |
|                                         |                        |             Disabled |
+-----------------------------------------+------------------------+----------------------+
|   3  NVIDIA H100 80GB HBM3          On  |   00000000:5D:00.0 Off |                    0 |
| N/A   55C    P0            655W /  700W |   78933MiB /  81559MiB |    100%      Default |
|                                         |                        |             Disabled |
+-----------------------------------------+------------------------+----------------------+
|   4  NVIDIA H100 80GB HBM3          On  |   00000000:9A:00.0 Off |                    0 |
| N/A   23C    P0             96W /  700W |       0MiB /  81559MiB |      0%      Default |
|                                         |                        |             Disabled |
+-----------------------------------------+------------------------+----------------------+
|   5  NVIDIA H100 80GB HBM3          On  |   00000000:AB:00.0 Off |                    0 |
| N/A   25C    P0             98W /  700W |       0MiB /  81559MiB |      0%      Default |
|                                         |                        |             Disabled |
+-----------------------------------------+------------------------+----------------------+
|   6  NVIDIA H100 80GB HBM3          On  |   00000000:BA:00.0 Off |                    0 |
| N/A   86C    P0            631W /  700W |   78933MiB /  81559MiB |    100%      Default |
|                                         |                        |             Disabled |
+-----------------------------------------+------------------------+----------------------+
|   7  NVIDIA H100 80GB HBM3          On  |   00000000:DB:00.0 Off |                    0 |
| N/A   56C    P0            672W /  700W |   78933MiB /  81559MiB |    100%      Default |
|                                         |                        |             Disabled |
+-----------------------------------------+------------------------+----------------------+

+-----------------------------------------------------------------------------------------+
| Processes:                                                                              |
|  GPU   GI   CI              PID   Type   Process name                        GPU Memory |
|        ID   ID                                                               Usage      |
|=========================================================================================|
|  No running processes found                                                             |
+-----------------------------------------------------------------------------------------+

===== 2026-09-09T02:42:12Z pokprod-b93r39s2 (nvidia-gpu-operator/nvidia-dcgm-w2ww6) =====
Wed Sep  9 02:42:13 2026       
+-----------------------------------------------------------------------------------------+
| NVIDIA-SMI 580.105.08             Driver Version: 580.105.08     CUDA Version: 13.0     |
+-----------------------------------------+------------------------+----------------------+
| GPU  Name                 Persistence-M | Bus-Id          Disp.A | Volatile Uncorr. ECC |
| Fan  Temp   Perf          Pwr:Usage/Cap |           Memory-Usage | GPU-Util  Compute M. |
|                                         |                        |               MIG M. |
|=========================================+========================+======================|
|   0  NVIDIA H100 80GB HBM3          On  |   00000000:18:00.0 Off |                    0 |
| N/A   58C    P0            691W /  700W |   78933MiB /  81559MiB |    100%      Default |
|                                         |                        |             Disabled |
+-----------------------------------------+------------------------+----------------------+
|   1  NVIDIA H100 80GB HBM3          On  |   00000000:2A:00.0 Off |                    0 |
| N/A   30C    P0            100W /  700W |       0MiB /  81559MiB |      0%      Default |
|                                         |                        |             Disabled |
+-----------------------------------------+------------------------+----------------------+
|   2  NVIDIA H100 80GB HBM3          On  |   00000000:3A:00.0 Off |                    0 |
| N/A   38C    P0            101W /  700W |       0MiB /  81559MiB |      0%      Default |
|                                         |                        |             Disabled |
+-----------------------------------------+------------------------+----------------------+
|   3  NVIDIA H100 80GB HBM3          On  |   00000000:5D:00.0 Off |                    0 |
| N/A   56C    P0            696W /  700W |   78933MiB /  81559MiB |    100%      Default |
|                                         |                        |             Disabled |
+-----------------------------------------+------------------------+----------------------+
|   4  NVIDIA H100 80GB HBM3          On  |   00000000:9A:00.0 Off |                    0 |
| N/A   23C    P0             96W /  700W |       0MiB /  81559MiB |      0%      Default |
|                                         |                        |             Disabled |
+-----------------------------------------+------------------------+----------------------+
|   5  NVIDIA H100 80GB HBM3          On  |   00000000:AB:00.0 Off |                    0 |
| N/A   25C    P0             98W /  700W |       0MiB /  81559MiB |      0%      Default |
|                                         |                        |             Disabled |
+-----------------------------------------+------------------------+----------------------+
|   6  NVIDIA H100 80GB HBM3          On  |   00000000:BA:00.0 Off |                    0 |
| N/A   86C    P0            566W /  700W |   78933MiB /  81559MiB |    100%      Default |
|                                         |                        |             Disabled |
+-----------------------------------------+------------------------+----------------------+
|   7  NVIDIA H100 80GB HBM3          On  |   00000000:DB:00.0 Off |                    0 |
| N/A   60C    P0            694W /  700W |   78933MiB /  81559MiB |    100%      Default |
|                                         |                        |             Disabled |
+-----------------------------------------+------------------------+----------------------+

+-----------------------------------------------------------------------------------------+
| Processes:                                                                              |
|  GPU   GI   CI              PID   Type   Process name                        GPU Memory |
|        ID   ID                                                               Usage      |
|=========================================================================================|
|  No running processes found                                                             |
+-----------------------------------------------------------------------------------------+

===== 2026-09-09T02:42:25Z pokprod-b93r39s2 (nvidia-gpu-operator/nvidia-dcgm-w2ww6) =====
Wed Sep  9 02:42:26 2026       
+-----------------------------------------------------------------------------------------+
| NVIDIA-SMI 580.105.08             Driver Version: 580.105.08     CUDA Version: 13.0     |
+-----------------------------------------+------------------------+----------------------+
| GPU  Name                 Persistence-M | Bus-Id          Disp.A | Volatile Uncorr. ECC |
| Fan  Temp   Perf          Pwr:Usage/Cap |           Memory-Usage | GPU-Util  Compute M. |
|                                         |                        |               MIG M. |
|=========================================+========================+======================|
|   0  NVIDIA H100 80GB HBM3          On  |   00000000:18:00.0 Off |                    0 |
| N/A   55C    P0            690W /  700W |   78933MiB /  81559MiB |    100%      Default |
|                                         |                        |             Disabled |
+-----------------------------------------+------------------------+----------------------+
|   1  NVIDIA H100 80GB HBM3          On  |   00000000:2A:00.0 Off |                    0 |
| N/A   30C    P0            100W /  700W |       0MiB /  81559MiB |      0%      Default |
|                                         |                        |             Disabled |
+-----------------------------------------+------------------------+----------------------+
|   2  NVIDIA H100 80GB HBM3          On  |   00000000:3A:00.0 Off |                    0 |
| N/A   38C    P0            100W /  700W |       0MiB /  81559MiB |      0%      Default |
|                                         |                        |             Disabled |
+-----------------------------------------+------------------------+----------------------+
|   3  NVIDIA H100 80GB HBM3          On  |   00000000:5D:00.0 Off |                    0 |
| N/A   54C    P0            692W /  700W |   78933MiB /  81559MiB |    100%      Default |
|                                         |                        |             Disabled |
+-----------------------------------------+------------------------+----------------------+
|   4  NVIDIA H100 80GB HBM3          On  |   00000000:9A:00.0 Off |                    0 |
| N/A   23C    P0             96W /  700W |       0MiB /  81559MiB |      0%      Default |
|                                         |                        |             Disabled |
+-----------------------------------------+------------------------+----------------------+
|   5  NVIDIA H100 80GB HBM3          On  |   00000000:AB:00.0 Off |                    0 |
| N/A   25C    P0             98W /  700W |       0MiB /  81559MiB |      0%      Default |
|                                         |                        |             Disabled |
+-----------------------------------------+------------------------+----------------------+
|   6  NVIDIA H100 80GB HBM3          On  |   00000000:BA:00.0 Off |                    0 |
| N/A   87C    P0            576W /  700W |   78933MiB /  81559MiB |    100%      Default |
|                                         |                        |             Disabled |
+-----------------------------------------+------------------------+----------------------+
|   7  NVIDIA H100 80GB HBM3          On  |   00000000:DB:00.0 Off |                    0 |
| N/A   57C    P0            690W /  700W |   78933MiB /  81559MiB |    100%      Default |
|                                         |                        |             Disabled |
+-----------------------------------------+------------------------+----------------------+

+-----------------------------------------------------------------------------------------+
| Processes:                                                                              |
|  GPU   GI   CI              PID   Type   Process name                        GPU Memory |
|        ID   ID                                                               Usage      |
|=========================================================================================|
|  No running processes found                                                             |
+-----------------------------------------------------------------------------------------+

===== 2026-09-09T02:42:38Z pokprod-b93r39s2 (nvidia-gpu-operator/nvidia-dcgm-w2ww6) =====
Wed Sep  9 02:42:39 2026       
+-----------------------------------------------------------------------------------------+
| NVIDIA-SMI 580.105.08             Driver Version: 580.105.08     CUDA Version: 13.0     |
+-----------------------------------------+------------------------+----------------------+
| GPU  Name                 Persistence-M | Bus-Id          Disp.A | Volatile Uncorr. ECC |
| Fan  Temp   Perf          Pwr:Usage/Cap |           Memory-Usage | GPU-Util  Compute M. |
|                                         |                        |               MIG M. |
|=========================================+========================+======================|
|   0  NVIDIA H100 80GB HBM3          On  |   00000000:18:00.0 Off |                    0 |
| N/A   43C    P0            492W /  700W |   78933MiB /  81559MiB |    100%      Default |
|                                         |                        |             Disabled |
+-----------------------------------------+------------------------+----------------------+
|   1  NVIDIA H100 80GB HBM3          On  |   00000000:2A:00.0 Off |                    0 |
| N/A   30C    P0            100W /  700W |       0MiB /  81559MiB |      0%      Default |
|                                         |                        |             Disabled |
+-----------------------------------------+------------------------+----------------------+
|   2  NVIDIA H100 80GB HBM3          On  |   00000000:3A:00.0 Off |                    0 |
| N/A   38C    P0            101W /  700W |       0MiB /  81559MiB |      0%      Default |
|                                         |                        |             Disabled |
+-----------------------------------------+------------------------+----------------------+
|   3  NVIDIA H100 80GB HBM3          On  |   00000000:5D:00.0 Off |                    0 |
| N/A   42C    P0            485W /  700W |   78933MiB /  81559MiB |    100%      Default |
|                                         |                        |             Disabled |
+-----------------------------------------+------------------------+----------------------+
|   4  NVIDIA H100 80GB HBM3          On  |   00000000:9A:00.0 Off |                    0 |
| N/A   23C    P0             96W /  700W |       0MiB /  81559MiB |      0%      Default |
|                                         |                        |             Disabled |
+-----------------------------------------+------------------------+----------------------+
|   5  NVIDIA H100 80GB HBM3          On  |   00000000:AB:00.0 Off |                    0 |
| N/A   26C    P0             98W /  700W |       0MiB /  81559MiB |      0%      Default |
|                                         |                        |             Disabled |
+-----------------------------------------+------------------------+----------------------+
|   6  NVIDIA H100 80GB HBM3          On  |   00000000:BA:00.0 Off |                    0 |
| N/A   81C    P0            566W /  700W |   78933MiB /  81559MiB |    100%      Default |
|                                         |                        |             Disabled |
+-----------------------------------------+------------------------+----------------------+
|   7  NVIDIA H100 80GB HBM3          On  |   00000000:DB:00.0 Off |                    0 |
| N/A   45C    P0            493W /  700W |   78933MiB /  81559MiB |    100%      Default |
|                                         |                        |             Disabled |
+-----------------------------------------+------------------------+----------------------+

+-----------------------------------------------------------------------------------------+
| Processes:                                                                              |
|  GPU   GI   CI              PID   Type   Process name                        GPU Memory |
|        ID   ID                                                               Usage      |
|=========================================================================================|
|  No running processes found                                                             |
+-----------------------------------------------------------------------------------------+

===== 2026-09-09T02:42:51Z pokprod-b93r39s2 (nvidia-gpu-operator/nvidia-dcgm-w2ww6) =====
Wed Sep  9 02:42:52 2026       
+-----------------------------------------------------------------------------------------+
| NVIDIA-SMI 580.105.08             Driver Version: 580.105.08     CUDA Version: 13.0     |
+-----------------------------------------+------------------------+----------------------+
| GPU  Name                 Persistence-M | Bus-Id          Disp.A | Volatile Uncorr. ECC |
| Fan  Temp   Perf          Pwr:Usage/Cap |           Memory-Usage | GPU-Util  Compute M. |
|                                         |                        |               MIG M. |
|=========================================+========================+======================|
|   0  NVIDIA H100 80GB HBM3          On  |   00000000:18:00.0 Off |                    0 |
| N/A   33C    P0            150W /  700W |   78933MiB /  81559MiB |      0%      Default |
|                                         |                        |             Disabled |
+-----------------------------------------+------------------------+----------------------+
|   1  NVIDIA H100 80GB HBM3          On  |   00000000:2A:00.0 Off |                    0 |
| N/A   30C    P0            100W /  700W |       0MiB /  81559MiB |      0%      Default |
|                                         |                        |             Disabled |
+-----------------------------------------+------------------------+----------------------+
|   2  NVIDIA H100 80GB HBM3          On  |   00000000:3A:00.0 Off |                    0 |
| N/A   38C    P0            101W /  700W |       0MiB /  81559MiB |      0%      Default |
|                                         |                        |             Disabled |
+-----------------------------------------+------------------------+----------------------+
|   3  NVIDIA H100 80GB HBM3          On  |   00000000:5D:00.0 Off |                    0 |
| N/A   32C    P0            147W /  700W |   78933MiB /  81559MiB |      0%      Default |
|                                         |                        |             Disabled |
+-----------------------------------------+------------------------+----------------------+
|   4  NVIDIA H100 80GB HBM3          On  |   00000000:9A:00.0 Off |                    0 |
| N/A   23C    P0             97W /  700W |       0MiB /  81559MiB |      0%      Default |
|                                         |                        |             Disabled |
+-----------------------------------------+------------------------+----------------------+
|   5  NVIDIA H100 80GB HBM3          On  |   00000000:AB:00.0 Off |                    0 |
| N/A   26C    P0             98W /  700W |       0MiB /  81559MiB |      0%      Default |
|                                         |                        |             Disabled |
+-----------------------------------------+------------------------+----------------------+
|   6  NVIDIA H100 80GB HBM3          On  |   00000000:BA:00.0 Off |                    0 |
| N/A   73C    P0            198W /  700W |   78933MiB /  81559MiB |      0%      Default |
|                                         |                        |             Disabled |
+-----------------------------------------+------------------------+----------------------+
|   7  NVIDIA H100 80GB HBM3          On  |   00000000:DB:00.0 Off |                    0 |
| N/A   34C    P0            152W /  700W |   78933MiB /  81559MiB |      0%      Default |
|                                         |                        |             Disabled |
+-----------------------------------------+------------------------+----------------------+

+-----------------------------------------------------------------------------------------+
| Processes:                                                                              |
|  GPU   GI   CI              PID   Type   Process name                        GPU Memory |
|        ID   ID                                                               Usage      |
|=========================================================================================|
|  No running processes found                                                             |
+-----------------------------------------------------------------------------------------+

