# Timestamp: 2026-09-09T06:17:55+0000
# Pod: meta-lla-888e33f1-instruct-router-epp-65f6b5f9c8-5wx76
# PodIP: 10.130.9.169
# Source: epp_prometheus_metrics

# HELP certwatcher_read_certificate_errors_total Total number of certificate read errors
# TYPE certwatcher_read_certificate_errors_total counter
certwatcher_read_certificate_errors_total 0
# HELP certwatcher_read_certificate_total Total number of certificate reads
# TYPE certwatcher_read_certificate_total counter
certwatcher_read_certificate_total 0
# HELP controller_runtime_active_workers Number of currently used workers per controller
# TYPE controller_runtime_active_workers gauge
controller_runtime_active_workers{controller="inferencemodelrewrite"} 0
controller_runtime_active_workers{controller="inferenceobjective"} 0
controller_runtime_active_workers{controller="inferencepool"} 0
controller_runtime_active_workers{controller="pod"} 0
# HELP controller_runtime_conversion_webhook_panics_total Total number of conversion webhook panics
# TYPE controller_runtime_conversion_webhook_panics_total counter
controller_runtime_conversion_webhook_panics_total 0
# HELP controller_runtime_max_concurrent_reconciles Maximum number of concurrent reconciles per controller
# TYPE controller_runtime_max_concurrent_reconciles gauge
controller_runtime_max_concurrent_reconciles{controller="inferencemodelrewrite"} 1
controller_runtime_max_concurrent_reconciles{controller="inferenceobjective"} 1
controller_runtime_max_concurrent_reconciles{controller="inferencepool"} 1
controller_runtime_max_concurrent_reconciles{controller="pod"} 1
# HELP controller_runtime_reconcile_errors_total Total number of reconciliation errors per controller
# TYPE controller_runtime_reconcile_errors_total counter
controller_runtime_reconcile_errors_total{controller="inferencemodelrewrite"} 0
controller_runtime_reconcile_errors_total{controller="inferenceobjective"} 0
controller_runtime_reconcile_errors_total{controller="inferencepool"} 0
controller_runtime_reconcile_errors_total{controller="pod"} 0
# HELP controller_runtime_reconcile_panics_total Total number of reconciliation panics per controller
# TYPE controller_runtime_reconcile_panics_total counter
controller_runtime_reconcile_panics_total{controller="inferencemodelrewrite"} 0
controller_runtime_reconcile_panics_total{controller="inferenceobjective"} 0
controller_runtime_reconcile_panics_total{controller="inferencepool"} 0
controller_runtime_reconcile_panics_total{controller="pod"} 0
# HELP controller_runtime_reconcile_time_seconds Length of time per reconciliation per controller
# TYPE controller_runtime_reconcile_time_seconds histogram
controller_runtime_reconcile_time_seconds_bucket{controller="inferenceobjective",le="0.005"} 1
controller_runtime_reconcile_time_seconds_bucket{controller="inferenceobjective",le="0.01"} 1
controller_runtime_reconcile_time_seconds_bucket{controller="inferenceobjective",le="0.025"} 1
controller_runtime_reconcile_time_seconds_bucket{controller="inferenceobjective",le="0.05"} 1
controller_runtime_reconcile_time_seconds_bucket{controller="inferenceobjective",le="0.1"} 1
controller_runtime_reconcile_time_seconds_bucket{controller="inferenceobjective",le="0.15"} 1
controller_runtime_reconcile_time_seconds_bucket{controller="inferenceobjective",le="0.2"} 1
controller_runtime_reconcile_time_seconds_bucket{controller="inferenceobjective",le="0.25"} 1
controller_runtime_reconcile_time_seconds_bucket{controller="inferenceobjective",le="0.3"} 1
controller_runtime_reconcile_time_seconds_bucket{controller="inferenceobjective",le="0.35"} 1
controller_runtime_reconcile_time_seconds_bucket{controller="inferenceobjective",le="0.4"} 1
controller_runtime_reconcile_time_seconds_bucket{controller="inferenceobjective",le="0.45"} 1
controller_runtime_reconcile_time_seconds_bucket{controller="inferenceobjective",le="0.5"} 1
controller_runtime_reconcile_time_seconds_bucket{controller="inferenceobjective",le="0.6"} 1
controller_runtime_reconcile_time_seconds_bucket{controller="inferenceobjective",le="0.7"} 1
controller_runtime_reconcile_time_seconds_bucket{controller="inferenceobjective",le="0.8"} 1
controller_runtime_reconcile_time_seconds_bucket{controller="inferenceobjective",le="0.9"} 1
controller_runtime_reconcile_time_seconds_bucket{controller="inferenceobjective",le="1"} 1
controller_runtime_reconcile_time_seconds_bucket{controller="inferenceobjective",le="1.25"} 1
controller_runtime_reconcile_time_seconds_bucket{controller="inferenceobjective",le="1.5"} 1
controller_runtime_reconcile_time_seconds_bucket{controller="inferenceobjective",le="1.75"} 1
controller_runtime_reconcile_time_seconds_bucket{controller="inferenceobjective",le="2"} 1
controller_runtime_reconcile_time_seconds_bucket{controller="inferenceobjective",le="2.5"} 1
controller_runtime_reconcile_time_seconds_bucket{controller="inferenceobjective",le="3"} 1
controller_runtime_reconcile_time_seconds_bucket{controller="inferenceobjective",le="3.5"} 1
controller_runtime_reconcile_time_seconds_bucket{controller="inferenceobjective",le="4"} 1
controller_runtime_reconcile_time_seconds_bucket{controller="inferenceobjective",le="4.5"} 1
controller_runtime_reconcile_time_seconds_bucket{controller="inferenceobjective",le="5"} 1
controller_runtime_reconcile_time_seconds_bucket{controller="inferenceobjective",le="6"} 1
controller_runtime_reconcile_time_seconds_bucket{controller="inferenceobjective",le="7"} 1
controller_runtime_reconcile_time_seconds_bucket{controller="inferenceobjective",le="8"} 1
controller_runtime_reconcile_time_seconds_bucket{controller="inferenceobjective",le="9"} 1
controller_runtime_reconcile_time_seconds_bucket{controller="inferenceobjective",le="10"} 1
controller_runtime_reconcile_time_seconds_bucket{controller="inferenceobjective",le="15"} 1
controller_runtime_reconcile_time_seconds_bucket{controller="inferenceobjective",le="20"} 1
controller_runtime_reconcile_time_seconds_bucket{controller="inferenceobjective",le="25"} 1
controller_runtime_reconcile_time_seconds_bucket{controller="inferenceobjective",le="30"} 1
controller_runtime_reconcile_time_seconds_bucket{controller="inferenceobjective",le="40"} 1
controller_runtime_reconcile_time_seconds_bucket{controller="inferenceobjective",le="50"} 1
controller_runtime_reconcile_time_seconds_bucket{controller="inferenceobjective",le="60"} 1
controller_runtime_reconcile_time_seconds_bucket{controller="inferenceobjective",le="+Inf"} 1
controller_runtime_reconcile_time_seconds_sum{controller="inferenceobjective"} 0.000135
controller_runtime_reconcile_time_seconds_count{controller="inferenceobjective"} 1
controller_runtime_reconcile_time_seconds_bucket{controller="inferencepool",le="0.005"} 1
controller_runtime_reconcile_time_seconds_bucket{controller="inferencepool",le="0.01"} 1
controller_runtime_reconcile_time_seconds_bucket{controller="inferencepool",le="0.025"} 1
controller_runtime_reconcile_time_seconds_bucket{controller="inferencepool",le="0.05"} 1
controller_runtime_reconcile_time_seconds_bucket{controller="inferencepool",le="0.1"} 1
controller_runtime_reconcile_time_seconds_bucket{controller="inferencepool",le="0.15"} 1
controller_runtime_reconcile_time_seconds_bucket{controller="inferencepool",le="0.2"} 1
controller_runtime_reconcile_time_seconds_bucket{controller="inferencepool",le="0.25"} 1
controller_runtime_reconcile_time_seconds_bucket{controller="inferencepool",le="0.3"} 1
controller_runtime_reconcile_time_seconds_bucket{controller="inferencepool",le="0.35"} 1
controller_runtime_reconcile_time_seconds_bucket{controller="inferencepool",le="0.4"} 1
controller_runtime_reconcile_time_seconds_bucket{controller="inferencepool",le="0.45"} 1
controller_runtime_reconcile_time_seconds_bucket{controller="inferencepool",le="0.5"} 1
controller_runtime_reconcile_time_seconds_bucket{controller="inferencepool",le="0.6"} 1
controller_runtime_reconcile_time_seconds_bucket{controller="inferencepool",le="0.7"} 1
controller_runtime_reconcile_time_seconds_bucket{controller="inferencepool",le="0.8"} 1
controller_runtime_reconcile_time_seconds_bucket{controller="inferencepool",le="0.9"} 1
controller_runtime_reconcile_time_seconds_bucket{controller="inferencepool",le="1"} 1
controller_runtime_reconcile_time_seconds_bucket{controller="inferencepool",le="1.25"} 1
controller_runtime_reconcile_time_seconds_bucket{controller="inferencepool",le="1.5"} 1
controller_runtime_reconcile_time_seconds_bucket{controller="inferencepool",le="1.75"} 1
controller_runtime_reconcile_time_seconds_bucket{controller="inferencepool",le="2"} 1
controller_runtime_reconcile_time_seconds_bucket{controller="inferencepool",le="2.5"} 1
controller_runtime_reconcile_time_seconds_bucket{controller="inferencepool",le="3"} 1
controller_runtime_reconcile_time_seconds_bucket{controller="inferencepool",le="3.5"} 1
controller_runtime_reconcile_time_seconds_bucket{controller="inferencepool",le="4"} 1
controller_runtime_reconcile_time_seconds_bucket{controller="inferencepool",le="4.5"} 1
controller_runtime_reconcile_time_seconds_bucket{controller="inferencepool",le="5"} 1
controller_runtime_reconcile_time_seconds_bucket{controller="inferencepool",le="6"} 1
controller_runtime_reconcile_time_seconds_bucket{controller="inferencepool",le="7"} 1
controller_runtime_reconcile_time_seconds_bucket{controller="inferencepool",le="8"} 1
controller_runtime_reconcile_time_seconds_bucket{controller="inferencepool",le="9"} 1
controller_runtime_reconcile_time_seconds_bucket{controller="inferencepool",le="10"} 1
controller_runtime_reconcile_time_seconds_bucket{controller="inferencepool",le="15"} 1
controller_runtime_reconcile_time_seconds_bucket{controller="inferencepool",le="20"} 1
controller_runtime_reconcile_time_seconds_bucket{controller="inferencepool",le="25"} 1
controller_runtime_reconcile_time_seconds_bucket{controller="inferencepool",le="30"} 1
controller_runtime_reconcile_time_seconds_bucket{controller="inferencepool",le="40"} 1
controller_runtime_reconcile_time_seconds_bucket{controller="inferencepool",le="50"} 1
controller_runtime_reconcile_time_seconds_bucket{controller="inferencepool",le="60"} 1
controller_runtime_reconcile_time_seconds_bucket{controller="inferencepool",le="+Inf"} 1
controller_runtime_reconcile_time_seconds_sum{controller="inferencepool"} 0.000251475
controller_runtime_reconcile_time_seconds_count{controller="inferencepool"} 1
controller_runtime_reconcile_time_seconds_bucket{controller="pod",le="0.005"} 32
controller_runtime_reconcile_time_seconds_bucket{controller="pod",le="0.01"} 32
controller_runtime_reconcile_time_seconds_bucket{controller="pod",le="0.025"} 32
controller_runtime_reconcile_time_seconds_bucket{controller="pod",le="0.05"} 32
controller_runtime_reconcile_time_seconds_bucket{controller="pod",le="0.1"} 32
controller_runtime_reconcile_time_seconds_bucket{controller="pod",le="0.15"} 32
controller_runtime_reconcile_time_seconds_bucket{controller="pod",le="0.2"} 32
controller_runtime_reconcile_time_seconds_bucket{controller="pod",le="0.25"} 32
controller_runtime_reconcile_time_seconds_bucket{controller="pod",le="0.3"} 32
controller_runtime_reconcile_time_seconds_bucket{controller="pod",le="0.35"} 32
controller_runtime_reconcile_time_seconds_bucket{controller="pod",le="0.4"} 32
controller_runtime_reconcile_time_seconds_bucket{controller="pod",le="0.45"} 32
controller_runtime_reconcile_time_seconds_bucket{controller="pod",le="0.5"} 32
controller_runtime_reconcile_time_seconds_bucket{controller="pod",le="0.6"} 32
controller_runtime_reconcile_time_seconds_bucket{controller="pod",le="0.7"} 32
controller_runtime_reconcile_time_seconds_bucket{controller="pod",le="0.8"} 32
controller_runtime_reconcile_time_seconds_bucket{controller="pod",le="0.9"} 32
controller_runtime_reconcile_time_seconds_bucket{controller="pod",le="1"} 32
controller_runtime_reconcile_time_seconds_bucket{controller="pod",le="1.25"} 32
controller_runtime_reconcile_time_seconds_bucket{controller="pod",le="1.5"} 32
controller_runtime_reconcile_time_seconds_bucket{controller="pod",le="1.75"} 32
controller_runtime_reconcile_time_seconds_bucket{controller="pod",le="2"} 32
controller_runtime_reconcile_time_seconds_bucket{controller="pod",le="2.5"} 32
controller_runtime_reconcile_time_seconds_bucket{controller="pod",le="3"} 32
controller_runtime_reconcile_time_seconds_bucket{controller="pod",le="3.5"} 32
controller_runtime_reconcile_time_seconds_bucket{controller="pod",le="4"} 32
controller_runtime_reconcile_time_seconds_bucket{controller="pod",le="4.5"} 32
controller_runtime_reconcile_time_seconds_bucket{controller="pod",le="5"} 32
controller_runtime_reconcile_time_seconds_bucket{controller="pod",le="6"} 32
controller_runtime_reconcile_time_seconds_bucket{controller="pod",le="7"} 32
controller_runtime_reconcile_time_seconds_bucket{controller="pod",le="8"} 32
controller_runtime_reconcile_time_seconds_bucket{controller="pod",le="9"} 32
controller_runtime_reconcile_time_seconds_bucket{controller="pod",le="10"} 32
controller_runtime_reconcile_time_seconds_bucket{controller="pod",le="15"} 32
controller_runtime_reconcile_time_seconds_bucket{controller="pod",le="20"} 32
controller_runtime_reconcile_time_seconds_bucket{controller="pod",le="25"} 32
controller_runtime_reconcile_time_seconds_bucket{controller="pod",le="30"} 32
controller_runtime_reconcile_time_seconds_bucket{controller="pod",le="40"} 32
controller_runtime_reconcile_time_seconds_bucket{controller="pod",le="50"} 32
controller_runtime_reconcile_time_seconds_bucket{controller="pod",le="60"} 32
controller_runtime_reconcile_time_seconds_bucket{controller="pod",le="+Inf"} 32
controller_runtime_reconcile_time_seconds_sum{controller="pod"} 0.006423413
controller_runtime_reconcile_time_seconds_count{controller="pod"} 32
# HELP controller_runtime_reconcile_timeouts_total Total number of reconciliation timeouts per controller
# TYPE controller_runtime_reconcile_timeouts_total counter
controller_runtime_reconcile_timeouts_total{controller="inferencemodelrewrite"} 0
controller_runtime_reconcile_timeouts_total{controller="inferenceobjective"} 0
controller_runtime_reconcile_timeouts_total{controller="inferencepool"} 0
controller_runtime_reconcile_timeouts_total{controller="pod"} 0
# HELP controller_runtime_reconcile_total Total number of reconciliations per controller
# TYPE controller_runtime_reconcile_total counter
controller_runtime_reconcile_total{controller="inferencemodelrewrite",result="error"} 0
controller_runtime_reconcile_total{controller="inferencemodelrewrite",result="requeue"} 0
controller_runtime_reconcile_total{controller="inferencemodelrewrite",result="requeue_after"} 0
controller_runtime_reconcile_total{controller="inferencemodelrewrite",result="success"} 0
controller_runtime_reconcile_total{controller="inferenceobjective",result="error"} 0
controller_runtime_reconcile_total{controller="inferenceobjective",result="requeue"} 0
controller_runtime_reconcile_total{controller="inferenceobjective",result="requeue_after"} 0
controller_runtime_reconcile_total{controller="inferenceobjective",result="success"} 1
controller_runtime_reconcile_total{controller="inferencepool",result="error"} 0
controller_runtime_reconcile_total{controller="inferencepool",result="requeue"} 0
controller_runtime_reconcile_total{controller="inferencepool",result="requeue_after"} 0
controller_runtime_reconcile_total{controller="inferencepool",result="success"} 1
controller_runtime_reconcile_total{controller="pod",result="error"} 0
controller_runtime_reconcile_total{controller="pod",result="requeue"} 0
controller_runtime_reconcile_total{controller="pod",result="requeue_after"} 0
controller_runtime_reconcile_total{controller="pod",result="success"} 32
# HELP controller_runtime_terminal_reconcile_errors_total Total number of terminal reconciliation errors per controller
# TYPE controller_runtime_terminal_reconcile_errors_total counter
controller_runtime_terminal_reconcile_errors_total{controller="inferencemodelrewrite"} 0
controller_runtime_terminal_reconcile_errors_total{controller="inferenceobjective"} 0
controller_runtime_terminal_reconcile_errors_total{controller="inferencepool"} 0
controller_runtime_terminal_reconcile_errors_total{controller="pod"} 0
# HELP controller_runtime_webhook_panics_total Total number of webhook panics
# TYPE controller_runtime_webhook_panics_total counter
controller_runtime_webhook_panics_total 0
# HELP go_cgo_go_to_c_calls_calls_total Count of calls made from Go to C by the current process. Sourced from /cgo/go-to-c-calls:calls.
# TYPE go_cgo_go_to_c_calls_calls_total counter
go_cgo_go_to_c_calls_calls_total 0
# HELP go_cpu_classes_gc_mark_assist_cpu_seconds_total Estimated total CPU time goroutines spent performing GC tasks to assist the GC and prevent it from falling behind the application. This metric is an overestimate, and not directly comparable to system CPU time measurements. Compare only with other /cpu/classes metrics. Sourced from /cpu/classes/gc/mark/assist:cpu-seconds.
# TYPE go_cpu_classes_gc_mark_assist_cpu_seconds_total counter
go_cpu_classes_gc_mark_assist_cpu_seconds_total 1.760999911
# HELP go_cpu_classes_gc_mark_dedicated_cpu_seconds_total Estimated total CPU time spent performing GC tasks on processors (as defined by GOMAXPROCS) dedicated to those tasks. This metric is an overestimate, and not directly comparable to system CPU time measurements. Compare only with other /cpu/classes metrics. Sourced from /cpu/classes/gc/mark/dedicated:cpu-seconds.
# TYPE go_cpu_classes_gc_mark_dedicated_cpu_seconds_total counter
go_cpu_classes_gc_mark_dedicated_cpu_seconds_total 146.243230468
# HELP go_cpu_classes_gc_mark_idle_cpu_seconds_total Estimated total CPU time spent performing GC tasks on spare CPU resources that the Go scheduler could not otherwise find a use for. This should be subtracted from the total GC CPU time to obtain a measure of compulsory GC CPU time. This metric is an overestimate, and not directly comparable to system CPU time measurements. Compare only with other /cpu/classes metrics. Sourced from /cpu/classes/gc/mark/idle:cpu-seconds.
# TYPE go_cpu_classes_gc_mark_idle_cpu_seconds_total counter
go_cpu_classes_gc_mark_idle_cpu_seconds_total 27.110134606
# HELP go_cpu_classes_gc_pause_cpu_seconds_total Estimated total CPU time spent with the application paused by the GC. Even if only one thread is running during the pause, this is computed as GOMAXPROCS times the pause latency because nothing else can be executing. This is the exact sum of samples in /sched/pauses/total/gc:seconds if each sample is multiplied by GOMAXPROCS at the time it is taken. This metric is an overestimate, and not directly comparable to system CPU time measurements. Compare only with other /cpu/classes metrics. Sourced from /cpu/classes/gc/pause:cpu-seconds.
# TYPE go_cpu_classes_gc_pause_cpu_seconds_total counter
go_cpu_classes_gc_pause_cpu_seconds_total 74.789180723
# HELP go_cpu_classes_gc_total_cpu_seconds_total Estimated total CPU time spent performing GC tasks. This metric is an overestimate, and not directly comparable to system CPU time measurements. Compare only with other /cpu/classes metrics. Sum of all metrics in /cpu/classes/gc. Sourced from /cpu/classes/gc/total:cpu-seconds.
# TYPE go_cpu_classes_gc_total_cpu_seconds_total counter
go_cpu_classes_gc_total_cpu_seconds_total 249.903545708
# HELP go_cpu_classes_idle_cpu_seconds_total Estimated total available CPU time not spent executing any Go or Go runtime code. In other words, the part of /cpu/classes/total:cpu-seconds that was unused. This metric is an overestimate, and not directly comparable to system CPU time measurements. Compare only with other /cpu/classes metrics. Sourced from /cpu/classes/idle:cpu-seconds.
# TYPE go_cpu_classes_idle_cpu_seconds_total counter
go_cpu_classes_idle_cpu_seconds_total 271211.628116596
# HELP go_cpu_classes_scavenge_assist_cpu_seconds_total Estimated total CPU time spent returning unused memory to the underlying platform in response eagerly to memory pressure. This metric is an overestimate, and not directly comparable to system CPU time measurements. Compare only with other /cpu/classes metrics. Sourced from /cpu/classes/scavenge/assist:cpu-seconds.
# TYPE go_cpu_classes_scavenge_assist_cpu_seconds_total counter
go_cpu_classes_scavenge_assist_cpu_seconds_total 0.000962914
# HELP go_cpu_classes_scavenge_background_cpu_seconds_total Estimated total CPU time spent performing background tasks to return unused memory to the underlying platform. This metric is an overestimate, and not directly comparable to system CPU time measurements. Compare only with other /cpu/classes metrics. Sourced from /cpu/classes/scavenge/background:cpu-seconds.
# TYPE go_cpu_classes_scavenge_background_cpu_seconds_total counter
go_cpu_classes_scavenge_background_cpu_seconds_total 0.234459172
# HELP go_cpu_classes_scavenge_total_cpu_seconds_total Estimated total CPU time spent performing tasks that return unused memory to the underlying platform. This metric is an overestimate, and not directly comparable to system CPU time measurements. Compare only with other /cpu/classes metrics. Sum of all metrics in /cpu/classes/scavenge. Sourced from /cpu/classes/scavenge/total:cpu-seconds.
# TYPE go_cpu_classes_scavenge_total_cpu_seconds_total counter
go_cpu_classes_scavenge_total_cpu_seconds_total 0.235422086
# HELP go_cpu_classes_total_cpu_seconds_total Estimated total available CPU time for user Go code or the Go runtime, as defined by GOMAXPROCS. In other words, GOMAXPROCS integrated over the wall-clock duration this process has been executing for. This metric is an overestimate, and not directly comparable to system CPU time measurements. Compare only with other /cpu/classes metrics. Sum of all metrics in /cpu/classes. Sourced from /cpu/classes/total:cpu-seconds.
# TYPE go_cpu_classes_total_cpu_seconds_total counter
go_cpu_classes_total_cpu_seconds_total 271828.328095744
# HELP go_cpu_classes_user_cpu_seconds_total Estimated total CPU time spent running user Go code. This may also include some small amount of time spent in the Go runtime. This metric is an overestimate, and not directly comparable to system CPU time measurements. Compare only with other /cpu/classes metrics. Sourced from /cpu/classes/user:cpu-seconds.
# TYPE go_cpu_classes_user_cpu_seconds_total counter
go_cpu_classes_user_cpu_seconds_total 366.561011354
# HELP go_gc_cleanups_executed_cleanups_total Approximate total count of cleanup functions (created by runtime.AddCleanup) executed by the runtime. Subtract /gc/cleanups/queued:cleanups to approximate cleanup queue length. Useful for detecting slow cleanups holding up the queue. Sourced from /gc/cleanups/executed:cleanups.
# TYPE go_gc_cleanups_executed_cleanups_total counter
go_gc_cleanups_executed_cleanups_total 0
# HELP go_gc_cleanups_queued_cleanups_total Approximate total count of cleanup functions (created by runtime.AddCleanup) queued by the runtime for execution. Subtract from /gc/cleanups/executed:cleanups to approximate cleanup queue length. Useful for detecting slow cleanups holding up the queue. Sourced from /gc/cleanups/queued:cleanups.
# TYPE go_gc_cleanups_queued_cleanups_total counter
go_gc_cleanups_queued_cleanups_total 0
# HELP go_gc_cycles_automatic_gc_cycles_total Count of completed GC cycles generated by the Go runtime. Sourced from /gc/cycles/automatic:gc-cycles.
# TYPE go_gc_cycles_automatic_gc_cycles_total counter
go_gc_cycles_automatic_gc_cycles_total 1401
# HELP go_gc_cycles_forced_gc_cycles_total Count of completed GC cycles forced by the application. Sourced from /gc/cycles/forced:gc-cycles.
# TYPE go_gc_cycles_forced_gc_cycles_total counter
go_gc_cycles_forced_gc_cycles_total 0
# HELP go_gc_cycles_total_gc_cycles_total Count of all completed GC cycles. Sourced from /gc/cycles/total:gc-cycles.
# TYPE go_gc_cycles_total_gc_cycles_total counter
go_gc_cycles_total_gc_cycles_total 1401
# HELP go_gc_duration_seconds A summary of the wall-time pause (stop-the-world) duration in garbage collection cycles.
# TYPE go_gc_duration_seconds summary
go_gc_duration_seconds{quantile="0"} 0.000352466
go_gc_duration_seconds{quantile="0.25"} 0.000432475
go_gc_duration_seconds{quantile="0.5"} 0.000474591
go_gc_duration_seconds{quantile="0.75"} 0.000519178
go_gc_duration_seconds{quantile="1"} 0.00506919
go_gc_duration_seconds_sum 0.680481143
go_gc_duration_seconds_count 1401
# HELP go_gc_finalizers_executed_finalizers_total Total count of finalizer functions (created by runtime.SetFinalizer) executed by the runtime. Subtract /gc/finalizers/queued:finalizers to approximate finalizer queue length. Useful for detecting finalizers overwhelming the queue, either by being too slow, or by there being too many of them. Sourced from /gc/finalizers/executed:finalizers.
# TYPE go_gc_finalizers_executed_finalizers_total counter
go_gc_finalizers_executed_finalizers_total 0
# HELP go_gc_finalizers_queued_finalizers_total Total count of finalizer functions (created by runtime.SetFinalizer) and queued by the runtime for execution. Subtract from /gc/finalizers/executed:finalizers to approximate finalizer queue length. Useful for detecting slow finalizers holding up the queue. Sourced from /gc/finalizers/queued:finalizers.
# TYPE go_gc_finalizers_queued_finalizers_total counter
go_gc_finalizers_queued_finalizers_total 0
# HELP go_gc_gogc_percent Heap size target percentage configured by the user, otherwise 100. This value is set by the GOGC environment variable, and the runtime/debug.SetGCPercent function. Sourced from /gc/gogc:percent.
# TYPE go_gc_gogc_percent gauge
go_gc_gogc_percent 100
# HELP go_gc_gomemlimit_bytes Go runtime memory limit configured by the user, otherwise math.MaxInt64. This value is set by the GOMEMLIMIT environment variable, and the runtime/debug.SetMemoryLimit function. Sourced from /gc/gomemlimit:bytes.
# TYPE go_gc_gomemlimit_bytes gauge
go_gc_gomemlimit_bytes 9.223372036854776e+18
# HELP go_gc_heap_allocs_by_size_bytes Distribution of heap allocations by approximate size. Bucket counts increase monotonically. Note that this does not include tiny objects as defined by /gc/heap/tiny/allocs:objects, only tiny blocks. Sourced from /gc/heap/allocs-by-size:bytes.
# TYPE go_gc_heap_allocs_by_size_bytes histogram
go_gc_heap_allocs_by_size_bytes_bucket{le="8.999999999999998"} 4.7775403e+07
go_gc_heap_allocs_by_size_bytes_bucket{le="24.999999999999996"} 7.37193325e+08
go_gc_heap_allocs_by_size_bytes_bucket{le="64.99999999999999"} 1.006806195e+09
go_gc_heap_allocs_by_size_bytes_bucket{le="144.99999999999997"} 1.084100168e+09
go_gc_heap_allocs_by_size_bytes_bucket{le="320.99999999999994"} 1.114556661e+09
go_gc_heap_allocs_by_size_bytes_bucket{le="704.9999999999999"} 1.12286004e+09
go_gc_heap_allocs_by_size_bytes_bucket{le="1536.9999999999998"} 1.124079793e+09
go_gc_heap_allocs_by_size_bytes_bucket{le="3200.9999999999995"} 1.124253439e+09
go_gc_heap_allocs_by_size_bytes_bucket{le="6528.999999999999"} 1.124418148e+09
go_gc_heap_allocs_by_size_bytes_bucket{le="13568.999999999998"} 1.124451926e+09
go_gc_heap_allocs_by_size_bytes_bucket{le="27264.999999999996"} 1.124494186e+09
go_gc_heap_allocs_by_size_bytes_bucket{le="+Inf"} 1.124552226e+09
go_gc_heap_allocs_by_size_bytes_sum 5.0869072688e+10
go_gc_heap_allocs_by_size_bytes_count 1.124552226e+09
# HELP go_gc_heap_allocs_bytes_total Cumulative sum of memory allocated to the heap by the application. Sourced from /gc/heap/allocs:bytes.
# TYPE go_gc_heap_allocs_bytes_total counter
go_gc_heap_allocs_bytes_total 5.0869072688e+10
# HELP go_gc_heap_allocs_objects_total Cumulative count of heap allocations triggered by the application. Note that this does not include tiny objects as defined by /gc/heap/tiny/allocs:objects, only tiny blocks. Sourced from /gc/heap/allocs:objects.
# TYPE go_gc_heap_allocs_objects_total counter
go_gc_heap_allocs_objects_total 1.124552226e+09
# HELP go_gc_heap_frees_by_size_bytes Distribution of freed heap allocations by approximate size. Bucket counts increase monotonically. Note that this does not include tiny objects as defined by /gc/heap/tiny/allocs:objects, only tiny blocks. Sourced from /gc/heap/frees-by-size:bytes.
# TYPE go_gc_heap_frees_by_size_bytes histogram
go_gc_heap_frees_by_size_bytes_bucket{le="8.999999999999998"} 4.7759441e+07
go_gc_heap_frees_by_size_bytes_bucket{le="24.999999999999996"} 7.36853658e+08
go_gc_heap_frees_by_size_bytes_bucket{le="64.99999999999999"} 1.006177203e+09
go_gc_heap_frees_by_size_bytes_bucket{le="144.99999999999997"} 1.083425667e+09
go_gc_heap_frees_by_size_bytes_bucket{le="320.99999999999994"} 1.113863885e+09
go_gc_heap_frees_by_size_bytes_bucket{le="704.9999999999999"} 1.122087575e+09
go_gc_heap_frees_by_size_bytes_bucket{le="1536.9999999999998"} 1.12330543e+09
go_gc_heap_frees_by_size_bytes_bucket{le="3200.9999999999995"} 1.123478329e+09
go_gc_heap_frees_by_size_bytes_bucket{le="6528.999999999999"} 1.123642732e+09
go_gc_heap_frees_by_size_bytes_bucket{le="13568.999999999998"} 1.123676316e+09
go_gc_heap_frees_by_size_bytes_bucket{le="27264.999999999996"} 1.123717839e+09
go_gc_heap_frees_by_size_bytes_bucket{le="+Inf"} 1.123775667e+09
go_gc_heap_frees_by_size_bytes_sum 5.0778686136e+10
go_gc_heap_frees_by_size_bytes_count 1.123775667e+09
# HELP go_gc_heap_frees_bytes_total Cumulative sum of heap memory freed by the garbage collector. Sourced from /gc/heap/frees:bytes.
# TYPE go_gc_heap_frees_bytes_total counter
go_gc_heap_frees_bytes_total 5.0778686136e+10
# HELP go_gc_heap_frees_objects_total Cumulative count of heap allocations whose storage was freed by the garbage collector. Note that this does not include tiny objects as defined by /gc/heap/tiny/allocs:objects, only tiny blocks. Sourced from /gc/heap/frees:objects.
# TYPE go_gc_heap_frees_objects_total counter
go_gc_heap_frees_objects_total 1.123775667e+09
# HELP go_gc_heap_goal_bytes Heap size target for the end of the GC cycle. Sourced from /gc/heap/goal:bytes.
# TYPE go_gc_heap_goal_bytes gauge
go_gc_heap_goal_bytes 1.41711194e+08
# HELP go_gc_heap_live_bytes Heap memory occupied by live objects that were marked by the previous GC. Sourced from /gc/heap/live:bytes.
# TYPE go_gc_heap_live_bytes gauge
go_gc_heap_live_bytes 7.0312848e+07
# HELP go_gc_heap_objects_objects Number of objects, live or unswept, occupying heap memory. Sourced from /gc/heap/objects:objects.
# TYPE go_gc_heap_objects_objects gauge
go_gc_heap_objects_objects 776559
# HELP go_gc_heap_tiny_allocs_objects_total Count of small allocations that are packed together into blocks. These allocations are counted separately from other allocations because each individual allocation is not tracked by the runtime, only their block. Each block is already accounted for in allocs-by-size and frees-by-size. Sourced from /gc/heap/tiny/allocs:objects.
# TYPE go_gc_heap_tiny_allocs_objects_total counter
go_gc_heap_tiny_allocs_objects_total 1.00382566e+08
# HELP go_gc_limiter_last_enabled_gc_cycle GC cycle the last time the GC CPU limiter was enabled. This metric is useful for diagnosing the root cause of an out-of-memory error, because the limiter trades memory for CPU time when the GC's CPU time gets too high. This is most likely to occur with use of SetMemoryLimit. The first GC cycle is cycle 1, so a value of 0 indicates that it was never enabled. Sourced from /gc/limiter/last-enabled:gc-cycle.
# TYPE go_gc_limiter_last_enabled_gc_cycle gauge
go_gc_limiter_last_enabled_gc_cycle 0
# HELP go_gc_pauses_seconds Deprecated. Prefer the identical /sched/pauses/total/gc:seconds. Sourced from /gc/pauses:seconds.
# TYPE go_gc_pauses_seconds histogram
go_gc_pauses_seconds_bucket{le="6.399999999999999e-08"} 0
go_gc_pauses_seconds_bucket{le="6.399999999999999e-07"} 0
go_gc_pauses_seconds_bucket{le="7.167999999999999e-06"} 0
go_gc_pauses_seconds_bucket{le="8.191999999999999e-05"} 1
go_gc_pauses_seconds_bucket{le="0.0009175039999999999"} 2796
go_gc_pauses_seconds_bucket{le="0.010485759999999998"} 2802
go_gc_pauses_seconds_bucket{le="0.11744051199999998"} 2802
go_gc_pauses_seconds_bucket{le="+Inf"} 2802
go_gc_pauses_seconds_sum 0.234478592
go_gc_pauses_seconds_count 2802
# HELP go_gc_scan_globals_bytes The total amount of global variable space that is scannable. Sourced from /gc/scan/globals:bytes.
# TYPE go_gc_scan_globals_bytes gauge
go_gc_scan_globals_bytes 566346
# HELP go_gc_scan_heap_bytes The total amount of heap space that is scannable. Sourced from /gc/scan/heap:bytes.
# TYPE go_gc_scan_heap_bytes gauge
go_gc_scan_heap_bytes 6.8361032e+07
# HELP go_gc_scan_stack_bytes The number of bytes of stack that were scanned last GC cycle. Sourced from /gc/scan/stack:bytes.
# TYPE go_gc_scan_stack_bytes gauge
go_gc_scan_stack_bytes 519152
# HELP go_gc_scan_total_bytes The total amount space that is scannable. Sum of all metrics in /gc/scan. Sourced from /gc/scan/total:bytes.
# TYPE go_gc_scan_total_bytes gauge
go_gc_scan_total_bytes 6.944653e+07
# HELP go_gc_stack_starting_size_bytes The stack size of new goroutines. Sourced from /gc/stack/starting-size:bytes.
# TYPE go_gc_stack_starting_size_bytes gauge
go_gc_stack_starting_size_bytes 2048
# HELP go_godebug_non_default_behavior_allowmultiplevcs_events_total The number of non-default behaviors executed by the cmd/go package due to a non-default GODEBUG=allowmultiplevcs=... setting. Sourced from /godebug/non-default-behavior/allowmultiplevcs:events.
# TYPE go_godebug_non_default_behavior_allowmultiplevcs_events_total counter
go_godebug_non_default_behavior_allowmultiplevcs_events_total 0
# HELP go_godebug_non_default_behavior_asynctimerchan_events_total The number of non-default behaviors executed by the time package due to a non-default GODEBUG=asynctimerchan=... setting. Sourced from /godebug/non-default-behavior/asynctimerchan:events.
# TYPE go_godebug_non_default_behavior_asynctimerchan_events_total counter
go_godebug_non_default_behavior_asynctimerchan_events_total 0
# HELP go_godebug_non_default_behavior_containermaxprocs_events_total The number of non-default behaviors executed by the runtime package due to a non-default GODEBUG=containermaxprocs=... setting. Sourced from /godebug/non-default-behavior/containermaxprocs:events.
# TYPE go_godebug_non_default_behavior_containermaxprocs_events_total counter
go_godebug_non_default_behavior_containermaxprocs_events_total 0
# HELP go_godebug_non_default_behavior_cryptocustomrand_events_total The number of non-default behaviors executed by the crypto package due to a non-default GODEBUG=cryptocustomrand=... setting. Sourced from /godebug/non-default-behavior/cryptocustomrand:events.
# TYPE go_godebug_non_default_behavior_cryptocustomrand_events_total counter
go_godebug_non_default_behavior_cryptocustomrand_events_total 0
# HELP go_godebug_non_default_behavior_embedfollowsymlinks_events_total The number of non-default behaviors executed by the cmd/go package due to a non-default GODEBUG=embedfollowsymlinks=... setting. Sourced from /godebug/non-default-behavior/embedfollowsymlinks:events.
# TYPE go_godebug_non_default_behavior_embedfollowsymlinks_events_total counter
go_godebug_non_default_behavior_embedfollowsymlinks_events_total 0
# HELP go_godebug_non_default_behavior_execerrdot_events_total The number of non-default behaviors executed by the os/exec package due to a non-default GODEBUG=execerrdot=... setting. Sourced from /godebug/non-default-behavior/execerrdot:events.
# TYPE go_godebug_non_default_behavior_execerrdot_events_total counter
go_godebug_non_default_behavior_execerrdot_events_total 0
# HELP go_godebug_non_default_behavior_fips140ems_events_total The number of non-default behaviors executed by the crypto/tls package due to a non-default GODEBUG=fips140ems=... setting. Sourced from /godebug/non-default-behavior/fips140ems:events.
# TYPE go_godebug_non_default_behavior_fips140ems_events_total counter
go_godebug_non_default_behavior_fips140ems_events_total 0
# HELP go_godebug_non_default_behavior_gocachehash_events_total The number of non-default behaviors executed by the cmd/go package due to a non-default GODEBUG=gocachehash=... setting. Sourced from /godebug/non-default-behavior/gocachehash:events.
# TYPE go_godebug_non_default_behavior_gocachehash_events_total counter
go_godebug_non_default_behavior_gocachehash_events_total 0
# HELP go_godebug_non_default_behavior_gocachetest_events_total The number of non-default behaviors executed by the cmd/go package due to a non-default GODEBUG=gocachetest=... setting. Sourced from /godebug/non-default-behavior/gocachetest:events.
# TYPE go_godebug_non_default_behavior_gocachetest_events_total counter
go_godebug_non_default_behavior_gocachetest_events_total 0
# HELP go_godebug_non_default_behavior_gocacheverify_events_total The number of non-default behaviors executed by the cmd/go package due to a non-default GODEBUG=gocacheverify=... setting. Sourced from /godebug/non-default-behavior/gocacheverify:events.
# TYPE go_godebug_non_default_behavior_gocacheverify_events_total counter
go_godebug_non_default_behavior_gocacheverify_events_total 0
# HELP go_godebug_non_default_behavior_gotestjsonbuildtext_events_total The number of non-default behaviors executed by the cmd/go package due to a non-default GODEBUG=gotestjsonbuildtext=... setting. Sourced from /godebug/non-default-behavior/gotestjsonbuildtext:events.
# TYPE go_godebug_non_default_behavior_gotestjsonbuildtext_events_total counter
go_godebug_non_default_behavior_gotestjsonbuildtext_events_total 0
# HELP go_godebug_non_default_behavior_gotypesalias_events_total The number of non-default behaviors executed by the go/types package due to a non-default GODEBUG=gotypesalias=... setting. Sourced from /godebug/non-default-behavior/gotypesalias:events.
# TYPE go_godebug_non_default_behavior_gotypesalias_events_total counter
go_godebug_non_default_behavior_gotypesalias_events_total 0
# HELP go_godebug_non_default_behavior_htmlmetacontenturlescape_events_total The number of non-default behaviors executed by the html/template package due to a non-default GODEBUG=htmlmetacontenturlescape=... setting. Sourced from /godebug/non-default-behavior/htmlmetacontenturlescape:events.
# TYPE go_godebug_non_default_behavior_htmlmetacontenturlescape_events_total counter
go_godebug_non_default_behavior_htmlmetacontenturlescape_events_total 0
# HELP go_godebug_non_default_behavior_http2client_events_total The number of non-default behaviors executed by the net/http package due to a non-default GODEBUG=http2client=... setting. Sourced from /godebug/non-default-behavior/http2client:events.
# TYPE go_godebug_non_default_behavior_http2client_events_total counter
go_godebug_non_default_behavior_http2client_events_total 0
# HELP go_godebug_non_default_behavior_http2server_events_total The number of non-default behaviors executed by the net/http package due to a non-default GODEBUG=http2server=... setting. Sourced from /godebug/non-default-behavior/http2server:events.
# TYPE go_godebug_non_default_behavior_http2server_events_total counter
go_godebug_non_default_behavior_http2server_events_total 0
# HELP go_godebug_non_default_behavior_httpcookiemaxnum_events_total The number of non-default behaviors executed by the net/http package due to a non-default GODEBUG=httpcookiemaxnum=... setting. Sourced from /godebug/non-default-behavior/httpcookiemaxnum:events.
# TYPE go_godebug_non_default_behavior_httpcookiemaxnum_events_total counter
go_godebug_non_default_behavior_httpcookiemaxnum_events_total 0
# HELP go_godebug_non_default_behavior_httplaxcontentlength_events_total The number of non-default behaviors executed by the net/http package due to a non-default GODEBUG=httplaxcontentlength=... setting. Sourced from /godebug/non-default-behavior/httplaxcontentlength:events.
# TYPE go_godebug_non_default_behavior_httplaxcontentlength_events_total counter
go_godebug_non_default_behavior_httplaxcontentlength_events_total 0
# HELP go_godebug_non_default_behavior_httpmuxgo121_events_total The number of non-default behaviors executed by the net/http package due to a non-default GODEBUG=httpmuxgo121=... setting. Sourced from /godebug/non-default-behavior/httpmuxgo121:events.
# TYPE go_godebug_non_default_behavior_httpmuxgo121_events_total counter
go_godebug_non_default_behavior_httpmuxgo121_events_total 0
# HELP go_godebug_non_default_behavior_httpservecontentkeepheaders_events_total The number of non-default behaviors executed by the net/http package due to a non-default GODEBUG=httpservecontentkeepheaders=... setting. Sourced from /godebug/non-default-behavior/httpservecontentkeepheaders:events.
# TYPE go_godebug_non_default_behavior_httpservecontentkeepheaders_events_total counter
go_godebug_non_default_behavior_httpservecontentkeepheaders_events_total 0
# HELP go_godebug_non_default_behavior_installgoroot_events_total The number of non-default behaviors executed by the go/build package due to a non-default GODEBUG=installgoroot=... setting. Sourced from /godebug/non-default-behavior/installgoroot:events.
# TYPE go_godebug_non_default_behavior_installgoroot_events_total counter
go_godebug_non_default_behavior_installgoroot_events_total 0
# HELP go_godebug_non_default_behavior_multipartmaxheaders_events_total The number of non-default behaviors executed by the mime/multipart package due to a non-default GODEBUG=multipartmaxheaders=... setting. Sourced from /godebug/non-default-behavior/multipartmaxheaders:events.
# TYPE go_godebug_non_default_behavior_multipartmaxheaders_events_total counter
go_godebug_non_default_behavior_multipartmaxheaders_events_total 0
# HELP go_godebug_non_default_behavior_multipartmaxparts_events_total The number of non-default behaviors executed by the mime/multipart package due to a non-default GODEBUG=multipartmaxparts=... setting. Sourced from /godebug/non-default-behavior/multipartmaxparts:events.
# TYPE go_godebug_non_default_behavior_multipartmaxparts_events_total counter
go_godebug_non_default_behavior_multipartmaxparts_events_total 0
# HELP go_godebug_non_default_behavior_multipathtcp_events_total The number of non-default behaviors executed by the net package due to a non-default GODEBUG=multipathtcp=... setting. Sourced from /godebug/non-default-behavior/multipathtcp:events.
# TYPE go_godebug_non_default_behavior_multipathtcp_events_total counter
go_godebug_non_default_behavior_multipathtcp_events_total 0
# HELP go_godebug_non_default_behavior_netedns0_events_total The number of non-default behaviors executed by the net package due to a non-default GODEBUG=netedns0=... setting. Sourced from /godebug/non-default-behavior/netedns0:events.
# TYPE go_godebug_non_default_behavior_netedns0_events_total counter
go_godebug_non_default_behavior_netedns0_events_total 0
# HELP go_godebug_non_default_behavior_panicnil_events_total The number of non-default behaviors executed by the runtime package due to a non-default GODEBUG=panicnil=... setting. Sourced from /godebug/non-default-behavior/panicnil:events.
# TYPE go_godebug_non_default_behavior_panicnil_events_total counter
go_godebug_non_default_behavior_panicnil_events_total 0
# HELP go_godebug_non_default_behavior_randautoseed_events_total The number of non-default behaviors executed by the math/rand package due to a non-default GODEBUG=randautoseed=... setting. Sourced from /godebug/non-default-behavior/randautoseed:events.
# TYPE go_godebug_non_default_behavior_randautoseed_events_total counter
go_godebug_non_default_behavior_randautoseed_events_total 0
# HELP go_godebug_non_default_behavior_randseednop_events_total The number of non-default behaviors executed by the math/rand package due to a non-default GODEBUG=randseednop=... setting. Sourced from /godebug/non-default-behavior/randseednop:events.
# TYPE go_godebug_non_default_behavior_randseednop_events_total counter
go_godebug_non_default_behavior_randseednop_events_total 0
# HELP go_godebug_non_default_behavior_rsa1024min_events_total The number of non-default behaviors executed by the crypto/rsa package due to a non-default GODEBUG=rsa1024min=... setting. Sourced from /godebug/non-default-behavior/rsa1024min:events.
# TYPE go_godebug_non_default_behavior_rsa1024min_events_total counter
go_godebug_non_default_behavior_rsa1024min_events_total 0
# HELP go_godebug_non_default_behavior_tarinsecurepath_events_total The number of non-default behaviors executed by the archive/tar package due to a non-default GODEBUG=tarinsecurepath=... setting. Sourced from /godebug/non-default-behavior/tarinsecurepath:events.
# TYPE go_godebug_non_default_behavior_tarinsecurepath_events_total counter
go_godebug_non_default_behavior_tarinsecurepath_events_total 0
# HELP go_godebug_non_default_behavior_tls10server_events_total The number of non-default behaviors executed by the crypto/tls package due to a non-default GODEBUG=tls10server=... setting. Sourced from /godebug/non-default-behavior/tls10server:events.
# TYPE go_godebug_non_default_behavior_tls10server_events_total counter
go_godebug_non_default_behavior_tls10server_events_total 0
# HELP go_godebug_non_default_behavior_tls3des_events_total The number of non-default behaviors executed by the crypto/tls package due to a non-default GODEBUG=tls3des=... setting. Sourced from /godebug/non-default-behavior/tls3des:events.
# TYPE go_godebug_non_default_behavior_tls3des_events_total counter
go_godebug_non_default_behavior_tls3des_events_total 0
# HELP go_godebug_non_default_behavior_tlsmaxrsasize_events_total The number of non-default behaviors executed by the crypto/tls package due to a non-default GODEBUG=tlsmaxrsasize=... setting. Sourced from /godebug/non-default-behavior/tlsmaxrsasize:events.
# TYPE go_godebug_non_default_behavior_tlsmaxrsasize_events_total counter
go_godebug_non_default_behavior_tlsmaxrsasize_events_total 0
# HELP go_godebug_non_default_behavior_tlsrsakex_events_total The number of non-default behaviors executed by the crypto/tls package due to a non-default GODEBUG=tlsrsakex=... setting. Sourced from /godebug/non-default-behavior/tlsrsakex:events.
# TYPE go_godebug_non_default_behavior_tlsrsakex_events_total counter
go_godebug_non_default_behavior_tlsrsakex_events_total 0
# HELP go_godebug_non_default_behavior_tlssha1_events_total The number of non-default behaviors executed by the crypto/tls package due to a non-default GODEBUG=tlssha1=... setting. Sourced from /godebug/non-default-behavior/tlssha1:events.
# TYPE go_godebug_non_default_behavior_tlssha1_events_total counter
go_godebug_non_default_behavior_tlssha1_events_total 0
# HELP go_godebug_non_default_behavior_tlsunsafeekm_events_total The number of non-default behaviors executed by the crypto/tls package due to a non-default GODEBUG=tlsunsafeekm=... setting. Sourced from /godebug/non-default-behavior/tlsunsafeekm:events.
# TYPE go_godebug_non_default_behavior_tlsunsafeekm_events_total counter
go_godebug_non_default_behavior_tlsunsafeekm_events_total 0
# HELP go_godebug_non_default_behavior_updatemaxprocs_events_total The number of non-default behaviors executed by the runtime package due to a non-default GODEBUG=updatemaxprocs=... setting. Sourced from /godebug/non-default-behavior/updatemaxprocs:events.
# TYPE go_godebug_non_default_behavior_updatemaxprocs_events_total counter
go_godebug_non_default_behavior_updatemaxprocs_events_total 0
# HELP go_godebug_non_default_behavior_urlmaxqueryparams_events_total The number of non-default behaviors executed by the net/url package due to a non-default GODEBUG=urlmaxqueryparams=... setting. Sourced from /godebug/non-default-behavior/urlmaxqueryparams:events.
# TYPE go_godebug_non_default_behavior_urlmaxqueryparams_events_total counter
go_godebug_non_default_behavior_urlmaxqueryparams_events_total 0
# HELP go_godebug_non_default_behavior_urlstrictcolons_events_total The number of non-default behaviors executed by the net/url package due to a non-default GODEBUG=urlstrictcolons=... setting. Sourced from /godebug/non-default-behavior/urlstrictcolons:events.
# TYPE go_godebug_non_default_behavior_urlstrictcolons_events_total counter
go_godebug_non_default_behavior_urlstrictcolons_events_total 0
# HELP go_godebug_non_default_behavior_winreadlinkvolume_events_total The number of non-default behaviors executed by the os package due to a non-default GODEBUG=winreadlinkvolume=... setting. Sourced from /godebug/non-default-behavior/winreadlinkvolume:events.
# TYPE go_godebug_non_default_behavior_winreadlinkvolume_events_total counter
go_godebug_non_default_behavior_winreadlinkvolume_events_total 0
# HELP go_godebug_non_default_behavior_winsymlink_events_total The number of non-default behaviors executed by the os package due to a non-default GODEBUG=winsymlink=... setting. Sourced from /godebug/non-default-behavior/winsymlink:events.
# TYPE go_godebug_non_default_behavior_winsymlink_events_total counter
go_godebug_non_default_behavior_winsymlink_events_total 0
# HELP go_godebug_non_default_behavior_x509keypairleaf_events_total The number of non-default behaviors executed by the crypto/tls package due to a non-default GODEBUG=x509keypairleaf=... setting. Sourced from /godebug/non-default-behavior/x509keypairleaf:events.
# TYPE go_godebug_non_default_behavior_x509keypairleaf_events_total counter
go_godebug_non_default_behavior_x509keypairleaf_events_total 0
# HELP go_godebug_non_default_behavior_x509negativeserial_events_total The number of non-default behaviors executed by the crypto/x509 package due to a non-default GODEBUG=x509negativeserial=... setting. Sourced from /godebug/non-default-behavior/x509negativeserial:events.
# TYPE go_godebug_non_default_behavior_x509negativeserial_events_total counter
go_godebug_non_default_behavior_x509negativeserial_events_total 0
# HELP go_godebug_non_default_behavior_x509rsacrt_events_total The number of non-default behaviors executed by the crypto/x509 package due to a non-default GODEBUG=x509rsacrt=... setting. Sourced from /godebug/non-default-behavior/x509rsacrt:events.
# TYPE go_godebug_non_default_behavior_x509rsacrt_events_total counter
go_godebug_non_default_behavior_x509rsacrt_events_total 0
# HELP go_godebug_non_default_behavior_x509sha256skid_events_total The number of non-default behaviors executed by the crypto/x509 package due to a non-default GODEBUG=x509sha256skid=... setting. Sourced from /godebug/non-default-behavior/x509sha256skid:events.
# TYPE go_godebug_non_default_behavior_x509sha256skid_events_total counter
go_godebug_non_default_behavior_x509sha256skid_events_total 0
# HELP go_godebug_non_default_behavior_x509usefallbackroots_events_total The number of non-default behaviors executed by the crypto/x509 package due to a non-default GODEBUG=x509usefallbackroots=... setting. Sourced from /godebug/non-default-behavior/x509usefallbackroots:events.
# TYPE go_godebug_non_default_behavior_x509usefallbackroots_events_total counter
go_godebug_non_default_behavior_x509usefallbackroots_events_total 0
# HELP go_godebug_non_default_behavior_x509usepolicies_events_total The number of non-default behaviors executed by the crypto/x509 package due to a non-default GODEBUG=x509usepolicies=... setting. Sourced from /godebug/non-default-behavior/x509usepolicies:events.
# TYPE go_godebug_non_default_behavior_x509usepolicies_events_total counter
go_godebug_non_default_behavior_x509usepolicies_events_total 0
# HELP go_godebug_non_default_behavior_zipinsecurepath_events_total The number of non-default behaviors executed by the archive/zip package due to a non-default GODEBUG=zipinsecurepath=... setting. Sourced from /godebug/non-default-behavior/zipinsecurepath:events.
# TYPE go_godebug_non_default_behavior_zipinsecurepath_events_total counter
go_godebug_non_default_behavior_zipinsecurepath_events_total 0
# HELP go_goroutines Number of goroutines that currently exist.
# TYPE go_goroutines gauge
go_goroutines 341
# HELP go_info Information about the Go environment.
# TYPE go_info gauge
go_info{version="go1.26.6"} 1
# HELP go_memory_classes_heap_free_bytes Memory that is completely free and eligible to be returned to the underlying system, but has not been. This metric is the runtime's estimate of free address space that is backed by physical memory. Sourced from /memory/classes/heap/free:bytes.
# TYPE go_memory_classes_heap_free_bytes gauge
go_memory_classes_heap_free_bytes 3.2710656e+07
# HELP go_memory_classes_heap_objects_bytes Memory occupied by live objects and dead objects that have not yet been marked free by the garbage collector. Sourced from /memory/classes/heap/objects:bytes.
# TYPE go_memory_classes_heap_objects_bytes gauge
go_memory_classes_heap_objects_bytes 9.0386552e+07
# HELP go_memory_classes_heap_released_bytes Memory that is completely free and has been returned to the underlying system. This metric is the runtime's estimate of free address space that is still mapped into the process, but is not backed by physical memory. Sourced from /memory/classes/heap/released:bytes.
# TYPE go_memory_classes_heap_released_bytes gauge
go_memory_classes_heap_released_bytes 4.6252032e+07
# HELP go_memory_classes_heap_stacks_bytes Memory allocated from the heap that is reserved for stack space, whether or not it is currently in-use. Currently, this represents all stack memory for goroutines. It also includes all OS thread stacks in non-cgo programs. Note that stacks may be allocated differently in the future, and this may change. Sourced from /memory/classes/heap/stacks:bytes.
# TYPE go_memory_classes_heap_stacks_bytes gauge
go_memory_classes_heap_stacks_bytes 9.0112e+06
# HELP go_memory_classes_heap_unused_bytes Memory that is reserved for heap objects but is not currently used to hold heap objects. Sourced from /memory/classes/heap/unused:bytes.
# TYPE go_memory_classes_heap_unused_bytes gauge
go_memory_classes_heap_unused_bytes 2.2966152e+07
# HELP go_memory_classes_metadata_mcache_free_bytes Memory that is reserved for runtime mcache structures, but not in-use. Sourced from /memory/classes/metadata/mcache/free:bytes.
# TYPE go_memory_classes_metadata_mcache_free_bytes gauge
go_memory_classes_metadata_mcache_free_bytes 0
# HELP go_memory_classes_metadata_mcache_inuse_bytes Memory that is occupied by runtime mcache structures that are currently being used. Sourced from /memory/classes/metadata/mcache/inuse:bytes.
# TYPE go_memory_classes_metadata_mcache_inuse_bytes gauge
go_memory_classes_metadata_mcache_inuse_bytes 514304
# HELP go_memory_classes_metadata_mspan_free_bytes Memory that is reserved for runtime mspan structures, but not in-use. Sourced from /memory/classes/metadata/mspan/free:bytes.
# TYPE go_memory_classes_metadata_mspan_free_bytes gauge
go_memory_classes_metadata_mspan_free_bytes 808160
# HELP go_memory_classes_metadata_mspan_inuse_bytes Memory that is occupied by runtime mspan structures that are currently being used. Sourced from /memory/classes/metadata/mspan/inuse:bytes.
# TYPE go_memory_classes_metadata_mspan_inuse_bytes gauge
go_memory_classes_metadata_mspan_inuse_bytes 2.43952e+06
# HELP go_memory_classes_metadata_other_bytes Memory that is reserved for or used to hold runtime metadata. Sourced from /memory/classes/metadata/other:bytes.
# TYPE go_memory_classes_metadata_other_bytes gauge
go_memory_classes_metadata_other_bytes 8.820512e+06
# HELP go_memory_classes_os_stacks_bytes Stack memory allocated by the underlying operating system. In non-cgo programs this metric is currently zero. This may change in the future.In cgo programs this metric includes OS thread stacks allocated directly from the OS. Currently, this only accounts for one stack in c-shared and c-archive build modes, and other sources of stacks from the OS are not measured. This too may change in the future. Sourced from /memory/classes/os-stacks:bytes.
# TYPE go_memory_classes_os_stacks_bytes gauge
go_memory_classes_os_stacks_bytes 0
# HELP go_memory_classes_other_bytes Memory used by execution trace buffers, structures for debugging the runtime, finalizer and profiler specials, and more. Sourced from /memory/classes/other:bytes.
# TYPE go_memory_classes_other_bytes gauge
go_memory_classes_other_bytes 2.0471484e+07
# HELP go_memory_classes_profiling_buckets_bytes Memory that is used by the stack trace hash map used for profiling. Sourced from /memory/classes/profiling/buckets:bytes.
# TYPE go_memory_classes_profiling_buckets_bytes gauge
go_memory_classes_profiling_buckets_bytes 2.165788e+06
# HELP go_memory_classes_total_bytes All memory mapped by the Go runtime into the current process as read-write. Note that this does not include memory mapped by code called via cgo or via the syscall package. Sum of all metrics in /memory/classes. Sourced from /memory/classes/total:bytes.
# TYPE go_memory_classes_total_bytes gauge
go_memory_classes_total_bytes 2.3654636e+08
# HELP go_memstats_alloc_bytes Number of bytes allocated in heap and currently in use. Equals to /memory/classes/heap/objects:bytes.
# TYPE go_memstats_alloc_bytes gauge
go_memstats_alloc_bytes 9.0386552e+07
# HELP go_memstats_alloc_bytes_total Total number of bytes allocated in heap until now, even if released already. Equals to /gc/heap/allocs:bytes.
# TYPE go_memstats_alloc_bytes_total counter
go_memstats_alloc_bytes_total 5.0869072688e+10
# HELP go_memstats_buck_hash_sys_bytes Number of bytes used by the profiling bucket hash table. Equals to /memory/classes/profiling/buckets:bytes.
# TYPE go_memstats_buck_hash_sys_bytes gauge
go_memstats_buck_hash_sys_bytes 2.165788e+06
# HELP go_memstats_frees_total Total number of heap objects frees. Equals to /gc/heap/frees:objects + /gc/heap/tiny/allocs:objects.
# TYPE go_memstats_frees_total counter
go_memstats_frees_total 1.224158233e+09
# HELP go_memstats_gc_sys_bytes Number of bytes used for garbage collection system metadata. Equals to /memory/classes/metadata/other:bytes.
# TYPE go_memstats_gc_sys_bytes gauge
go_memstats_gc_sys_bytes 8.820512e+06
# HELP go_memstats_heap_alloc_bytes Number of heap bytes allocated and currently in use, same as go_memstats_alloc_bytes. Equals to /memory/classes/heap/objects:bytes.
# TYPE go_memstats_heap_alloc_bytes gauge
go_memstats_heap_alloc_bytes 9.0386552e+07
# HELP go_memstats_heap_idle_bytes Number of heap bytes waiting to be used. Equals to /memory/classes/heap/released:bytes + /memory/classes/heap/free:bytes.
# TYPE go_memstats_heap_idle_bytes gauge
go_memstats_heap_idle_bytes 7.8962688e+07
# HELP go_memstats_heap_inuse_bytes Number of heap bytes that are in use. Equals to /memory/classes/heap/objects:bytes + /memory/classes/heap/unused:bytes
# TYPE go_memstats_heap_inuse_bytes gauge
go_memstats_heap_inuse_bytes 1.13352704e+08
# HELP go_memstats_heap_objects Number of currently allocated objects. Equals to /gc/heap/objects:objects.
# TYPE go_memstats_heap_objects gauge
go_memstats_heap_objects 776559
# HELP go_memstats_heap_released_bytes Number of heap bytes released to OS. Equals to /memory/classes/heap/released:bytes.
# TYPE go_memstats_heap_released_bytes gauge
go_memstats_heap_released_bytes 4.6252032e+07
# HELP go_memstats_heap_sys_bytes Number of heap bytes obtained from system. Equals to /memory/classes/heap/objects:bytes + /memory/classes/heap/unused:bytes + /memory/classes/heap/released:bytes + /memory/classes/heap/free:bytes.
# TYPE go_memstats_heap_sys_bytes gauge
go_memstats_heap_sys_bytes 1.92315392e+08
# HELP go_memstats_last_gc_time_seconds Number of seconds since 1970 of last garbage collection.
# TYPE go_memstats_last_gc_time_seconds gauge
go_memstats_last_gc_time_seconds 1.7889346752708635e+09
# HELP go_memstats_mallocs_total Total number of heap objects allocated, both live and gc-ed. Semantically a counter version for go_memstats_heap_objects gauge. Equals to /gc/heap/allocs:objects + /gc/heap/tiny/allocs:objects.
# TYPE go_memstats_mallocs_total counter
go_memstats_mallocs_total 1.224934792e+09
# HELP go_memstats_mcache_inuse_bytes Number of bytes in use by mcache structures. Equals to /memory/classes/metadata/mcache/inuse:bytes.
# TYPE go_memstats_mcache_inuse_bytes gauge
go_memstats_mcache_inuse_bytes 514304
# HELP go_memstats_mcache_sys_bytes Number of bytes used for mcache structures obtained from system. Equals to /memory/classes/metadata/mcache/inuse:bytes + /memory/classes/metadata/mcache/free:bytes.
# TYPE go_memstats_mcache_sys_bytes gauge
go_memstats_mcache_sys_bytes 514304
# HELP go_memstats_mspan_inuse_bytes Number of bytes in use by mspan structures. Equals to /memory/classes/metadata/mspan/inuse:bytes.
# TYPE go_memstats_mspan_inuse_bytes gauge
go_memstats_mspan_inuse_bytes 2.43952e+06
# HELP go_memstats_mspan_sys_bytes Number of bytes used for mspan structures obtained from system. Equals to /memory/classes/metadata/mspan/inuse:bytes + /memory/classes/metadata/mspan/free:bytes.
# TYPE go_memstats_mspan_sys_bytes gauge
go_memstats_mspan_sys_bytes 3.24768e+06
# HELP go_memstats_next_gc_bytes Number of heap bytes when next garbage collection will take place. Equals to /gc/heap/goal:bytes.
# TYPE go_memstats_next_gc_bytes gauge
go_memstats_next_gc_bytes 1.41711194e+08
# HELP go_memstats_other_sys_bytes Number of bytes used for other system allocations. Equals to /memory/classes/other:bytes.
# TYPE go_memstats_other_sys_bytes gauge
go_memstats_other_sys_bytes 2.0471484e+07
# HELP go_memstats_stack_inuse_bytes Number of bytes obtained from system for stack allocator in non-CGO environments. Equals to /memory/classes/heap/stacks:bytes.
# TYPE go_memstats_stack_inuse_bytes gauge
go_memstats_stack_inuse_bytes 9.0112e+06
# HELP go_memstats_stack_sys_bytes Number of bytes obtained from system for stack allocator. Equals to /memory/classes/heap/stacks:bytes + /memory/classes/os-stacks:bytes.
# TYPE go_memstats_stack_sys_bytes gauge
go_memstats_stack_sys_bytes 9.0112e+06
# HELP go_memstats_sys_bytes Number of bytes obtained from system. Equals to /memory/classes/total:byte.
# TYPE go_memstats_sys_bytes gauge
go_memstats_sys_bytes 2.3654636e+08
# HELP go_sched_gomaxprocs_threads The current runtime.GOMAXPROCS setting, or the number of operating system threads that can execute user-level Go code simultaneously. Sourced from /sched/gomaxprocs:threads.
# TYPE go_sched_gomaxprocs_threads gauge
go_sched_gomaxprocs_threads 224
# HELP go_sched_goroutines_created_goroutines_total Count of goroutines created since program start. Sourced from /sched/goroutines-created:goroutines.
# TYPE go_sched_goroutines_created_goroutines_total counter
go_sched_goroutines_created_goroutines_total 31480
# HELP go_sched_goroutines_goroutines Count of live goroutines. Sourced from /sched/goroutines:goroutines.
# TYPE go_sched_goroutines_goroutines gauge
go_sched_goroutines_goroutines 572
# HELP go_sched_goroutines_not_in_go_goroutines Approximate count of goroutines running or blocked in a system call or cgo call. Not guaranteed to add up to /sched/goroutines:goroutines with other goroutine metrics. Sourced from /sched/goroutines/not-in-go:goroutines.
# TYPE go_sched_goroutines_not_in_go_goroutines gauge
go_sched_goroutines_not_in_go_goroutines 1
# HELP go_sched_goroutines_runnable_goroutines Approximate count of goroutines ready to execute, but not executing. Not guaranteed to add up to /sched/goroutines:goroutines with other goroutine metrics. Sourced from /sched/goroutines/runnable:goroutines.
# TYPE go_sched_goroutines_runnable_goroutines gauge
go_sched_goroutines_runnable_goroutines 0
# HELP go_sched_goroutines_running_goroutines Approximate count of goroutines executing. Always less than or equal to /sched/gomaxprocs:threads. Not guaranteed to add up to /sched/goroutines:goroutines with other goroutine metrics. Sourced from /sched/goroutines/running:goroutines.
# TYPE go_sched_goroutines_running_goroutines gauge
go_sched_goroutines_running_goroutines 4
# HELP go_sched_goroutines_waiting_goroutines Approximate count of goroutines waiting on a resource (I/O or sync primitives). Not guaranteed to add up to /sched/goroutines:goroutines with other goroutine metrics. Sourced from /sched/goroutines/waiting:goroutines.
# TYPE go_sched_goroutines_waiting_goroutines gauge
go_sched_goroutines_waiting_goroutines 567
# HELP go_sched_latencies_seconds Distribution of the time goroutines have spent in the scheduler in a runnable state before actually running. Bucket counts increase monotonically. Sourced from /sched/latencies:seconds.
# TYPE go_sched_latencies_seconds histogram
go_sched_latencies_seconds_bucket{le="6.399999999999999e-08"} 143420
go_sched_latencies_seconds_bucket{le="6.399999999999999e-07"} 378924
go_sched_latencies_seconds_bucket{le="7.167999999999999e-06"} 924754
go_sched_latencies_seconds_bucket{le="8.191999999999999e-05"} 1.213319e+06
go_sched_latencies_seconds_bucket{le="0.0009175039999999999"} 1.243249e+06
go_sched_latencies_seconds_bucket{le="0.010485759999999998"} 1.24344e+06
go_sched_latencies_seconds_bucket{le="0.11744051199999998"} 1.24344e+06
go_sched_latencies_seconds_bucket{le="+Inf"} 1.24344e+06
go_sched_latencies_seconds_sum 5.0599462399999995
go_sched_latencies_seconds_count 1.24344e+06
# HELP go_sched_pauses_stopping_gc_seconds Distribution of individual GC-related stop-the-world stopping latencies. This is the time it takes from deciding to stop the world until all Ps are stopped. This is a subset of the total GC-related stop-the-world time (/sched/pauses/total/gc:seconds). During this time, some threads may be executing. Bucket counts increase monotonically. Sourced from /sched/pauses/stopping/gc:seconds.
# TYPE go_sched_pauses_stopping_gc_seconds histogram
go_sched_pauses_stopping_gc_seconds_bucket{le="6.399999999999999e-08"} 0
go_sched_pauses_stopping_gc_seconds_bucket{le="6.399999999999999e-07"} 0
go_sched_pauses_stopping_gc_seconds_bucket{le="7.167999999999999e-06"} 0
go_sched_pauses_stopping_gc_seconds_bucket{le="8.191999999999999e-05"} 818
go_sched_pauses_stopping_gc_seconds_bucket{le="0.0009175039999999999"} 2802
go_sched_pauses_stopping_gc_seconds_bucket{le="0.010485759999999998"} 2802
go_sched_pauses_stopping_gc_seconds_bucket{le="0.11744051199999998"} 2802
go_sched_pauses_stopping_gc_seconds_bucket{le="+Inf"} 2802
go_sched_pauses_stopping_gc_seconds_sum 0.168392704
go_sched_pauses_stopping_gc_seconds_count 2802
# HELP go_sched_pauses_stopping_other_seconds Distribution of individual non-GC-related stop-the-world stopping latencies. This is the time it takes from deciding to stop the world until all Ps are stopped. This is a subset of the total non-GC-related stop-the-world time (/sched/pauses/total/other:seconds). During this time, some threads may be executing. Bucket counts increase monotonically. Sourced from /sched/pauses/stopping/other:seconds.
# TYPE go_sched_pauses_stopping_other_seconds histogram
go_sched_pauses_stopping_other_seconds_bucket{le="6.399999999999999e-08"} 0
go_sched_pauses_stopping_other_seconds_bucket{le="6.399999999999999e-07"} 0
go_sched_pauses_stopping_other_seconds_bucket{le="7.167999999999999e-06"} 0
go_sched_pauses_stopping_other_seconds_bucket{le="8.191999999999999e-05"} 0
go_sched_pauses_stopping_other_seconds_bucket{le="0.0009175039999999999"} 0
go_sched_pauses_stopping_other_seconds_bucket{le="0.010485759999999998"} 0
go_sched_pauses_stopping_other_seconds_bucket{le="0.11744051199999998"} 0
go_sched_pauses_stopping_other_seconds_bucket{le="+Inf"} 0
go_sched_pauses_stopping_other_seconds_sum 0
go_sched_pauses_stopping_other_seconds_count 0
# HELP go_sched_pauses_total_gc_seconds Distribution of individual GC-related stop-the-world pause latencies. This is the time from deciding to stop the world until the world is started again. Some of this time is spent getting all threads to stop (this is measured directly in /sched/pauses/stopping/gc:seconds), during which some threads may still be running. Bucket counts increase monotonically. Sourced from /sched/pauses/total/gc:seconds.
# TYPE go_sched_pauses_total_gc_seconds histogram
go_sched_pauses_total_gc_seconds_bucket{le="6.399999999999999e-08"} 0
go_sched_pauses_total_gc_seconds_bucket{le="6.399999999999999e-07"} 0
go_sched_pauses_total_gc_seconds_bucket{le="7.167999999999999e-06"} 0
go_sched_pauses_total_gc_seconds_bucket{le="8.191999999999999e-05"} 1
go_sched_pauses_total_gc_seconds_bucket{le="0.0009175039999999999"} 2796
go_sched_pauses_total_gc_seconds_bucket{le="0.010485759999999998"} 2802
go_sched_pauses_total_gc_seconds_bucket{le="0.11744051199999998"} 2802
go_sched_pauses_total_gc_seconds_bucket{le="+Inf"} 2802
go_sched_pauses_total_gc_seconds_sum 0.234478592
go_sched_pauses_total_gc_seconds_count 2802
# HELP go_sched_pauses_total_other_seconds Distribution of individual non-GC-related stop-the-world pause latencies. This is the time from deciding to stop the world until the world is started again. Some of this time is spent getting all threads to stop (measured directly in /sched/pauses/stopping/other:seconds). Bucket counts increase monotonically. Sourced from /sched/pauses/total/other:seconds.
# TYPE go_sched_pauses_total_other_seconds histogram
go_sched_pauses_total_other_seconds_bucket{le="6.399999999999999e-08"} 0
go_sched_pauses_total_other_seconds_bucket{le="6.399999999999999e-07"} 0
go_sched_pauses_total_other_seconds_bucket{le="7.167999999999999e-06"} 0
go_sched_pauses_total_other_seconds_bucket{le="8.191999999999999e-05"} 0
go_sched_pauses_total_other_seconds_bucket{le="0.0009175039999999999"} 0
go_sched_pauses_total_other_seconds_bucket{le="0.010485759999999998"} 0
go_sched_pauses_total_other_seconds_bucket{le="0.11744051199999998"} 0
go_sched_pauses_total_other_seconds_bucket{le="+Inf"} 0
go_sched_pauses_total_other_seconds_sum 0
go_sched_pauses_total_other_seconds_count 0
# HELP go_sched_threads_total_threads The current count of live threads that are owned by the Go runtime. Sourced from /sched/threads/total:threads.
# TYPE go_sched_threads_total_threads gauge
go_sched_threads_total_threads 112
# HELP go_sync_mutex_wait_total_seconds_total Approximate cumulative time goroutines have spent blocked on a sync.Mutex, sync.RWMutex, or runtime-internal lock. This metric is useful for identifying global changes in lock contention. Collect a mutex or block profile using the runtime/pprof package for more detailed contention data. Sourced from /sync/mutex/wait/total:seconds.
# TYPE go_sync_mutex_wait_total_seconds_total counter
go_sync_mutex_wait_total_seconds_total 34.434034792
# HELP go_threads Number of OS threads created.
# TYPE go_threads gauge
go_threads 112
# HELP inference_extension_info [ALPHA] General information of the current build of Inference Extension.
# TYPE inference_extension_info gauge
inference_extension_info{build_ref="",commit="unknown"} 1
# HELP inference_extension_plugin_duration_seconds [ALPHA] [Deprecated: Use llm_d_epp_plugin_duration_seconds] Plugin processing latency distribution in seconds for each extension point, plugin type and plugin name.
# TYPE inference_extension_plugin_duration_seconds histogram
inference_extension_plugin_duration_seconds_bucket{extension_point="DataProducer",plugin_name="approx-prefix-cache-producer",plugin_type="approx-prefix-cache-producer",le="0.0001"} 4370
inference_extension_plugin_duration_seconds_bucket{extension_point="DataProducer",plugin_name="approx-prefix-cache-producer",plugin_type="approx-prefix-cache-producer",le="0.0002"} 4404
inference_extension_plugin_duration_seconds_bucket{extension_point="DataProducer",plugin_name="approx-prefix-cache-producer",plugin_type="approx-prefix-cache-producer",le="0.0005"} 4415
inference_extension_plugin_duration_seconds_bucket{extension_point="DataProducer",plugin_name="approx-prefix-cache-producer",plugin_type="approx-prefix-cache-producer",le="0.001"} 4421
inference_extension_plugin_duration_seconds_bucket{extension_point="DataProducer",plugin_name="approx-prefix-cache-producer",plugin_type="approx-prefix-cache-producer",le="0.002"} 4426
inference_extension_plugin_duration_seconds_bucket{extension_point="DataProducer",plugin_name="approx-prefix-cache-producer",plugin_type="approx-prefix-cache-producer",le="0.005"} 4426
inference_extension_plugin_duration_seconds_bucket{extension_point="DataProducer",plugin_name="approx-prefix-cache-producer",plugin_type="approx-prefix-cache-producer",le="0.01"} 4426
inference_extension_plugin_duration_seconds_bucket{extension_point="DataProducer",plugin_name="approx-prefix-cache-producer",plugin_type="approx-prefix-cache-producer",le="0.02"} 4426
inference_extension_plugin_duration_seconds_bucket{extension_point="DataProducer",plugin_name="approx-prefix-cache-producer",plugin_type="approx-prefix-cache-producer",le="0.05"} 4426
inference_extension_plugin_duration_seconds_bucket{extension_point="DataProducer",plugin_name="approx-prefix-cache-producer",plugin_type="approx-prefix-cache-producer",le="0.1"} 4426
inference_extension_plugin_duration_seconds_bucket{extension_point="DataProducer",plugin_name="approx-prefix-cache-producer",plugin_type="approx-prefix-cache-producer",le="+Inf"} 4426
inference_extension_plugin_duration_seconds_sum{extension_point="DataProducer",plugin_name="approx-prefix-cache-producer",plugin_type="approx-prefix-cache-producer"} 0.26848385999999946
inference_extension_plugin_duration_seconds_count{extension_point="DataProducer",plugin_name="approx-prefix-cache-producer",plugin_type="approx-prefix-cache-producer"} 4426
inference_extension_plugin_duration_seconds_bucket{extension_point="DataProducer",plugin_name="token-producer",plugin_type="token-producer",le="0.0001"} 0
inference_extension_plugin_duration_seconds_bucket{extension_point="DataProducer",plugin_name="token-producer",plugin_type="token-producer",le="0.0002"} 0
inference_extension_plugin_duration_seconds_bucket{extension_point="DataProducer",plugin_name="token-producer",plugin_type="token-producer",le="0.0005"} 0
inference_extension_plugin_duration_seconds_bucket{extension_point="DataProducer",plugin_name="token-producer",plugin_type="token-producer",le="0.001"} 0
inference_extension_plugin_duration_seconds_bucket{extension_point="DataProducer",plugin_name="token-producer",plugin_type="token-producer",le="0.002"} 0
inference_extension_plugin_duration_seconds_bucket{extension_point="DataProducer",plugin_name="token-producer",plugin_type="token-producer",le="0.005"} 212
inference_extension_plugin_duration_seconds_bucket{extension_point="DataProducer",plugin_name="token-producer",plugin_type="token-producer",le="0.01"} 2842
inference_extension_plugin_duration_seconds_bucket{extension_point="DataProducer",plugin_name="token-producer",plugin_type="token-producer",le="0.02"} 4360
inference_extension_plugin_duration_seconds_bucket{extension_point="DataProducer",plugin_name="token-producer",plugin_type="token-producer",le="0.05"} 4426
inference_extension_plugin_duration_seconds_bucket{extension_point="DataProducer",plugin_name="token-producer",plugin_type="token-producer",le="0.1"} 4426
inference_extension_plugin_duration_seconds_bucket{extension_point="DataProducer",plugin_name="token-producer",plugin_type="token-producer",le="+Inf"} 4426
inference_extension_plugin_duration_seconds_sum{extension_point="DataProducer",plugin_name="token-producer",plugin_type="token-producer"} 42.59769547699998
inference_extension_plugin_duration_seconds_count{extension_point="DataProducer",plugin_name="token-producer",plugin_type="token-producer"} 4426
inference_extension_plugin_duration_seconds_bucket{extension_point="Filter",plugin_name="least-ttft-joint-picker",plugin_type="least-ttft-joint-picker",le="0.0001"} 4325
inference_extension_plugin_duration_seconds_bucket{extension_point="Filter",plugin_name="least-ttft-joint-picker",plugin_type="least-ttft-joint-picker",le="0.0002"} 4398
inference_extension_plugin_duration_seconds_bucket{extension_point="Filter",plugin_name="least-ttft-joint-picker",plugin_type="least-ttft-joint-picker",le="0.0005"} 4412
inference_extension_plugin_duration_seconds_bucket{extension_point="Filter",plugin_name="least-ttft-joint-picker",plugin_type="least-ttft-joint-picker",le="0.001"} 4422
inference_extension_plugin_duration_seconds_bucket{extension_point="Filter",plugin_name="least-ttft-joint-picker",plugin_type="least-ttft-joint-picker",le="0.002"} 4426
inference_extension_plugin_duration_seconds_bucket{extension_point="Filter",plugin_name="least-ttft-joint-picker",plugin_type="least-ttft-joint-picker",le="0.005"} 4426
inference_extension_plugin_duration_seconds_bucket{extension_point="Filter",plugin_name="least-ttft-joint-picker",plugin_type="least-ttft-joint-picker",le="0.01"} 4426
inference_extension_plugin_duration_seconds_bucket{extension_point="Filter",plugin_name="least-ttft-joint-picker",plugin_type="least-ttft-joint-picker",le="0.02"} 4426
inference_extension_plugin_duration_seconds_bucket{extension_point="Filter",plugin_name="least-ttft-joint-picker",plugin_type="least-ttft-joint-picker",le="0.05"} 4426
inference_extension_plugin_duration_seconds_bucket{extension_point="Filter",plugin_name="least-ttft-joint-picker",plugin_type="least-ttft-joint-picker",le="0.1"} 4426
inference_extension_plugin_duration_seconds_bucket{extension_point="Filter",plugin_name="least-ttft-joint-picker",plugin_type="least-ttft-joint-picker",le="+Inf"} 4426
inference_extension_plugin_duration_seconds_sum{extension_point="Filter",plugin_name="least-ttft-joint-picker",plugin_type="least-ttft-joint-picker"} 0.2612279260000004
inference_extension_plugin_duration_seconds_count{extension_point="Filter",plugin_name="least-ttft-joint-picker",plugin_type="least-ttft-joint-picker"} 4426
inference_extension_plugin_duration_seconds_bucket{extension_point="Picker",plugin_name="least-ttft-joint-picker",plugin_type="least-ttft-joint-picker",le="0.0001"} 4216
inference_extension_plugin_duration_seconds_bucket{extension_point="Picker",plugin_name="least-ttft-joint-picker",plugin_type="least-ttft-joint-picker",le="0.0002"} 4385
inference_extension_plugin_duration_seconds_bucket{extension_point="Picker",plugin_name="least-ttft-joint-picker",plugin_type="least-ttft-joint-picker",le="0.0005"} 4417
inference_extension_plugin_duration_seconds_bucket{extension_point="Picker",plugin_name="least-ttft-joint-picker",plugin_type="least-ttft-joint-picker",le="0.001"} 4421
inference_extension_plugin_duration_seconds_bucket{extension_point="Picker",plugin_name="least-ttft-joint-picker",plugin_type="least-ttft-joint-picker",le="0.002"} 4424
inference_extension_plugin_duration_seconds_bucket{extension_point="Picker",plugin_name="least-ttft-joint-picker",plugin_type="least-ttft-joint-picker",le="0.005"} 4426
inference_extension_plugin_duration_seconds_bucket{extension_point="Picker",plugin_name="least-ttft-joint-picker",plugin_type="least-ttft-joint-picker",le="0.01"} 4426
inference_extension_plugin_duration_seconds_bucket{extension_point="Picker",plugin_name="least-ttft-joint-picker",plugin_type="least-ttft-joint-picker",le="0.02"} 4426
inference_extension_plugin_duration_seconds_bucket{extension_point="Picker",plugin_name="least-ttft-joint-picker",plugin_type="least-ttft-joint-picker",le="0.05"} 4426
inference_extension_plugin_duration_seconds_bucket{extension_point="Picker",plugin_name="least-ttft-joint-picker",plugin_type="least-ttft-joint-picker",le="0.1"} 4426
inference_extension_plugin_duration_seconds_bucket{extension_point="Picker",plugin_name="least-ttft-joint-picker",plugin_type="least-ttft-joint-picker",le="+Inf"} 4426
inference_extension_plugin_duration_seconds_sum{extension_point="Picker",plugin_name="least-ttft-joint-picker",plugin_type="least-ttft-joint-picker"} 0.33571834900000014
inference_extension_plugin_duration_seconds_count{extension_point="Picker",plugin_name="least-ttft-joint-picker",plugin_type="least-ttft-joint-picker"} 4426
inference_extension_plugin_duration_seconds_bucket{extension_point="PreRequest",plugin_name="approx-prefix-cache-producer",plugin_type="approx-prefix-cache-producer",le="0.0001"} 4422
inference_extension_plugin_duration_seconds_bucket{extension_point="PreRequest",plugin_name="approx-prefix-cache-producer",plugin_type="approx-prefix-cache-producer",le="0.0002"} 4423
inference_extension_plugin_duration_seconds_bucket{extension_point="PreRequest",plugin_name="approx-prefix-cache-producer",plugin_type="approx-prefix-cache-producer",le="0.0005"} 4425
inference_extension_plugin_duration_seconds_bucket{extension_point="PreRequest",plugin_name="approx-prefix-cache-producer",plugin_type="approx-prefix-cache-producer",le="0.001"} 4426
inference_extension_plugin_duration_seconds_bucket{extension_point="PreRequest",plugin_name="approx-prefix-cache-producer",plugin_type="approx-prefix-cache-producer",le="0.002"} 4426
inference_extension_plugin_duration_seconds_bucket{extension_point="PreRequest",plugin_name="approx-prefix-cache-producer",plugin_type="approx-prefix-cache-producer",le="0.005"} 4426
inference_extension_plugin_duration_seconds_bucket{extension_point="PreRequest",plugin_name="approx-prefix-cache-producer",plugin_type="approx-prefix-cache-producer",le="0.01"} 4426
inference_extension_plugin_duration_seconds_bucket{extension_point="PreRequest",plugin_name="approx-prefix-cache-producer",plugin_type="approx-prefix-cache-producer",le="0.02"} 4426
inference_extension_plugin_duration_seconds_bucket{extension_point="PreRequest",plugin_name="approx-prefix-cache-producer",plugin_type="approx-prefix-cache-producer",le="0.05"} 4426
inference_extension_plugin_duration_seconds_bucket{extension_point="PreRequest",plugin_name="approx-prefix-cache-producer",plugin_type="approx-prefix-cache-producer",le="0.1"} 4426
inference_extension_plugin_duration_seconds_bucket{extension_point="PreRequest",plugin_name="approx-prefix-cache-producer",plugin_type="approx-prefix-cache-producer",le="+Inf"} 4426
inference_extension_plugin_duration_seconds_sum{extension_point="PreRequest",plugin_name="approx-prefix-cache-producer",plugin_type="approx-prefix-cache-producer"} 0.04867559499999997
inference_extension_plugin_duration_seconds_count{extension_point="PreRequest",plugin_name="approx-prefix-cache-producer",plugin_type="approx-prefix-cache-producer"} 4426
inference_extension_plugin_duration_seconds_bucket{extension_point="PreRequest",plugin_name="least-ttft-joint-handler",plugin_type="least-ttft-joint-handler",le="0.0001"} 4425
inference_extension_plugin_duration_seconds_bucket{extension_point="PreRequest",plugin_name="least-ttft-joint-handler",plugin_type="least-ttft-joint-handler",le="0.0002"} 4426
inference_extension_plugin_duration_seconds_bucket{extension_point="PreRequest",plugin_name="least-ttft-joint-handler",plugin_type="least-ttft-joint-handler",le="0.0005"} 4426
inference_extension_plugin_duration_seconds_bucket{extension_point="PreRequest",plugin_name="least-ttft-joint-handler",plugin_type="least-ttft-joint-handler",le="0.001"} 4426
inference_extension_plugin_duration_seconds_bucket{extension_point="PreRequest",plugin_name="least-ttft-joint-handler",plugin_type="least-ttft-joint-handler",le="0.002"} 4426
inference_extension_plugin_duration_seconds_bucket{extension_point="PreRequest",plugin_name="least-ttft-joint-handler",plugin_type="least-ttft-joint-handler",le="0.005"} 4426
inference_extension_plugin_duration_seconds_bucket{extension_point="PreRequest",plugin_name="least-ttft-joint-handler",plugin_type="least-ttft-joint-handler",le="0.01"} 4426
inference_extension_plugin_duration_seconds_bucket{extension_point="PreRequest",plugin_name="least-ttft-joint-handler",plugin_type="least-ttft-joint-handler",le="0.02"} 4426
inference_extension_plugin_duration_seconds_bucket{extension_point="PreRequest",plugin_name="least-ttft-joint-handler",plugin_type="least-ttft-joint-handler",le="0.05"} 4426
inference_extension_plugin_duration_seconds_bucket{extension_point="PreRequest",plugin_name="least-ttft-joint-handler",plugin_type="least-ttft-joint-handler",le="0.1"} 4426
inference_extension_plugin_duration_seconds_bucket{extension_point="PreRequest",plugin_name="least-ttft-joint-handler",plugin_type="least-ttft-joint-handler",le="+Inf"} 4426
inference_extension_plugin_duration_seconds_sum{extension_point="PreRequest",plugin_name="least-ttft-joint-handler",plugin_type="least-ttft-joint-handler"} 0.007261326000000008
inference_extension_plugin_duration_seconds_count{extension_point="PreRequest",plugin_name="least-ttft-joint-handler",plugin_type="least-ttft-joint-handler"} 4426
inference_extension_plugin_duration_seconds_bucket{extension_point="ProcessProfilesResults",plugin_name="least-ttft-joint-handler",plugin_type="least-ttft-joint-handler",le="0.0001"} 4415
inference_extension_plugin_duration_seconds_bucket{extension_point="ProcessProfilesResults",plugin_name="least-ttft-joint-handler",plugin_type="least-ttft-joint-handler",le="0.0002"} 4422
inference_extension_plugin_duration_seconds_bucket{extension_point="ProcessProfilesResults",plugin_name="least-ttft-joint-handler",plugin_type="least-ttft-joint-handler",le="0.0005"} 4426
inference_extension_plugin_duration_seconds_bucket{extension_point="ProcessProfilesResults",plugin_name="least-ttft-joint-handler",plugin_type="least-ttft-joint-handler",le="0.001"} 4426
inference_extension_plugin_duration_seconds_bucket{extension_point="ProcessProfilesResults",plugin_name="least-ttft-joint-handler",plugin_type="least-ttft-joint-handler",le="0.002"} 4426
inference_extension_plugin_duration_seconds_bucket{extension_point="ProcessProfilesResults",plugin_name="least-ttft-joint-handler",plugin_type="least-ttft-joint-handler",le="0.005"} 4426
inference_extension_plugin_duration_seconds_bucket{extension_point="ProcessProfilesResults",plugin_name="least-ttft-joint-handler",plugin_type="least-ttft-joint-handler",le="0.01"} 4426
inference_extension_plugin_duration_seconds_bucket{extension_point="ProcessProfilesResults",plugin_name="least-ttft-joint-handler",plugin_type="least-ttft-joint-handler",le="0.02"} 4426
inference_extension_plugin_duration_seconds_bucket{extension_point="ProcessProfilesResults",plugin_name="least-ttft-joint-handler",plugin_type="least-ttft-joint-handler",le="0.05"} 4426
inference_extension_plugin_duration_seconds_bucket{extension_point="ProcessProfilesResults",plugin_name="least-ttft-joint-handler",plugin_type="least-ttft-joint-handler",le="0.1"} 4426
inference_extension_plugin_duration_seconds_bucket{extension_point="ProcessProfilesResults",plugin_name="least-ttft-joint-handler",plugin_type="least-ttft-joint-handler",le="+Inf"} 4426
inference_extension_plugin_duration_seconds_sum{extension_point="ProcessProfilesResults",plugin_name="least-ttft-joint-handler",plugin_type="least-ttft-joint-handler"} 0.04944885299999989
inference_extension_plugin_duration_seconds_count{extension_point="ProcessProfilesResults",plugin_name="least-ttft-joint-handler",plugin_type="least-ttft-joint-handler"} 4426
inference_extension_plugin_duration_seconds_bucket{extension_point="ProfilePicker",plugin_name="least-ttft-joint-handler",plugin_type="least-ttft-joint-handler",le="0.0001"} 8852
inference_extension_plugin_duration_seconds_bucket{extension_point="ProfilePicker",plugin_name="least-ttft-joint-handler",plugin_type="least-ttft-joint-handler",le="0.0002"} 8852
inference_extension_plugin_duration_seconds_bucket{extension_point="ProfilePicker",plugin_name="least-ttft-joint-handler",plugin_type="least-ttft-joint-handler",le="0.0005"} 8852
inference_extension_plugin_duration_seconds_bucket{extension_point="ProfilePicker",plugin_name="least-ttft-joint-handler",plugin_type="least-ttft-joint-handler",le="0.001"} 8852
inference_extension_plugin_duration_seconds_bucket{extension_point="ProfilePicker",plugin_name="least-ttft-joint-handler",plugin_type="least-ttft-joint-handler",le="0.002"} 8852
inference_extension_plugin_duration_seconds_bucket{extension_point="ProfilePicker",plugin_name="least-ttft-joint-handler",plugin_type="least-ttft-joint-handler",le="0.005"} 8852
inference_extension_plugin_duration_seconds_bucket{extension_point="ProfilePicker",plugin_name="least-ttft-joint-handler",plugin_type="least-ttft-joint-handler",le="0.01"} 8852
inference_extension_plugin_duration_seconds_bucket{extension_point="ProfilePicker",plugin_name="least-ttft-joint-handler",plugin_type="least-ttft-joint-handler",le="0.02"} 8852
inference_extension_plugin_duration_seconds_bucket{extension_point="ProfilePicker",plugin_name="least-ttft-joint-handler",plugin_type="least-ttft-joint-handler",le="0.05"} 8852
inference_extension_plugin_duration_seconds_bucket{extension_point="ProfilePicker",plugin_name="least-ttft-joint-handler",plugin_type="least-ttft-joint-handler",le="0.1"} 8852
inference_extension_plugin_duration_seconds_bucket{extension_point="ProfilePicker",plugin_name="least-ttft-joint-handler",plugin_type="least-ttft-joint-handler",le="+Inf"} 8852
inference_extension_plugin_duration_seconds_sum{extension_point="ProfilePicker",plugin_name="least-ttft-joint-handler",plugin_type="least-ttft-joint-handler"} 0.006964401999999997
inference_extension_plugin_duration_seconds_count{extension_point="ProfilePicker",plugin_name="least-ttft-joint-handler",plugin_type="least-ttft-joint-handler"} 8852
inference_extension_plugin_duration_seconds_bucket{extension_point="RequestParsing",plugin_name="openai-parser",plugin_type="openai-parser",le="0.0001"} 240
inference_extension_plugin_duration_seconds_bucket{extension_point="RequestParsing",plugin_name="openai-parser",plugin_type="openai-parser",le="0.0002"} 1537
inference_extension_plugin_duration_seconds_bucket{extension_point="RequestParsing",plugin_name="openai-parser",plugin_type="openai-parser",le="0.0005"} 4150
inference_extension_plugin_duration_seconds_bucket{extension_point="RequestParsing",plugin_name="openai-parser",plugin_type="openai-parser",le="0.001"} 4414
inference_extension_plugin_duration_seconds_bucket{extension_point="RequestParsing",plugin_name="openai-parser",plugin_type="openai-parser",le="0.002"} 4426
inference_extension_plugin_duration_seconds_bucket{extension_point="RequestParsing",plugin_name="openai-parser",plugin_type="openai-parser",le="0.005"} 4426
inference_extension_plugin_duration_seconds_bucket{extension_point="RequestParsing",plugin_name="openai-parser",plugin_type="openai-parser",le="0.01"} 4426
inference_extension_plugin_duration_seconds_bucket{extension_point="RequestParsing",plugin_name="openai-parser",plugin_type="openai-parser",le="0.02"} 4426
inference_extension_plugin_duration_seconds_bucket{extension_point="RequestParsing",plugin_name="openai-parser",plugin_type="openai-parser",le="0.05"} 4426
inference_extension_plugin_duration_seconds_bucket{extension_point="RequestParsing",plugin_name="openai-parser",plugin_type="openai-parser",le="0.1"} 4426
inference_extension_plugin_duration_seconds_bucket{extension_point="RequestParsing",plugin_name="openai-parser",plugin_type="openai-parser",le="+Inf"} 4426
inference_extension_plugin_duration_seconds_sum{extension_point="RequestParsing",plugin_name="openai-parser",plugin_type="openai-parser"} 1.1698880740000022
inference_extension_plugin_duration_seconds_count{extension_point="RequestParsing",plugin_name="openai-parser",plugin_type="openai-parser"} 4426
inference_extension_plugin_duration_seconds_bucket{extension_point="ResponseParsing",plugin_name="openai-parser",plugin_type="openai-parser",le="0.0001"} 1.248814e+06
inference_extension_plugin_duration_seconds_bucket{extension_point="ResponseParsing",plugin_name="openai-parser",plugin_type="openai-parser",le="0.0002"} 1.249489e+06
inference_extension_plugin_duration_seconds_bucket{extension_point="ResponseParsing",plugin_name="openai-parser",plugin_type="openai-parser",le="0.0005"} 1.249935e+06
inference_extension_plugin_duration_seconds_bucket{extension_point="ResponseParsing",plugin_name="openai-parser",plugin_type="openai-parser",le="0.001"} 1.250166e+06
inference_extension_plugin_duration_seconds_bucket{extension_point="ResponseParsing",plugin_name="openai-parser",plugin_type="openai-parser",le="0.002"} 1.250435e+06
inference_extension_plugin_duration_seconds_bucket{extension_point="ResponseParsing",plugin_name="openai-parser",plugin_type="openai-parser",le="0.005"} 1.250467e+06
inference_extension_plugin_duration_seconds_bucket{extension_point="ResponseParsing",plugin_name="openai-parser",plugin_type="openai-parser",le="0.01"} 1.250469e+06
inference_extension_plugin_duration_seconds_bucket{extension_point="ResponseParsing",plugin_name="openai-parser",plugin_type="openai-parser",le="0.02"} 1.250469e+06
inference_extension_plugin_duration_seconds_bucket{extension_point="ResponseParsing",plugin_name="openai-parser",plugin_type="openai-parser",le="0.05"} 1.250471e+06
inference_extension_plugin_duration_seconds_bucket{extension_point="ResponseParsing",plugin_name="openai-parser",plugin_type="openai-parser",le="0.1"} 1.250471e+06
inference_extension_plugin_duration_seconds_bucket{extension_point="ResponseParsing",plugin_name="openai-parser",plugin_type="openai-parser",le="+Inf"} 1.250471e+06
inference_extension_plugin_duration_seconds_sum{extension_point="ResponseParsing",plugin_name="openai-parser",plugin_type="openai-parser"} 12.0015128399993
inference_extension_plugin_duration_seconds_count{extension_point="ResponseParsing",plugin_name="openai-parser",plugin_type="openai-parser"} 1.250471e+06
inference_extension_plugin_duration_seconds_bucket{extension_point="ResponseStreaming",plugin_name="least-ttft-joint-handler",plugin_type="least-ttft-joint-handler",le="0.0001"} 1.25038e+06
inference_extension_plugin_duration_seconds_bucket{extension_point="ResponseStreaming",plugin_name="least-ttft-joint-handler",plugin_type="least-ttft-joint-handler",le="0.0002"} 1.250449e+06
inference_extension_plugin_duration_seconds_bucket{extension_point="ResponseStreaming",plugin_name="least-ttft-joint-handler",plugin_type="least-ttft-joint-handler",le="0.0005"} 1.250469e+06
inference_extension_plugin_duration_seconds_bucket{extension_point="ResponseStreaming",plugin_name="least-ttft-joint-handler",plugin_type="least-ttft-joint-handler",le="0.001"} 1.250475e+06
inference_extension_plugin_duration_seconds_bucket{extension_point="ResponseStreaming",plugin_name="least-ttft-joint-handler",plugin_type="least-ttft-joint-handler",le="0.002"} 1.250477e+06
inference_extension_plugin_duration_seconds_bucket{extension_point="ResponseStreaming",plugin_name="least-ttft-joint-handler",plugin_type="least-ttft-joint-handler",le="0.005"} 1.250477e+06
inference_extension_plugin_duration_seconds_bucket{extension_point="ResponseStreaming",plugin_name="least-ttft-joint-handler",plugin_type="least-ttft-joint-handler",le="0.01"} 1.250477e+06
inference_extension_plugin_duration_seconds_bucket{extension_point="ResponseStreaming",plugin_name="least-ttft-joint-handler",plugin_type="least-ttft-joint-handler",le="0.02"} 1.250477e+06
inference_extension_plugin_duration_seconds_bucket{extension_point="ResponseStreaming",plugin_name="least-ttft-joint-handler",plugin_type="least-ttft-joint-handler",le="0.05"} 1.250477e+06
inference_extension_plugin_duration_seconds_bucket{extension_point="ResponseStreaming",plugin_name="least-ttft-joint-handler",plugin_type="least-ttft-joint-handler",le="0.1"} 1.250477e+06
inference_extension_plugin_duration_seconds_bucket{extension_point="ResponseStreaming",plugin_name="least-ttft-joint-handler",plugin_type="least-ttft-joint-handler",le="+Inf"} 1.250477e+06
inference_extension_plugin_duration_seconds_sum{extension_point="ResponseStreaming",plugin_name="least-ttft-joint-handler",plugin_type="least-ttft-joint-handler"} 1.0881020139999953
inference_extension_plugin_duration_seconds_count{extension_point="ResponseStreaming",plugin_name="least-ttft-joint-handler",plugin_type="least-ttft-joint-handler"} 1.250477e+06
# HELP inference_extension_prefix_indexer_hit_bytes [ALPHA] [Deprecated: Use llm_d_epp_prefix_indexer_hit_bytes] Length of the prefix match in number of bytes in the cache lookup.
# TYPE inference_extension_prefix_indexer_hit_bytes histogram
inference_extension_prefix_indexer_hit_bytes_bucket{le="0"} 103
inference_extension_prefix_indexer_hit_bytes_bucket{le="16"} 103
inference_extension_prefix_indexer_hit_bytes_bucket{le="32"} 103
inference_extension_prefix_indexer_hit_bytes_bucket{le="64"} 103
inference_extension_prefix_indexer_hit_bytes_bucket{le="128"} 103
inference_extension_prefix_indexer_hit_bytes_bucket{le="256"} 103
inference_extension_prefix_indexer_hit_bytes_bucket{le="512"} 103
inference_extension_prefix_indexer_hit_bytes_bucket{le="1024"} 103
inference_extension_prefix_indexer_hit_bytes_bucket{le="2048"} 338
inference_extension_prefix_indexer_hit_bytes_bucket{le="4096"} 338
inference_extension_prefix_indexer_hit_bytes_bucket{le="8192"} 4426
inference_extension_prefix_indexer_hit_bytes_bucket{le="16384"} 4426
inference_extension_prefix_indexer_hit_bytes_bucket{le="32768"} 4426
inference_extension_prefix_indexer_hit_bytes_bucket{le="65536"} 4426
inference_extension_prefix_indexer_hit_bytes_bucket{le="+Inf"} 4426
inference_extension_prefix_indexer_hit_bytes_sum 2.6838528e+07
inference_extension_prefix_indexer_hit_bytes_count 4426
# HELP inference_extension_prefix_indexer_hit_ratio [ALPHA] [Deprecated: Use llm_d_epp_prefix_indexer_hit_ratio] Ratio of prefix length matched to total prefix length in the cache lookup.
# TYPE inference_extension_prefix_indexer_hit_ratio histogram
inference_extension_prefix_indexer_hit_ratio_bucket{le="0"} 103
inference_extension_prefix_indexer_hit_ratio_bucket{le="0.1"} 107
inference_extension_prefix_indexer_hit_ratio_bucket{le="0.2"} 514
inference_extension_prefix_indexer_hit_ratio_bucket{le="0.3"} 1476
inference_extension_prefix_indexer_hit_ratio_bucket{le="0.4"} 2522
inference_extension_prefix_indexer_hit_ratio_bucket{le="0.5"} 3290
inference_extension_prefix_indexer_hit_ratio_bucket{le="0.6"} 3772
inference_extension_prefix_indexer_hit_ratio_bucket{le="0.7"} 4013
inference_extension_prefix_indexer_hit_ratio_bucket{le="0.8"} 4126
inference_extension_prefix_indexer_hit_ratio_bucket{le="0.9"} 4177
inference_extension_prefix_indexer_hit_ratio_bucket{le="1"} 4426
inference_extension_prefix_indexer_hit_ratio_bucket{le="+Inf"} 4426
inference_extension_prefix_indexer_hit_ratio_sum 1813.4458315012625
inference_extension_prefix_indexer_hit_ratio_count 4426
# HELP inference_extension_prefix_indexer_size [ALPHA] [Deprecated: Use llm_d_epp_prefix_indexer_size] Size of the prefix indexer.
# TYPE inference_extension_prefix_indexer_size gauge
inference_extension_prefix_indexer_size 80061
# HELP inference_extension_scheduler_attempts_total [ALPHA] [Deprecated: Use llm_d_epp_scheduler_attempts_total] Total number of scheduling attempts.
# TYPE inference_extension_scheduler_attempts_total counter
inference_extension_scheduler_attempts_total{namespace="kalantar-0",pod_name="meta-lla-888e33f1-instruct-decode-558d9f5fd4-gpn7r",port="8000",status="success",target_model_name="meta-llama/Llama-3.3-70B-Instruct"} 2314
inference_extension_scheduler_attempts_total{namespace="kalantar-0",pod_name="meta-lla-888e33f1-instruct-decode-558d9f5fd4-plptt",port="8000",status="success",target_model_name="meta-llama/Llama-3.3-70B-Instruct"} 2112
# HELP inference_extension_scheduler_e2e_duration_seconds [ALPHA] [Deprecated: Use llm_d_epp_scheduler_e2e_duration_seconds] End-to-end scheduling latency distribution in seconds.
# TYPE inference_extension_scheduler_e2e_duration_seconds histogram
inference_extension_scheduler_e2e_duration_seconds_bucket{le="0.0001"} 0
inference_extension_scheduler_e2e_duration_seconds_bucket{le="0.0002"} 2
inference_extension_scheduler_e2e_duration_seconds_bucket{le="0.0005"} 4178
inference_extension_scheduler_e2e_duration_seconds_bucket{le="0.001"} 4364
inference_extension_scheduler_e2e_duration_seconds_bucket{le="0.002"} 4397
inference_extension_scheduler_e2e_duration_seconds_bucket{le="0.005"} 4424
inference_extension_scheduler_e2e_duration_seconds_bucket{le="0.01"} 4426
inference_extension_scheduler_e2e_duration_seconds_bucket{le="0.02"} 4426
inference_extension_scheduler_e2e_duration_seconds_bucket{le="0.05"} 4426
inference_extension_scheduler_e2e_duration_seconds_bucket{le="0.1"} 4426
inference_extension_scheduler_e2e_duration_seconds_bucket{le="+Inf"} 4426
inference_extension_scheduler_e2e_duration_seconds_sum 1.6738697080000031
inference_extension_scheduler_e2e_duration_seconds_count 4426
# HELP inference_objective_input_tokens [ALPHA] [Deprecated: Use llm_d_epp_request_input_tokens] Inference objective input token count distribution for requests in each model.
# TYPE inference_objective_input_tokens histogram
inference_objective_input_tokens_bucket{model_name="meta-llama/Llama-3.3-70B-Instruct",target_model_name="meta-llama/Llama-3.3-70B-Instruct",le="1"} 0
inference_objective_input_tokens_bucket{model_name="meta-llama/Llama-3.3-70B-Instruct",target_model_name="meta-llama/Llama-3.3-70B-Instruct",le="8"} 1
inference_objective_input_tokens_bucket{model_name="meta-llama/Llama-3.3-70B-Instruct",target_model_name="meta-llama/Llama-3.3-70B-Instruct",le="16"} 1
inference_objective_input_tokens_bucket{model_name="meta-llama/Llama-3.3-70B-Instruct",target_model_name="meta-llama/Llama-3.3-70B-Instruct",le="32"} 1
inference_objective_input_tokens_bucket{model_name="meta-llama/Llama-3.3-70B-Instruct",target_model_name="meta-llama/Llama-3.3-70B-Instruct",le="64"} 1
inference_objective_input_tokens_bucket{model_name="meta-llama/Llama-3.3-70B-Instruct",target_model_name="meta-llama/Llama-3.3-70B-Instruct",le="128"} 1
inference_objective_input_tokens_bucket{model_name="meta-llama/Llama-3.3-70B-Instruct",target_model_name="meta-llama/Llama-3.3-70B-Instruct",le="256"} 2
inference_objective_input_tokens_bucket{model_name="meta-llama/Llama-3.3-70B-Instruct",target_model_name="meta-llama/Llama-3.3-70B-Instruct",le="512"} 238
inference_objective_input_tokens_bucket{model_name="meta-llama/Llama-3.3-70B-Instruct",target_model_name="meta-llama/Llama-3.3-70B-Instruct",le="1024"} 238
inference_objective_input_tokens_bucket{model_name="meta-llama/Llama-3.3-70B-Instruct",target_model_name="meta-llama/Llama-3.3-70B-Instruct",le="2048"} 25927
inference_objective_input_tokens_bucket{model_name="meta-llama/Llama-3.3-70B-Instruct",target_model_name="meta-llama/Llama-3.3-70B-Instruct",le="4096"} 521811
inference_objective_input_tokens_bucket{model_name="meta-llama/Llama-3.3-70B-Instruct",target_model_name="meta-llama/Llama-3.3-70B-Instruct",le="8192"} 1.122269e+06
inference_objective_input_tokens_bucket{model_name="meta-llama/Llama-3.3-70B-Instruct",target_model_name="meta-llama/Llama-3.3-70B-Instruct",le="16384"} 1.24635e+06
inference_objective_input_tokens_bucket{model_name="meta-llama/Llama-3.3-70B-Instruct",target_model_name="meta-llama/Llama-3.3-70B-Instruct",le="32778"} 1.24635e+06
inference_objective_input_tokens_bucket{model_name="meta-llama/Llama-3.3-70B-Instruct",target_model_name="meta-llama/Llama-3.3-70B-Instruct",le="65536"} 1.24635e+06
inference_objective_input_tokens_bucket{model_name="meta-llama/Llama-3.3-70B-Instruct",target_model_name="meta-llama/Llama-3.3-70B-Instruct",le="131072"} 1.24635e+06
inference_objective_input_tokens_bucket{model_name="meta-llama/Llama-3.3-70B-Instruct",target_model_name="meta-llama/Llama-3.3-70B-Instruct",le="262144"} 1.24635e+06
inference_objective_input_tokens_bucket{model_name="meta-llama/Llama-3.3-70B-Instruct",target_model_name="meta-llama/Llama-3.3-70B-Instruct",le="524288"} 1.24635e+06
inference_objective_input_tokens_bucket{model_name="meta-llama/Llama-3.3-70B-Instruct",target_model_name="meta-llama/Llama-3.3-70B-Instruct",le="1.048576e+06"} 1.24635e+06
inference_objective_input_tokens_bucket{model_name="meta-llama/Llama-3.3-70B-Instruct",target_model_name="meta-llama/Llama-3.3-70B-Instruct",le="+Inf"} 1.24635e+06
inference_objective_input_tokens_sum{model_name="meta-llama/Llama-3.3-70B-Instruct",target_model_name="meta-llama/Llama-3.3-70B-Instruct"} 6.301869135e+09
inference_objective_input_tokens_count{model_name="meta-llama/Llama-3.3-70B-Instruct",target_model_name="meta-llama/Llama-3.3-70B-Instruct"} 1.24635e+06
# HELP inference_objective_normalized_time_per_output_token_seconds [ALPHA] [Deprecated: Use llm_d_epp_request_ntpot_seconds] Inference objective latency divided by number of output tokens in seconds for each model and target model.
# TYPE inference_objective_normalized_time_per_output_token_seconds histogram
inference_objective_normalized_time_per_output_token_seconds_bucket{model_name="meta-llama/Llama-3.3-70B-Instruct",target_model_name="meta-llama/Llama-3.3-70B-Instruct",le="0.001"} 0
inference_objective_normalized_time_per_output_token_seconds_bucket{model_name="meta-llama/Llama-3.3-70B-Instruct",target_model_name="meta-llama/Llama-3.3-70B-Instruct",le="0.002"} 0
inference_objective_normalized_time_per_output_token_seconds_bucket{model_name="meta-llama/Llama-3.3-70B-Instruct",target_model_name="meta-llama/Llama-3.3-70B-Instruct",le="0.005"} 0
inference_objective_normalized_time_per_output_token_seconds_bucket{model_name="meta-llama/Llama-3.3-70B-Instruct",target_model_name="meta-llama/Llama-3.3-70B-Instruct",le="0.01"} 0
inference_objective_normalized_time_per_output_token_seconds_bucket{model_name="meta-llama/Llama-3.3-70B-Instruct",target_model_name="meta-llama/Llama-3.3-70B-Instruct",le="0.02"} 236
inference_objective_normalized_time_per_output_token_seconds_bucket{model_name="meta-llama/Llama-3.3-70B-Instruct",target_model_name="meta-llama/Llama-3.3-70B-Instruct",le="0.05"} 2712
inference_objective_normalized_time_per_output_token_seconds_bucket{model_name="meta-llama/Llama-3.3-70B-Instruct",target_model_name="meta-llama/Llama-3.3-70B-Instruct",le="0.1"} 4293
inference_objective_normalized_time_per_output_token_seconds_bucket{model_name="meta-llama/Llama-3.3-70B-Instruct",target_model_name="meta-llama/Llama-3.3-70B-Instruct",le="0.2"} 4350
inference_objective_normalized_time_per_output_token_seconds_bucket{model_name="meta-llama/Llama-3.3-70B-Instruct",target_model_name="meta-llama/Llama-3.3-70B-Instruct",le="0.5"} 4356
inference_objective_normalized_time_per_output_token_seconds_bucket{model_name="meta-llama/Llama-3.3-70B-Instruct",target_model_name="meta-llama/Llama-3.3-70B-Instruct",le="1"} 4357
inference_objective_normalized_time_per_output_token_seconds_bucket{model_name="meta-llama/Llama-3.3-70B-Instruct",target_model_name="meta-llama/Llama-3.3-70B-Instruct",le="2"} 4357
inference_objective_normalized_time_per_output_token_seconds_bucket{model_name="meta-llama/Llama-3.3-70B-Instruct",target_model_name="meta-llama/Llama-3.3-70B-Instruct",le="5"} 4357
inference_objective_normalized_time_per_output_token_seconds_bucket{model_name="meta-llama/Llama-3.3-70B-Instruct",target_model_name="meta-llama/Llama-3.3-70B-Instruct",le="10"} 4357
inference_objective_normalized_time_per_output_token_seconds_bucket{model_name="meta-llama/Llama-3.3-70B-Instruct",target_model_name="meta-llama/Llama-3.3-70B-Instruct",le="+Inf"} 4357
inference_objective_normalized_time_per_output_token_seconds_sum{model_name="meta-llama/Llama-3.3-70B-Instruct",target_model_name="meta-llama/Llama-3.3-70B-Instruct"} 209.75121094626297
inference_objective_normalized_time_per_output_token_seconds_count{model_name="meta-llama/Llama-3.3-70B-Instruct",target_model_name="meta-llama/Llama-3.3-70B-Instruct"} 4357
# HELP inference_objective_output_tokens [ALPHA] [Deprecated: Use llm_d_epp_request_output_tokens] Inference objective output token count distribution for requests in each model.
# TYPE inference_objective_output_tokens histogram
inference_objective_output_tokens_bucket{model_name="meta-llama/Llama-3.3-70B-Instruct",target_model_name="meta-llama/Llama-3.3-70B-Instruct",le="1"} 4185
inference_objective_output_tokens_bucket{model_name="meta-llama/Llama-3.3-70B-Instruct",target_model_name="meta-llama/Llama-3.3-70B-Instruct",le="8"} 33468
inference_objective_output_tokens_bucket{model_name="meta-llama/Llama-3.3-70B-Instruct",target_model_name="meta-llama/Llama-3.3-70B-Instruct",le="16"} 66198
inference_objective_output_tokens_bucket{model_name="meta-llama/Llama-3.3-70B-Instruct",target_model_name="meta-llama/Llama-3.3-70B-Instruct",le="32"} 130701
inference_objective_output_tokens_bucket{model_name="meta-llama/Llama-3.3-70B-Instruct",target_model_name="meta-llama/Llama-3.3-70B-Instruct",le="64"} 258064
inference_objective_output_tokens_bucket{model_name="meta-llama/Llama-3.3-70B-Instruct",target_model_name="meta-llama/Llama-3.3-70B-Instruct",le="128"} 501506
inference_objective_output_tokens_bucket{model_name="meta-llama/Llama-3.3-70B-Instruct",target_model_name="meta-llama/Llama-3.3-70B-Instruct",le="256"} 901239
inference_objective_output_tokens_bucket{model_name="meta-llama/Llama-3.3-70B-Instruct",target_model_name="meta-llama/Llama-3.3-70B-Instruct",le="512"} 1.222929e+06
inference_objective_output_tokens_bucket{model_name="meta-llama/Llama-3.3-70B-Instruct",target_model_name="meta-llama/Llama-3.3-70B-Instruct",le="1024"} 1.24635e+06
inference_objective_output_tokens_bucket{model_name="meta-llama/Llama-3.3-70B-Instruct",target_model_name="meta-llama/Llama-3.3-70B-Instruct",le="2048"} 1.24635e+06
inference_objective_output_tokens_bucket{model_name="meta-llama/Llama-3.3-70B-Instruct",target_model_name="meta-llama/Llama-3.3-70B-Instruct",le="4096"} 1.24635e+06
inference_objective_output_tokens_bucket{model_name="meta-llama/Llama-3.3-70B-Instruct",target_model_name="meta-llama/Llama-3.3-70B-Instruct",le="8192"} 1.24635e+06
inference_objective_output_tokens_bucket{model_name="meta-llama/Llama-3.3-70B-Instruct",target_model_name="meta-llama/Llama-3.3-70B-Instruct",le="+Inf"} 1.24635e+06
inference_objective_output_tokens_sum{model_name="meta-llama/Llama-3.3-70B-Instruct",target_model_name="meta-llama/Llama-3.3-70B-Instruct"} 2.31805693e+08
inference_objective_output_tokens_count{model_name="meta-llama/Llama-3.3-70B-Instruct",target_model_name="meta-llama/Llama-3.3-70B-Instruct"} 1.24635e+06
# HELP inference_objective_prompt_cached_tokens [ALPHA] [Deprecated: Use llm_d_epp_request_cached_tokens] Inference objective prompt cached token count distribution for requests in each model.
# TYPE inference_objective_prompt_cached_tokens histogram
inference_objective_prompt_cached_tokens_bucket{model_name="meta-llama/Llama-3.3-70B-Instruct",target_model_name="meta-llama/Llama-3.3-70B-Instruct",le="1"} 148360
inference_objective_prompt_cached_tokens_bucket{model_name="meta-llama/Llama-3.3-70B-Instruct",target_model_name="meta-llama/Llama-3.3-70B-Instruct",le="8"} 148360
inference_objective_prompt_cached_tokens_bucket{model_name="meta-llama/Llama-3.3-70B-Instruct",target_model_name="meta-llama/Llama-3.3-70B-Instruct",le="16"} 148360
inference_objective_prompt_cached_tokens_bucket{model_name="meta-llama/Llama-3.3-70B-Instruct",target_model_name="meta-llama/Llama-3.3-70B-Instruct",le="32"} 148360
inference_objective_prompt_cached_tokens_bucket{model_name="meta-llama/Llama-3.3-70B-Instruct",target_model_name="meta-llama/Llama-3.3-70B-Instruct",le="64"} 148360
inference_objective_prompt_cached_tokens_bucket{model_name="meta-llama/Llama-3.3-70B-Instruct",target_model_name="meta-llama/Llama-3.3-70B-Instruct",le="128"} 148360
inference_objective_prompt_cached_tokens_bucket{model_name="meta-llama/Llama-3.3-70B-Instruct",target_model_name="meta-llama/Llama-3.3-70B-Instruct",le="256"} 148360
inference_objective_prompt_cached_tokens_bucket{model_name="meta-llama/Llama-3.3-70B-Instruct",target_model_name="meta-llama/Llama-3.3-70B-Instruct",le="512"} 148360
inference_objective_prompt_cached_tokens_bucket{model_name="meta-llama/Llama-3.3-70B-Instruct",target_model_name="meta-llama/Llama-3.3-70B-Instruct",le="1024"} 148360
inference_objective_prompt_cached_tokens_bucket{model_name="meta-llama/Llama-3.3-70B-Instruct",target_model_name="meta-llama/Llama-3.3-70B-Instruct",le="2048"} 148360
inference_objective_prompt_cached_tokens_bucket{model_name="meta-llama/Llama-3.3-70B-Instruct",target_model_name="meta-llama/Llama-3.3-70B-Instruct",le="4096"} 148360
inference_objective_prompt_cached_tokens_bucket{model_name="meta-llama/Llama-3.3-70B-Instruct",target_model_name="meta-llama/Llama-3.3-70B-Instruct",le="8192"} 148360
inference_objective_prompt_cached_tokens_bucket{model_name="meta-llama/Llama-3.3-70B-Instruct",target_model_name="meta-llama/Llama-3.3-70B-Instruct",le="16384"} 148360
inference_objective_prompt_cached_tokens_bucket{model_name="meta-llama/Llama-3.3-70B-Instruct",target_model_name="meta-llama/Llama-3.3-70B-Instruct",le="32778"} 148360
inference_objective_prompt_cached_tokens_bucket{model_name="meta-llama/Llama-3.3-70B-Instruct",target_model_name="meta-llama/Llama-3.3-70B-Instruct",le="65536"} 148360
inference_objective_prompt_cached_tokens_bucket{model_name="meta-llama/Llama-3.3-70B-Instruct",target_model_name="meta-llama/Llama-3.3-70B-Instruct",le="131072"} 148360
inference_objective_prompt_cached_tokens_bucket{model_name="meta-llama/Llama-3.3-70B-Instruct",target_model_name="meta-llama/Llama-3.3-70B-Instruct",le="262144"} 148360
inference_objective_prompt_cached_tokens_bucket{model_name="meta-llama/Llama-3.3-70B-Instruct",target_model_name="meta-llama/Llama-3.3-70B-Instruct",le="524288"} 148360
inference_objective_prompt_cached_tokens_bucket{model_name="meta-llama/Llama-3.3-70B-Instruct",target_model_name="meta-llama/Llama-3.3-70B-Instruct",le="1.048576e+06"} 148360
inference_objective_prompt_cached_tokens_bucket{model_name="meta-llama/Llama-3.3-70B-Instruct",target_model_name="meta-llama/Llama-3.3-70B-Instruct",le="+Inf"} 148360
inference_objective_prompt_cached_tokens_sum{model_name="meta-llama/Llama-3.3-70B-Instruct",target_model_name="meta-llama/Llama-3.3-70B-Instruct"} 0
inference_objective_prompt_cached_tokens_count{model_name="meta-llama/Llama-3.3-70B-Instruct",target_model_name="meta-llama/Llama-3.3-70B-Instruct"} 148360
# HELP inference_objective_request_duration_seconds [ALPHA] [Deprecated: Use llm_d_epp_request_duration_seconds] Inference objective response latency distribution in seconds for each model and target model.
# TYPE inference_objective_request_duration_seconds histogram
inference_objective_request_duration_seconds_bucket{model_name="",target_model_name="",le="0.005"} 2
inference_objective_request_duration_seconds_bucket{model_name="",target_model_name="",le="0.025"} 2
inference_objective_request_duration_seconds_bucket{model_name="",target_model_name="",le="0.05"} 2
inference_objective_request_duration_seconds_bucket{model_name="",target_model_name="",le="0.1"} 2
inference_objective_request_duration_seconds_bucket{model_name="",target_model_name="",le="0.2"} 2
inference_objective_request_duration_seconds_bucket{model_name="",target_model_name="",le="0.4"} 2
inference_objective_request_duration_seconds_bucket{model_name="",target_model_name="",le="0.6"} 2
inference_objective_request_duration_seconds_bucket{model_name="",target_model_name="",le="0.8"} 2
inference_objective_request_duration_seconds_bucket{model_name="",target_model_name="",le="1"} 2
inference_objective_request_duration_seconds_bucket{model_name="",target_model_name="",le="1.25"} 2
inference_objective_request_duration_seconds_bucket{model_name="",target_model_name="",le="1.5"} 2
inference_objective_request_duration_seconds_bucket{model_name="",target_model_name="",le="2"} 2
inference_objective_request_duration_seconds_bucket{model_name="",target_model_name="",le="3"} 2
inference_objective_request_duration_seconds_bucket{model_name="",target_model_name="",le="4"} 2
inference_objective_request_duration_seconds_bucket{model_name="",target_model_name="",le="5"} 2
inference_objective_request_duration_seconds_bucket{model_name="",target_model_name="",le="6"} 2
inference_objective_request_duration_seconds_bucket{model_name="",target_model_name="",le="8"} 2
inference_objective_request_duration_seconds_bucket{model_name="",target_model_name="",le="10"} 2
inference_objective_request_duration_seconds_bucket{model_name="",target_model_name="",le="15"} 2
inference_objective_request_duration_seconds_bucket{model_name="",target_model_name="",le="20"} 2
inference_objective_request_duration_seconds_bucket{model_name="",target_model_name="",le="30"} 2
inference_objective_request_duration_seconds_bucket{model_name="",target_model_name="",le="45"} 2
inference_objective_request_duration_seconds_bucket{model_name="",target_model_name="",le="60"} 2
inference_objective_request_duration_seconds_bucket{model_name="",target_model_name="",le="120"} 2
inference_objective_request_duration_seconds_bucket{model_name="",target_model_name="",le="180"} 2
inference_objective_request_duration_seconds_bucket{model_name="",target_model_name="",le="240"} 2
inference_objective_request_duration_seconds_bucket{model_name="",target_model_name="",le="300"} 2
inference_objective_request_duration_seconds_bucket{model_name="",target_model_name="",le="360"} 2
inference_objective_request_duration_seconds_bucket{model_name="",target_model_name="",le="480"} 2
inference_objective_request_duration_seconds_bucket{model_name="",target_model_name="",le="600"} 2
inference_objective_request_duration_seconds_bucket{model_name="",target_model_name="",le="900"} 2
inference_objective_request_duration_seconds_bucket{model_name="",target_model_name="",le="1200"} 2
inference_objective_request_duration_seconds_bucket{model_name="",target_model_name="",le="1800"} 2
inference_objective_request_duration_seconds_bucket{model_name="",target_model_name="",le="2700"} 2
inference_objective_request_duration_seconds_bucket{model_name="",target_model_name="",le="3600"} 2
inference_objective_request_duration_seconds_bucket{model_name="",target_model_name="",le="+Inf"} 2
inference_objective_request_duration_seconds_sum{model_name="",target_model_name=""} 0.00608502
inference_objective_request_duration_seconds_count{model_name="",target_model_name=""} 2
inference_objective_request_duration_seconds_bucket{model_name="meta-llama/Llama-3.3-70B-Instruct",target_model_name="meta-llama/Llama-3.3-70B-Instruct",le="0.005"} 0
inference_objective_request_duration_seconds_bucket{model_name="meta-llama/Llama-3.3-70B-Instruct",target_model_name="meta-llama/Llama-3.3-70B-Instruct",le="0.025"} 0
inference_objective_request_duration_seconds_bucket{model_name="meta-llama/Llama-3.3-70B-Instruct",target_model_name="meta-llama/Llama-3.3-70B-Instruct",le="0.05"} 1
inference_objective_request_duration_seconds_bucket{model_name="meta-llama/Llama-3.3-70B-Instruct",target_model_name="meta-llama/Llama-3.3-70B-Instruct",le="0.1"} 1
inference_objective_request_duration_seconds_bucket{model_name="meta-llama/Llama-3.3-70B-Instruct",target_model_name="meta-llama/Llama-3.3-70B-Instruct",le="0.2"} 2
inference_objective_request_duration_seconds_bucket{model_name="meta-llama/Llama-3.3-70B-Instruct",target_model_name="meta-llama/Llama-3.3-70B-Instruct",le="0.4"} 12
inference_objective_request_duration_seconds_bucket{model_name="meta-llama/Llama-3.3-70B-Instruct",target_model_name="meta-llama/Llama-3.3-70B-Instruct",le="0.6"} 35
inference_objective_request_duration_seconds_bucket{model_name="meta-llama/Llama-3.3-70B-Instruct",target_model_name="meta-llama/Llama-3.3-70B-Instruct",le="0.8"} 60
inference_objective_request_duration_seconds_bucket{model_name="meta-llama/Llama-3.3-70B-Instruct",target_model_name="meta-llama/Llama-3.3-70B-Instruct",le="1"} 80
inference_objective_request_duration_seconds_bucket{model_name="meta-llama/Llama-3.3-70B-Instruct",target_model_name="meta-llama/Llama-3.3-70B-Instruct",le="1.25"} 340
inference_objective_request_duration_seconds_bucket{model_name="meta-llama/Llama-3.3-70B-Instruct",target_model_name="meta-llama/Llama-3.3-70B-Instruct",le="1.5"} 367
inference_objective_request_duration_seconds_bucket{model_name="meta-llama/Llama-3.3-70B-Instruct",target_model_name="meta-llama/Llama-3.3-70B-Instruct",le="2"} 402
inference_objective_request_duration_seconds_bucket{model_name="meta-llama/Llama-3.3-70B-Instruct",target_model_name="meta-llama/Llama-3.3-70B-Instruct",le="3"} 460
inference_objective_request_duration_seconds_bucket{model_name="meta-llama/Llama-3.3-70B-Instruct",target_model_name="meta-llama/Llama-3.3-70B-Instruct",le="4"} 541
inference_objective_request_duration_seconds_bucket{model_name="meta-llama/Llama-3.3-70B-Instruct",target_model_name="meta-llama/Llama-3.3-70B-Instruct",le="5"} 632
inference_objective_request_duration_seconds_bucket{model_name="meta-llama/Llama-3.3-70B-Instruct",target_model_name="meta-llama/Llama-3.3-70B-Instruct",le="6"} 774
inference_objective_request_duration_seconds_bucket{model_name="meta-llama/Llama-3.3-70B-Instruct",target_model_name="meta-llama/Llama-3.3-70B-Instruct",le="8"} 1085
inference_objective_request_duration_seconds_bucket{model_name="meta-llama/Llama-3.3-70B-Instruct",target_model_name="meta-llama/Llama-3.3-70B-Instruct",le="10"} 1465
inference_objective_request_duration_seconds_bucket{model_name="meta-llama/Llama-3.3-70B-Instruct",target_model_name="meta-llama/Llama-3.3-70B-Instruct",le="15"} 2589
inference_objective_request_duration_seconds_bucket{model_name="meta-llama/Llama-3.3-70B-Instruct",target_model_name="meta-llama/Llama-3.3-70B-Instruct",le="20"} 3485
inference_objective_request_duration_seconds_bucket{model_name="meta-llama/Llama-3.3-70B-Instruct",target_model_name="meta-llama/Llama-3.3-70B-Instruct",le="30"} 4240
inference_objective_request_duration_seconds_bucket{model_name="meta-llama/Llama-3.3-70B-Instruct",target_model_name="meta-llama/Llama-3.3-70B-Instruct",le="45"} 4357
inference_objective_request_duration_seconds_bucket{model_name="meta-llama/Llama-3.3-70B-Instruct",target_model_name="meta-llama/Llama-3.3-70B-Instruct",le="60"} 4357
inference_objective_request_duration_seconds_bucket{model_name="meta-llama/Llama-3.3-70B-Instruct",target_model_name="meta-llama/Llama-3.3-70B-Instruct",le="120"} 4357
inference_objective_request_duration_seconds_bucket{model_name="meta-llama/Llama-3.3-70B-Instruct",target_model_name="meta-llama/Llama-3.3-70B-Instruct",le="180"} 4357
inference_objective_request_duration_seconds_bucket{model_name="meta-llama/Llama-3.3-70B-Instruct",target_model_name="meta-llama/Llama-3.3-70B-Instruct",le="240"} 4357
inference_objective_request_duration_seconds_bucket{model_name="meta-llama/Llama-3.3-70B-Instruct",target_model_name="meta-llama/Llama-3.3-70B-Instruct",le="300"} 4357
inference_objective_request_duration_seconds_bucket{model_name="meta-llama/Llama-3.3-70B-Instruct",target_model_name="meta-llama/Llama-3.3-70B-Instruct",le="360"} 4357
inference_objective_request_duration_seconds_bucket{model_name="meta-llama/Llama-3.3-70B-Instruct",target_model_name="meta-llama/Llama-3.3-70B-Instruct",le="480"} 4357
inference_objective_request_duration_seconds_bucket{model_name="meta-llama/Llama-3.3-70B-Instruct",target_model_name="meta-llama/Llama-3.3-70B-Instruct",le="600"} 4357
inference_objective_request_duration_seconds_bucket{model_name="meta-llama/Llama-3.3-70B-Instruct",target_model_name="meta-llama/Llama-3.3-70B-Instruct",le="900"} 4357
inference_objective_request_duration_seconds_bucket{model_name="meta-llama/Llama-3.3-70B-Instruct",target_model_name="meta-llama/Llama-3.3-70B-Instruct",le="1200"} 4357
inference_objective_request_duration_seconds_bucket{model_name="meta-llama/Llama-3.3-70B-Instruct",target_model_name="meta-llama/Llama-3.3-70B-Instruct",le="1800"} 4357
inference_objective_request_duration_seconds_bucket{model_name="meta-llama/Llama-3.3-70B-Instruct",target_model_name="meta-llama/Llama-3.3-70B-Instruct",le="2700"} 4357
inference_objective_request_duration_seconds_bucket{model_name="meta-llama/Llama-3.3-70B-Instruct",target_model_name="meta-llama/Llama-3.3-70B-Instruct",le="3600"} 4357
inference_objective_request_duration_seconds_bucket{model_name="meta-llama/Llama-3.3-70B-Instruct",target_model_name="meta-llama/Llama-3.3-70B-Instruct",le="+Inf"} 4357
inference_objective_request_duration_seconds_sum{model_name="meta-llama/Llama-3.3-70B-Instruct",target_model_name="meta-llama/Llama-3.3-70B-Instruct"} 59139.22388675015
inference_objective_request_duration_seconds_count{model_name="meta-llama/Llama-3.3-70B-Instruct",target_model_name="meta-llama/Llama-3.3-70B-Instruct"} 4357
# HELP inference_objective_request_sizes [ALPHA] [Deprecated: Use llm_d_epp_request_size_bytes] Inference objective requests size distribution in bytes for each model and target model.
# TYPE inference_objective_request_sizes histogram
inference_objective_request_sizes_bucket{model_name="meta-llama/Llama-3.3-70B-Instruct",target_model_name="meta-llama/Llama-3.3-70B-Instruct",le="64"} 0
inference_objective_request_sizes_bucket{model_name="meta-llama/Llama-3.3-70B-Instruct",target_model_name="meta-llama/Llama-3.3-70B-Instruct",le="128"} 1
inference_objective_request_sizes_bucket{model_name="meta-llama/Llama-3.3-70B-Instruct",target_model_name="meta-llama/Llama-3.3-70B-Instruct",le="256"} 1
inference_objective_request_sizes_bucket{model_name="meta-llama/Llama-3.3-70B-Instruct",target_model_name="meta-llama/Llama-3.3-70B-Instruct",le="512"} 1
inference_objective_request_sizes_bucket{model_name="meta-llama/Llama-3.3-70B-Instruct",target_model_name="meta-llama/Llama-3.3-70B-Instruct",le="1024"} 2
inference_objective_request_sizes_bucket{model_name="meta-llama/Llama-3.3-70B-Instruct",target_model_name="meta-llama/Llama-3.3-70B-Instruct",le="2048"} 238
inference_objective_request_sizes_bucket{model_name="meta-llama/Llama-3.3-70B-Instruct",target_model_name="meta-llama/Llama-3.3-70B-Instruct",le="4096"} 238
inference_objective_request_sizes_bucket{model_name="meta-llama/Llama-3.3-70B-Instruct",target_model_name="meta-llama/Llama-3.3-70B-Instruct",le="8192"} 381
inference_objective_request_sizes_bucket{model_name="meta-llama/Llama-3.3-70B-Instruct",target_model_name="meta-llama/Llama-3.3-70B-Instruct",le="16384"} 2338
inference_objective_request_sizes_bucket{model_name="meta-llama/Llama-3.3-70B-Instruct",target_model_name="meta-llama/Llama-3.3-70B-Instruct",le="32768"} 4136
inference_objective_request_sizes_bucket{model_name="meta-llama/Llama-3.3-70B-Instruct",target_model_name="meta-llama/Llama-3.3-70B-Instruct",le="65536"} 4426
inference_objective_request_sizes_bucket{model_name="meta-llama/Llama-3.3-70B-Instruct",target_model_name="meta-llama/Llama-3.3-70B-Instruct",le="131072"} 4426
inference_objective_request_sizes_bucket{model_name="meta-llama/Llama-3.3-70B-Instruct",target_model_name="meta-llama/Llama-3.3-70B-Instruct",le="262144"} 4426
inference_objective_request_sizes_bucket{model_name="meta-llama/Llama-3.3-70B-Instruct",target_model_name="meta-llama/Llama-3.3-70B-Instruct",le="524288"} 4426
inference_objective_request_sizes_bucket{model_name="meta-llama/Llama-3.3-70B-Instruct",target_model_name="meta-llama/Llama-3.3-70B-Instruct",le="1.048576e+06"} 4426
inference_objective_request_sizes_bucket{model_name="meta-llama/Llama-3.3-70B-Instruct",target_model_name="meta-llama/Llama-3.3-70B-Instruct",le="2.097152e+06"} 4426
inference_objective_request_sizes_bucket{model_name="meta-llama/Llama-3.3-70B-Instruct",target_model_name="meta-llama/Llama-3.3-70B-Instruct",le="4.194304e+06"} 4426
inference_objective_request_sizes_bucket{model_name="meta-llama/Llama-3.3-70B-Instruct",target_model_name="meta-llama/Llama-3.3-70B-Instruct",le="8.388608e+06"} 4426
inference_objective_request_sizes_bucket{model_name="meta-llama/Llama-3.3-70B-Instruct",target_model_name="meta-llama/Llama-3.3-70B-Instruct",le="1.6777216e+07"} 4426
inference_objective_request_sizes_bucket{model_name="meta-llama/Llama-3.3-70B-Instruct",target_model_name="meta-llama/Llama-3.3-70B-Instruct",le="3.3554432e+07"} 4426
inference_objective_request_sizes_bucket{model_name="meta-llama/Llama-3.3-70B-Instruct",target_model_name="meta-llama/Llama-3.3-70B-Instruct",le="6.7108864e+07"} 4426
inference_objective_request_sizes_bucket{model_name="meta-llama/Llama-3.3-70B-Instruct",target_model_name="meta-llama/Llama-3.3-70B-Instruct",le="1.34217728e+08"} 4426
inference_objective_request_sizes_bucket{model_name="meta-llama/Llama-3.3-70B-Instruct",target_model_name="meta-llama/Llama-3.3-70B-Instruct",le="2.68435456e+08"} 4426
inference_objective_request_sizes_bucket{model_name="meta-llama/Llama-3.3-70B-Instruct",target_model_name="meta-llama/Llama-3.3-70B-Instruct",le="5.36870912e+08"} 4426
inference_objective_request_sizes_bucket{model_name="meta-llama/Llama-3.3-70B-Instruct",target_model_name="meta-llama/Llama-3.3-70B-Instruct",le="1.073741824e+09"} 4426
inference_objective_request_sizes_bucket{model_name="meta-llama/Llama-3.3-70B-Instruct",target_model_name="meta-llama/Llama-3.3-70B-Instruct",le="+Inf"} 4426
inference_objective_request_sizes_sum{model_name="meta-llama/Llama-3.3-70B-Instruct",target_model_name="meta-llama/Llama-3.3-70B-Instruct"} 7.7738188e+07
inference_objective_request_sizes_count{model_name="meta-llama/Llama-3.3-70B-Instruct",target_model_name="meta-llama/Llama-3.3-70B-Instruct"} 4426
# HELP inference_objective_request_total [ALPHA] [Deprecated: Use llm_d_epp_request_total] Counter of inference objective requests broken out for each model and target model.
# TYPE inference_objective_request_total counter
inference_objective_request_total{model_name="meta-llama/Llama-3.3-70B-Instruct",priority="0",target_model_name="meta-llama/Llama-3.3-70B-Instruct"} 238
inference_objective_request_total{model_name="meta-llama/Llama-3.3-70B-Instruct",priority="3",target_model_name="meta-llama/Llama-3.3-70B-Instruct"} 4188
# HELP inference_objective_response_sizes [ALPHA] [Deprecated: Use llm_d_epp_response_size_bytes] Inference objective responses size distribution in bytes for each model and target model.
# TYPE inference_objective_response_sizes histogram
inference_objective_response_sizes_bucket{model_name="",target_model_name="",le="1"} 0
inference_objective_response_sizes_bucket{model_name="",target_model_name="",le="8"} 0
inference_objective_response_sizes_bucket{model_name="",target_model_name="",le="16"} 0
inference_objective_response_sizes_bucket{model_name="",target_model_name="",le="32"} 0
inference_objective_response_sizes_bucket{model_name="",target_model_name="",le="64"} 0
inference_objective_response_sizes_bucket{model_name="",target_model_name="",le="128"} 0
inference_objective_response_sizes_bucket{model_name="",target_model_name="",le="256"} 0
inference_objective_response_sizes_bucket{model_name="",target_model_name="",le="512"} 0
inference_objective_response_sizes_bucket{model_name="",target_model_name="",le="1024"} 2
inference_objective_response_sizes_bucket{model_name="",target_model_name="",le="2048"} 2
inference_objective_response_sizes_bucket{model_name="",target_model_name="",le="4096"} 2
inference_objective_response_sizes_bucket{model_name="",target_model_name="",le="8192"} 2
inference_objective_response_sizes_bucket{model_name="",target_model_name="",le="16384"} 2
inference_objective_response_sizes_bucket{model_name="",target_model_name="",le="32778"} 2
inference_objective_response_sizes_bucket{model_name="",target_model_name="",le="65536"} 2
inference_objective_response_sizes_bucket{model_name="",target_model_name="",le="+Inf"} 2
inference_objective_response_sizes_sum{model_name="",target_model_name=""} 1044
inference_objective_response_sizes_count{model_name="",target_model_name=""} 2
inference_objective_response_sizes_bucket{model_name="meta-llama/Llama-3.3-70B-Instruct",target_model_name="meta-llama/Llama-3.3-70B-Instruct",le="1"} 0
inference_objective_response_sizes_bucket{model_name="meta-llama/Llama-3.3-70B-Instruct",target_model_name="meta-llama/Llama-3.3-70B-Instruct",le="8"} 0
inference_objective_response_sizes_bucket{model_name="meta-llama/Llama-3.3-70B-Instruct",target_model_name="meta-llama/Llama-3.3-70B-Instruct",le="16"} 0
inference_objective_response_sizes_bucket{model_name="meta-llama/Llama-3.3-70B-Instruct",target_model_name="meta-llama/Llama-3.3-70B-Instruct",le="32"} 0
inference_objective_response_sizes_bucket{model_name="meta-llama/Llama-3.3-70B-Instruct",target_model_name="meta-llama/Llama-3.3-70B-Instruct",le="64"} 0
inference_objective_response_sizes_bucket{model_name="meta-llama/Llama-3.3-70B-Instruct",target_model_name="meta-llama/Llama-3.3-70B-Instruct",le="128"} 0
inference_objective_response_sizes_bucket{model_name="meta-llama/Llama-3.3-70B-Instruct",target_model_name="meta-llama/Llama-3.3-70B-Instruct",le="256"} 0
inference_objective_response_sizes_bucket{model_name="meta-llama/Llama-3.3-70B-Instruct",target_model_name="meta-llama/Llama-3.3-70B-Instruct",le="512"} 0
inference_objective_response_sizes_bucket{model_name="meta-llama/Llama-3.3-70B-Instruct",target_model_name="meta-llama/Llama-3.3-70B-Instruct",le="1024"} 238
inference_objective_response_sizes_bucket{model_name="meta-llama/Llama-3.3-70B-Instruct",target_model_name="meta-llama/Llama-3.3-70B-Instruct",le="2048"} 238
inference_objective_response_sizes_bucket{model_name="meta-llama/Llama-3.3-70B-Instruct",target_model_name="meta-llama/Llama-3.3-70B-Instruct",le="4096"} 333
inference_objective_response_sizes_bucket{model_name="meta-llama/Llama-3.3-70B-Instruct",target_model_name="meta-llama/Llama-3.3-70B-Instruct",le="8192"} 373
inference_objective_response_sizes_bucket{model_name="meta-llama/Llama-3.3-70B-Instruct",target_model_name="meta-llama/Llama-3.3-70B-Instruct",le="16384"} 422
inference_objective_response_sizes_bucket{model_name="meta-llama/Llama-3.3-70B-Instruct",target_model_name="meta-llama/Llama-3.3-70B-Instruct",le="32778"} 556
inference_objective_response_sizes_bucket{model_name="meta-llama/Llama-3.3-70B-Instruct",target_model_name="meta-llama/Llama-3.3-70B-Instruct",le="65536"} 1111
inference_objective_response_sizes_bucket{model_name="meta-llama/Llama-3.3-70B-Instruct",target_model_name="meta-llama/Llama-3.3-70B-Instruct",le="+Inf"} 4357
inference_objective_response_sizes_sum{model_name="meta-llama/Llama-3.3-70B-Instruct",target_model_name="meta-llama/Llama-3.3-70B-Instruct"} 4.51832874e+08
inference_objective_response_sizes_count{model_name="meta-llama/Llama-3.3-70B-Instruct",target_model_name="meta-llama/Llama-3.3-70B-Instruct"} 4357
# HELP inference_objective_running_requests [ALPHA] [Deprecated: Use llm_d_epp_request_running] Inference objective number of running requests in each model.
# TYPE inference_objective_running_requests gauge
inference_objective_running_requests{model_name="meta-llama/Llama-3.3-70B-Instruct"} 63
# HELP inference_pool_average_kv_cache_utilization [ALPHA] [Deprecated: Use llm_d_epp_average_kv_cache_utilization] The average kv cache utilization for an inference server pool.
# TYPE inference_pool_average_kv_cache_utilization gauge
inference_pool_average_kv_cache_utilization{name="meta-lla-888e33f1-instruct-router"} 0.16
# HELP inference_pool_average_queue_size [ALPHA] [Deprecated: Use llm_d_epp_average_queue_size] The average number of requests pending in the model server queue.
# TYPE inference_pool_average_queue_size gauge
inference_pool_average_queue_size{name="meta-lla-888e33f1-instruct-router"} 0
# HELP inference_pool_average_running_requests [ALPHA] [Deprecated: Use llm_d_epp_average_running_requests] The average number of running requests across model servers in the pool.
# TYPE inference_pool_average_running_requests gauge
inference_pool_average_running_requests{name="meta-lla-888e33f1-instruct-router"} 16
# HELP inference_pool_per_pod_queue_size [ALPHA] The total number of requests pending in the model server queue for each underlying pod.
# TYPE inference_pool_per_pod_queue_size gauge
inference_pool_per_pod_queue_size{model_server_pod="meta-lla-888e33f1-instruct-decode-558d9f5fd4-gpn7r-rank-0",name="meta-lla-888e33f1-instruct-router"} 1
inference_pool_per_pod_queue_size{model_server_pod="meta-lla-888e33f1-instruct-decode-558d9f5fd4-plptt-rank-0",name="meta-lla-888e33f1-instruct-router"} 0
inference_pool_per_pod_queue_size{model_server_pod="meta-lla-888e33f1-instruct-prefill-6cb8877bd8-g5fm9-rank-0",name="meta-lla-888e33f1-instruct-router"} 0
# HELP inference_pool_ready_pods [ALPHA] [Deprecated: Use llm_d_epp_ready_endpoints] The number of ready pods in the inference server pool.
# TYPE inference_pool_ready_pods gauge
inference_pool_ready_pods{name="meta-lla-888e33f1-instruct-router"} 3
# HELP llm_d_epp_average_kv_cache_utilization [ALPHA] The average kv cache utilization for an inference server pool.
# TYPE llm_d_epp_average_kv_cache_utilization gauge
llm_d_epp_average_kv_cache_utilization{name="meta-lla-888e33f1-instruct-router"} 0.16
# HELP llm_d_epp_average_queue_size [ALPHA] The average number of requests pending in the model server queue.
# TYPE llm_d_epp_average_queue_size gauge
llm_d_epp_average_queue_size{name="meta-lla-888e33f1-instruct-router"} 0
# HELP llm_d_epp_average_running_requests [ALPHA] The average number of running requests across model servers in the pool.
# TYPE llm_d_epp_average_running_requests gauge
llm_d_epp_average_running_requests{name="meta-lla-888e33f1-instruct-router"} 16
# HELP llm_d_epp_causal_slo_externality_argmin_duration_seconds [ALPHA] Wall time of the joint argmin itself. This is EPP-side work inside the TTFT being measured, and it grows with D + D*P candidates.
# TYPE llm_d_epp_causal_slo_externality_argmin_duration_seconds histogram
llm_d_epp_causal_slo_externality_argmin_duration_seconds_bucket{plugin_name="least-ttft-joint-picker",plugin_type="least-ttft-joint-picker",le="5e-05"} 4398
llm_d_epp_causal_slo_externality_argmin_duration_seconds_bucket{plugin_name="least-ttft-joint-picker",plugin_type="least-ttft-joint-picker",le="0.0001"} 4414
llm_d_epp_causal_slo_externality_argmin_duration_seconds_bucket{plugin_name="least-ttft-joint-picker",plugin_type="least-ttft-joint-picker",le="0.0002"} 4420
llm_d_epp_causal_slo_externality_argmin_duration_seconds_bucket{plugin_name="least-ttft-joint-picker",plugin_type="least-ttft-joint-picker",le="0.0004"} 4422
llm_d_epp_causal_slo_externality_argmin_duration_seconds_bucket{plugin_name="least-ttft-joint-picker",plugin_type="least-ttft-joint-picker",le="0.0008"} 4426
llm_d_epp_causal_slo_externality_argmin_duration_seconds_bucket{plugin_name="least-ttft-joint-picker",plugin_type="least-ttft-joint-picker",le="0.0016"} 4426
llm_d_epp_causal_slo_externality_argmin_duration_seconds_bucket{plugin_name="least-ttft-joint-picker",plugin_type="least-ttft-joint-picker",le="0.0032"} 4426
llm_d_epp_causal_slo_externality_argmin_duration_seconds_bucket{plugin_name="least-ttft-joint-picker",plugin_type="least-ttft-joint-picker",le="0.0064"} 4426
llm_d_epp_causal_slo_externality_argmin_duration_seconds_bucket{plugin_name="least-ttft-joint-picker",plugin_type="least-ttft-joint-picker",le="0.0128"} 4426
llm_d_epp_causal_slo_externality_argmin_duration_seconds_bucket{plugin_name="least-ttft-joint-picker",plugin_type="least-ttft-joint-picker",le="0.0256"} 4426
llm_d_epp_causal_slo_externality_argmin_duration_seconds_bucket{plugin_name="least-ttft-joint-picker",plugin_type="least-ttft-joint-picker",le="0.0512"} 4426
llm_d_epp_causal_slo_externality_argmin_duration_seconds_bucket{plugin_name="least-ttft-joint-picker",plugin_type="least-ttft-joint-picker",le="0.1024"} 4426
llm_d_epp_causal_slo_externality_argmin_duration_seconds_bucket{plugin_name="least-ttft-joint-picker",plugin_type="least-ttft-joint-picker",le="+Inf"} 4426
llm_d_epp_causal_slo_externality_argmin_duration_seconds_sum{plugin_name="least-ttft-joint-picker",plugin_type="least-ttft-joint-picker"} 0.08293609799999979
llm_d_epp_causal_slo_externality_argmin_duration_seconds_count{plugin_name="least-ttft-joint-picker",plugin_type="least-ttft-joint-picker"} 4426
# HELP llm_d_epp_causal_slo_externality_estimator_substitution_total [ALPHA] Total admission-delay estimates served by the rollforward substitute instead of the published scheduler rollout (degradation D1). Non-zero is expected at this pin: the engine's wait-queue contents have no route. A zero count means the estimator never ran.
# TYPE llm_d_epp_causal_slo_externality_estimator_substitution_total counter
llm_d_epp_causal_slo_externality_estimator_substitution_total{plugin_name="least-ttft-joint-handler",plugin_type="least-ttft-joint-handler"} 26556
# HELP llm_d_epp_causal_slo_externality_output_length_folded_total [ALPHA] Total realized output lengths folded into the per-class N_out mean, i.e. terminal response-body observations. The hook carries no termination state and the server forces a terminal call on abort, so an unknown share of these are TRUNCATED counts from requests that never completed, which biases N_out DOWN and the externality toward LOCAL. Read against the request total to bound that share.
# TYPE llm_d_epp_causal_slo_externality_output_length_folded_total counter
llm_d_epp_causal_slo_externality_output_length_folded_total{plugin_name="least-ttft-joint-handler",plugin_type="least-ttft-joint-handler"} 4363
# HELP llm_d_epp_causal_slo_externality_placement_total [ALPHA] Total placements the joint argmin chose, local versus disaggregated.
# TYPE llm_d_epp_causal_slo_externality_placement_total counter
llm_d_epp_causal_slo_externality_placement_total{placement="disaggregated",plugin_name="least-ttft-joint-picker",plugin_type="least-ttft-joint-picker"} 518
llm_d_epp_causal_slo_externality_placement_total{placement="local",plugin_name="least-ttft-joint-picker",plugin_type="least-ttft-joint-picker"} 3908
# HELP llm_d_epp_causal_slo_externality_shadow_table_entries [ALPHA] Current shadow-table entry count. Near zero under load means the resident populations are empty and every externality is therefore 0 -- the arm is running but the mechanism is not.
# TYPE llm_d_epp_causal_slo_externality_shadow_table_entries gauge
llm_d_epp_causal_slo_externality_shadow_table_entries{plugin_name="least-ttft-joint-handler",plugin_type="least-ttft-joint-handler"} 63
# HELP llm_d_epp_info [ALPHA] General information of the current build of Inference Extension.
# TYPE llm_d_epp_info gauge
llm_d_epp_info{build_ref="",commit="unknown"} 1
# HELP llm_d_epp_per_endpoint_queue_size [ALPHA] The total number of requests pending in the model server queue for each underlying endpoint.
# TYPE llm_d_epp_per_endpoint_queue_size gauge
llm_d_epp_per_endpoint_queue_size{model_server_endpoint="meta-lla-888e33f1-instruct-decode-558d9f5fd4-gpn7r-rank-0",name="meta-lla-888e33f1-instruct-router"} 1
llm_d_epp_per_endpoint_queue_size{model_server_endpoint="meta-lla-888e33f1-instruct-decode-558d9f5fd4-plptt-rank-0",name="meta-lla-888e33f1-instruct-router"} 0
llm_d_epp_per_endpoint_queue_size{model_server_endpoint="meta-lla-888e33f1-instruct-prefill-6cb8877bd8-g5fm9-rank-0",name="meta-lla-888e33f1-instruct-router"} 0
# HELP llm_d_epp_plugin_duration_seconds [ALPHA] Plugin processing latency distribution in seconds for each extension point, plugin type and plugin name.
# TYPE llm_d_epp_plugin_duration_seconds histogram
llm_d_epp_plugin_duration_seconds_bucket{extension_point="DataProducer",plugin_name="approx-prefix-cache-producer",plugin_type="approx-prefix-cache-producer",le="0.0001"} 4370
llm_d_epp_plugin_duration_seconds_bucket{extension_point="DataProducer",plugin_name="approx-prefix-cache-producer",plugin_type="approx-prefix-cache-producer",le="0.0002"} 4404
llm_d_epp_plugin_duration_seconds_bucket{extension_point="DataProducer",plugin_name="approx-prefix-cache-producer",plugin_type="approx-prefix-cache-producer",le="0.0005"} 4415
llm_d_epp_plugin_duration_seconds_bucket{extension_point="DataProducer",plugin_name="approx-prefix-cache-producer",plugin_type="approx-prefix-cache-producer",le="0.001"} 4421
llm_d_epp_plugin_duration_seconds_bucket{extension_point="DataProducer",plugin_name="approx-prefix-cache-producer",plugin_type="approx-prefix-cache-producer",le="0.002"} 4426
llm_d_epp_plugin_duration_seconds_bucket{extension_point="DataProducer",plugin_name="approx-prefix-cache-producer",plugin_type="approx-prefix-cache-producer",le="0.005"} 4426
llm_d_epp_plugin_duration_seconds_bucket{extension_point="DataProducer",plugin_name="approx-prefix-cache-producer",plugin_type="approx-prefix-cache-producer",le="0.01"} 4426
llm_d_epp_plugin_duration_seconds_bucket{extension_point="DataProducer",plugin_name="approx-prefix-cache-producer",plugin_type="approx-prefix-cache-producer",le="0.02"} 4426
llm_d_epp_plugin_duration_seconds_bucket{extension_point="DataProducer",plugin_name="approx-prefix-cache-producer",plugin_type="approx-prefix-cache-producer",le="0.05"} 4426
llm_d_epp_plugin_duration_seconds_bucket{extension_point="DataProducer",plugin_name="approx-prefix-cache-producer",plugin_type="approx-prefix-cache-producer",le="0.1"} 4426
llm_d_epp_plugin_duration_seconds_bucket{extension_point="DataProducer",plugin_name="approx-prefix-cache-producer",plugin_type="approx-prefix-cache-producer",le="+Inf"} 4426
llm_d_epp_plugin_duration_seconds_sum{extension_point="DataProducer",plugin_name="approx-prefix-cache-producer",plugin_type="approx-prefix-cache-producer"} 0.26848385999999946
llm_d_epp_plugin_duration_seconds_count{extension_point="DataProducer",plugin_name="approx-prefix-cache-producer",plugin_type="approx-prefix-cache-producer"} 4426
llm_d_epp_plugin_duration_seconds_bucket{extension_point="DataProducer",plugin_name="token-producer",plugin_type="token-producer",le="0.0001"} 0
llm_d_epp_plugin_duration_seconds_bucket{extension_point="DataProducer",plugin_name="token-producer",plugin_type="token-producer",le="0.0002"} 0
llm_d_epp_plugin_duration_seconds_bucket{extension_point="DataProducer",plugin_name="token-producer",plugin_type="token-producer",le="0.0005"} 0
llm_d_epp_plugin_duration_seconds_bucket{extension_point="DataProducer",plugin_name="token-producer",plugin_type="token-producer",le="0.001"} 0
llm_d_epp_plugin_duration_seconds_bucket{extension_point="DataProducer",plugin_name="token-producer",plugin_type="token-producer",le="0.002"} 0
llm_d_epp_plugin_duration_seconds_bucket{extension_point="DataProducer",plugin_name="token-producer",plugin_type="token-producer",le="0.005"} 212
llm_d_epp_plugin_duration_seconds_bucket{extension_point="DataProducer",plugin_name="token-producer",plugin_type="token-producer",le="0.01"} 2842
llm_d_epp_plugin_duration_seconds_bucket{extension_point="DataProducer",plugin_name="token-producer",plugin_type="token-producer",le="0.02"} 4360
llm_d_epp_plugin_duration_seconds_bucket{extension_point="DataProducer",plugin_name="token-producer",plugin_type="token-producer",le="0.05"} 4426
llm_d_epp_plugin_duration_seconds_bucket{extension_point="DataProducer",plugin_name="token-producer",plugin_type="token-producer",le="0.1"} 4426
llm_d_epp_plugin_duration_seconds_bucket{extension_point="DataProducer",plugin_name="token-producer",plugin_type="token-producer",le="+Inf"} 4426
llm_d_epp_plugin_duration_seconds_sum{extension_point="DataProducer",plugin_name="token-producer",plugin_type="token-producer"} 42.59769547699998
llm_d_epp_plugin_duration_seconds_count{extension_point="DataProducer",plugin_name="token-producer",plugin_type="token-producer"} 4426
llm_d_epp_plugin_duration_seconds_bucket{extension_point="Filter",plugin_name="least-ttft-joint-picker",plugin_type="least-ttft-joint-picker",le="0.0001"} 4325
llm_d_epp_plugin_duration_seconds_bucket{extension_point="Filter",plugin_name="least-ttft-joint-picker",plugin_type="least-ttft-joint-picker",le="0.0002"} 4398
llm_d_epp_plugin_duration_seconds_bucket{extension_point="Filter",plugin_name="least-ttft-joint-picker",plugin_type="least-ttft-joint-picker",le="0.0005"} 4412
llm_d_epp_plugin_duration_seconds_bucket{extension_point="Filter",plugin_name="least-ttft-joint-picker",plugin_type="least-ttft-joint-picker",le="0.001"} 4422
llm_d_epp_plugin_duration_seconds_bucket{extension_point="Filter",plugin_name="least-ttft-joint-picker",plugin_type="least-ttft-joint-picker",le="0.002"} 4426
llm_d_epp_plugin_duration_seconds_bucket{extension_point="Filter",plugin_name="least-ttft-joint-picker",plugin_type="least-ttft-joint-picker",le="0.005"} 4426
llm_d_epp_plugin_duration_seconds_bucket{extension_point="Filter",plugin_name="least-ttft-joint-picker",plugin_type="least-ttft-joint-picker",le="0.01"} 4426
llm_d_epp_plugin_duration_seconds_bucket{extension_point="Filter",plugin_name="least-ttft-joint-picker",plugin_type="least-ttft-joint-picker",le="0.02"} 4426
llm_d_epp_plugin_duration_seconds_bucket{extension_point="Filter",plugin_name="least-ttft-joint-picker",plugin_type="least-ttft-joint-picker",le="0.05"} 4426
llm_d_epp_plugin_duration_seconds_bucket{extension_point="Filter",plugin_name="least-ttft-joint-picker",plugin_type="least-ttft-joint-picker",le="0.1"} 4426
llm_d_epp_plugin_duration_seconds_bucket{extension_point="Filter",plugin_name="least-ttft-joint-picker",plugin_type="least-ttft-joint-picker",le="+Inf"} 4426
llm_d_epp_plugin_duration_seconds_sum{extension_point="Filter",plugin_name="least-ttft-joint-picker",plugin_type="least-ttft-joint-picker"} 0.2612279260000004
llm_d_epp_plugin_duration_seconds_count{extension_point="Filter",plugin_name="least-ttft-joint-picker",plugin_type="least-ttft-joint-picker"} 4426
llm_d_epp_plugin_duration_seconds_bucket{extension_point="Picker",plugin_name="least-ttft-joint-picker",plugin_type="least-ttft-joint-picker",le="0.0001"} 4216
llm_d_epp_plugin_duration_seconds_bucket{extension_point="Picker",plugin_name="least-ttft-joint-picker",plugin_type="least-ttft-joint-picker",le="0.0002"} 4385
llm_d_epp_plugin_duration_seconds_bucket{extension_point="Picker",plugin_name="least-ttft-joint-picker",plugin_type="least-ttft-joint-picker",le="0.0005"} 4417
llm_d_epp_plugin_duration_seconds_bucket{extension_point="Picker",plugin_name="least-ttft-joint-picker",plugin_type="least-ttft-joint-picker",le="0.001"} 4421
llm_d_epp_plugin_duration_seconds_bucket{extension_point="Picker",plugin_name="least-ttft-joint-picker",plugin_type="least-ttft-joint-picker",le="0.002"} 4424
llm_d_epp_plugin_duration_seconds_bucket{extension_point="Picker",plugin_name="least-ttft-joint-picker",plugin_type="least-ttft-joint-picker",le="0.005"} 4426
llm_d_epp_plugin_duration_seconds_bucket{extension_point="Picker",plugin_name="least-ttft-joint-picker",plugin_type="least-ttft-joint-picker",le="0.01"} 4426
llm_d_epp_plugin_duration_seconds_bucket{extension_point="Picker",plugin_name="least-ttft-joint-picker",plugin_type="least-ttft-joint-picker",le="0.02"} 4426
llm_d_epp_plugin_duration_seconds_bucket{extension_point="Picker",plugin_name="least-ttft-joint-picker",plugin_type="least-ttft-joint-picker",le="0.05"} 4426
llm_d_epp_plugin_duration_seconds_bucket{extension_point="Picker",plugin_name="least-ttft-joint-picker",plugin_type="least-ttft-joint-picker",le="0.1"} 4426
llm_d_epp_plugin_duration_seconds_bucket{extension_point="Picker",plugin_name="least-ttft-joint-picker",plugin_type="least-ttft-joint-picker",le="+Inf"} 4426
llm_d_epp_plugin_duration_seconds_sum{extension_point="Picker",plugin_name="least-ttft-joint-picker",plugin_type="least-ttft-joint-picker"} 0.33571834900000014
llm_d_epp_plugin_duration_seconds_count{extension_point="Picker",plugin_name="least-ttft-joint-picker",plugin_type="least-ttft-joint-picker"} 4426
llm_d_epp_plugin_duration_seconds_bucket{extension_point="PreRequest",plugin_name="approx-prefix-cache-producer",plugin_type="approx-prefix-cache-producer",le="0.0001"} 4422
llm_d_epp_plugin_duration_seconds_bucket{extension_point="PreRequest",plugin_name="approx-prefix-cache-producer",plugin_type="approx-prefix-cache-producer",le="0.0002"} 4423
llm_d_epp_plugin_duration_seconds_bucket{extension_point="PreRequest",plugin_name="approx-prefix-cache-producer",plugin_type="approx-prefix-cache-producer",le="0.0005"} 4425
llm_d_epp_plugin_duration_seconds_bucket{extension_point="PreRequest",plugin_name="approx-prefix-cache-producer",plugin_type="approx-prefix-cache-producer",le="0.001"} 4426
llm_d_epp_plugin_duration_seconds_bucket{extension_point="PreRequest",plugin_name="approx-prefix-cache-producer",plugin_type="approx-prefix-cache-producer",le="0.002"} 4426
llm_d_epp_plugin_duration_seconds_bucket{extension_point="PreRequest",plugin_name="approx-prefix-cache-producer",plugin_type="approx-prefix-cache-producer",le="0.005"} 4426
llm_d_epp_plugin_duration_seconds_bucket{extension_point="PreRequest",plugin_name="approx-prefix-cache-producer",plugin_type="approx-prefix-cache-producer",le="0.01"} 4426
llm_d_epp_plugin_duration_seconds_bucket{extension_point="PreRequest",plugin_name="approx-prefix-cache-producer",plugin_type="approx-prefix-cache-producer",le="0.02"} 4426
llm_d_epp_plugin_duration_seconds_bucket{extension_point="PreRequest",plugin_name="approx-prefix-cache-producer",plugin_type="approx-prefix-cache-producer",le="0.05"} 4426
llm_d_epp_plugin_duration_seconds_bucket{extension_point="PreRequest",plugin_name="approx-prefix-cache-producer",plugin_type="approx-prefix-cache-producer",le="0.1"} 4426
llm_d_epp_plugin_duration_seconds_bucket{extension_point="PreRequest",plugin_name="approx-prefix-cache-producer",plugin_type="approx-prefix-cache-producer",le="+Inf"} 4426
llm_d_epp_plugin_duration_seconds_sum{extension_point="PreRequest",plugin_name="approx-prefix-cache-producer",plugin_type="approx-prefix-cache-producer"} 0.04867559499999997
llm_d_epp_plugin_duration_seconds_count{extension_point="PreRequest",plugin_name="approx-prefix-cache-producer",plugin_type="approx-prefix-cache-producer"} 4426
llm_d_epp_plugin_duration_seconds_bucket{extension_point="PreRequest",plugin_name="least-ttft-joint-handler",plugin_type="least-ttft-joint-handler",le="0.0001"} 4425
llm_d_epp_plugin_duration_seconds_bucket{extension_point="PreRequest",plugin_name="least-ttft-joint-handler",plugin_type="least-ttft-joint-handler",le="0.0002"} 4426
llm_d_epp_plugin_duration_seconds_bucket{extension_point="PreRequest",plugin_name="least-ttft-joint-handler",plugin_type="least-ttft-joint-handler",le="0.0005"} 4426
llm_d_epp_plugin_duration_seconds_bucket{extension_point="PreRequest",plugin_name="least-ttft-joint-handler",plugin_type="least-ttft-joint-handler",le="0.001"} 4426
llm_d_epp_plugin_duration_seconds_bucket{extension_point="PreRequest",plugin_name="least-ttft-joint-handler",plugin_type="least-ttft-joint-handler",le="0.002"} 4426
llm_d_epp_plugin_duration_seconds_bucket{extension_point="PreRequest",plugin_name="least-ttft-joint-handler",plugin_type="least-ttft-joint-handler",le="0.005"} 4426
llm_d_epp_plugin_duration_seconds_bucket{extension_point="PreRequest",plugin_name="least-ttft-joint-handler",plugin_type="least-ttft-joint-handler",le="0.01"} 4426
llm_d_epp_plugin_duration_seconds_bucket{extension_point="PreRequest",plugin_name="least-ttft-joint-handler",plugin_type="least-ttft-joint-handler",le="0.02"} 4426
llm_d_epp_plugin_duration_seconds_bucket{extension_point="PreRequest",plugin_name="least-ttft-joint-handler",plugin_type="least-ttft-joint-handler",le="0.05"} 4426
llm_d_epp_plugin_duration_seconds_bucket{extension_point="PreRequest",plugin_name="least-ttft-joint-handler",plugin_type="least-ttft-joint-handler",le="0.1"} 4426
llm_d_epp_plugin_duration_seconds_bucket{extension_point="PreRequest",plugin_name="least-ttft-joint-handler",plugin_type="least-ttft-joint-handler",le="+Inf"} 4426
llm_d_epp_plugin_duration_seconds_sum{extension_point="PreRequest",plugin_name="least-ttft-joint-handler",plugin_type="least-ttft-joint-handler"} 0.007261326000000008
llm_d_epp_plugin_duration_seconds_count{extension_point="PreRequest",plugin_name="least-ttft-joint-handler",plugin_type="least-ttft-joint-handler"} 4426
llm_d_epp_plugin_duration_seconds_bucket{extension_point="ProcessProfilesResults",plugin_name="least-ttft-joint-handler",plugin_type="least-ttft-joint-handler",le="0.0001"} 4415
llm_d_epp_plugin_duration_seconds_bucket{extension_point="ProcessProfilesResults",plugin_name="least-ttft-joint-handler",plugin_type="least-ttft-joint-handler",le="0.0002"} 4422
llm_d_epp_plugin_duration_seconds_bucket{extension_point="ProcessProfilesResults",plugin_name="least-ttft-joint-handler",plugin_type="least-ttft-joint-handler",le="0.0005"} 4426
llm_d_epp_plugin_duration_seconds_bucket{extension_point="ProcessProfilesResults",plugin_name="least-ttft-joint-handler",plugin_type="least-ttft-joint-handler",le="0.001"} 4426
llm_d_epp_plugin_duration_seconds_bucket{extension_point="ProcessProfilesResults",plugin_name="least-ttft-joint-handler",plugin_type="least-ttft-joint-handler",le="0.002"} 4426
llm_d_epp_plugin_duration_seconds_bucket{extension_point="ProcessProfilesResults",plugin_name="least-ttft-joint-handler",plugin_type="least-ttft-joint-handler",le="0.005"} 4426
llm_d_epp_plugin_duration_seconds_bucket{extension_point="ProcessProfilesResults",plugin_name="least-ttft-joint-handler",plugin_type="least-ttft-joint-handler",le="0.01"} 4426
llm_d_epp_plugin_duration_seconds_bucket{extension_point="ProcessProfilesResults",plugin_name="least-ttft-joint-handler",plugin_type="least-ttft-joint-handler",le="0.02"} 4426
llm_d_epp_plugin_duration_seconds_bucket{extension_point="ProcessProfilesResults",plugin_name="least-ttft-joint-handler",plugin_type="least-ttft-joint-handler",le="0.05"} 4426
llm_d_epp_plugin_duration_seconds_bucket{extension_point="ProcessProfilesResults",plugin_name="least-ttft-joint-handler",plugin_type="least-ttft-joint-handler",le="0.1"} 4426
llm_d_epp_plugin_duration_seconds_bucket{extension_point="ProcessProfilesResults",plugin_name="least-ttft-joint-handler",plugin_type="least-ttft-joint-handler",le="+Inf"} 4426
llm_d_epp_plugin_duration_seconds_sum{extension_point="ProcessProfilesResults",plugin_name="least-ttft-joint-handler",plugin_type="least-ttft-joint-handler"} 0.04944885299999989
llm_d_epp_plugin_duration_seconds_count{extension_point="ProcessProfilesResults",plugin_name="least-ttft-joint-handler",plugin_type="least-ttft-joint-handler"} 4426
llm_d_epp_plugin_duration_seconds_bucket{extension_point="ProfilePicker",plugin_name="least-ttft-joint-handler",plugin_type="least-ttft-joint-handler",le="0.0001"} 8852
llm_d_epp_plugin_duration_seconds_bucket{extension_point="ProfilePicker",plugin_name="least-ttft-joint-handler",plugin_type="least-ttft-joint-handler",le="0.0002"} 8852
llm_d_epp_plugin_duration_seconds_bucket{extension_point="ProfilePicker",plugin_name="least-ttft-joint-handler",plugin_type="least-ttft-joint-handler",le="0.0005"} 8852
llm_d_epp_plugin_duration_seconds_bucket{extension_point="ProfilePicker",plugin_name="least-ttft-joint-handler",plugin_type="least-ttft-joint-handler",le="0.001"} 8852
llm_d_epp_plugin_duration_seconds_bucket{extension_point="ProfilePicker",plugin_name="least-ttft-joint-handler",plugin_type="least-ttft-joint-handler",le="0.002"} 8852
llm_d_epp_plugin_duration_seconds_bucket{extension_point="ProfilePicker",plugin_name="least-ttft-joint-handler",plugin_type="least-ttft-joint-handler",le="0.005"} 8852
llm_d_epp_plugin_duration_seconds_bucket{extension_point="ProfilePicker",plugin_name="least-ttft-joint-handler",plugin_type="least-ttft-joint-handler",le="0.01"} 8852
llm_d_epp_plugin_duration_seconds_bucket{extension_point="ProfilePicker",plugin_name="least-ttft-joint-handler",plugin_type="least-ttft-joint-handler",le="0.02"} 8852
llm_d_epp_plugin_duration_seconds_bucket{extension_point="ProfilePicker",plugin_name="least-ttft-joint-handler",plugin_type="least-ttft-joint-handler",le="0.05"} 8852
llm_d_epp_plugin_duration_seconds_bucket{extension_point="ProfilePicker",plugin_name="least-ttft-joint-handler",plugin_type="least-ttft-joint-handler",le="0.1"} 8852
llm_d_epp_plugin_duration_seconds_bucket{extension_point="ProfilePicker",plugin_name="least-ttft-joint-handler",plugin_type="least-ttft-joint-handler",le="+Inf"} 8852
llm_d_epp_plugin_duration_seconds_sum{extension_point="ProfilePicker",plugin_name="least-ttft-joint-handler",plugin_type="least-ttft-joint-handler"} 0.006964401999999997
llm_d_epp_plugin_duration_seconds_count{extension_point="ProfilePicker",plugin_name="least-ttft-joint-handler",plugin_type="least-ttft-joint-handler"} 8852
llm_d_epp_plugin_duration_seconds_bucket{extension_point="RequestParsing",plugin_name="openai-parser",plugin_type="openai-parser",le="0.0001"} 240
llm_d_epp_plugin_duration_seconds_bucket{extension_point="RequestParsing",plugin_name="openai-parser",plugin_type="openai-parser",le="0.0002"} 1537
llm_d_epp_plugin_duration_seconds_bucket{extension_point="RequestParsing",plugin_name="openai-parser",plugin_type="openai-parser",le="0.0005"} 4150
llm_d_epp_plugin_duration_seconds_bucket{extension_point="RequestParsing",plugin_name="openai-parser",plugin_type="openai-parser",le="0.001"} 4414
llm_d_epp_plugin_duration_seconds_bucket{extension_point="RequestParsing",plugin_name="openai-parser",plugin_type="openai-parser",le="0.002"} 4426
llm_d_epp_plugin_duration_seconds_bucket{extension_point="RequestParsing",plugin_name="openai-parser",plugin_type="openai-parser",le="0.005"} 4426
llm_d_epp_plugin_duration_seconds_bucket{extension_point="RequestParsing",plugin_name="openai-parser",plugin_type="openai-parser",le="0.01"} 4426
llm_d_epp_plugin_duration_seconds_bucket{extension_point="RequestParsing",plugin_name="openai-parser",plugin_type="openai-parser",le="0.02"} 4426
llm_d_epp_plugin_duration_seconds_bucket{extension_point="RequestParsing",plugin_name="openai-parser",plugin_type="openai-parser",le="0.05"} 4426
llm_d_epp_plugin_duration_seconds_bucket{extension_point="RequestParsing",plugin_name="openai-parser",plugin_type="openai-parser",le="0.1"} 4426
llm_d_epp_plugin_duration_seconds_bucket{extension_point="RequestParsing",plugin_name="openai-parser",plugin_type="openai-parser",le="+Inf"} 4426
llm_d_epp_plugin_duration_seconds_sum{extension_point="RequestParsing",plugin_name="openai-parser",plugin_type="openai-parser"} 1.1698880740000022
llm_d_epp_plugin_duration_seconds_count{extension_point="RequestParsing",plugin_name="openai-parser",plugin_type="openai-parser"} 4426
llm_d_epp_plugin_duration_seconds_bucket{extension_point="ResponseParsing",plugin_name="openai-parser",plugin_type="openai-parser",le="0.0001"} 1.248814e+06
llm_d_epp_plugin_duration_seconds_bucket{extension_point="ResponseParsing",plugin_name="openai-parser",plugin_type="openai-parser",le="0.0002"} 1.249489e+06
llm_d_epp_plugin_duration_seconds_bucket{extension_point="ResponseParsing",plugin_name="openai-parser",plugin_type="openai-parser",le="0.0005"} 1.249935e+06
llm_d_epp_plugin_duration_seconds_bucket{extension_point="ResponseParsing",plugin_name="openai-parser",plugin_type="openai-parser",le="0.001"} 1.250166e+06
llm_d_epp_plugin_duration_seconds_bucket{extension_point="ResponseParsing",plugin_name="openai-parser",plugin_type="openai-parser",le="0.002"} 1.250435e+06
llm_d_epp_plugin_duration_seconds_bucket{extension_point="ResponseParsing",plugin_name="openai-parser",plugin_type="openai-parser",le="0.005"} 1.250467e+06
llm_d_epp_plugin_duration_seconds_bucket{extension_point="ResponseParsing",plugin_name="openai-parser",plugin_type="openai-parser",le="0.01"} 1.250469e+06
llm_d_epp_plugin_duration_seconds_bucket{extension_point="ResponseParsing",plugin_name="openai-parser",plugin_type="openai-parser",le="0.02"} 1.250469e+06
llm_d_epp_plugin_duration_seconds_bucket{extension_point="ResponseParsing",plugin_name="openai-parser",plugin_type="openai-parser",le="0.05"} 1.250471e+06
llm_d_epp_plugin_duration_seconds_bucket{extension_point="ResponseParsing",plugin_name="openai-parser",plugin_type="openai-parser",le="0.1"} 1.250471e+06
llm_d_epp_plugin_duration_seconds_bucket{extension_point="ResponseParsing",plugin_name="openai-parser",plugin_type="openai-parser",le="+Inf"} 1.250471e+06
llm_d_epp_plugin_duration_seconds_sum{extension_point="ResponseParsing",plugin_name="openai-parser",plugin_type="openai-parser"} 12.0015128399993
llm_d_epp_plugin_duration_seconds_count{extension_point="ResponseParsing",plugin_name="openai-parser",plugin_type="openai-parser"} 1.250471e+06
llm_d_epp_plugin_duration_seconds_bucket{extension_point="ResponseStreaming",plugin_name="least-ttft-joint-handler",plugin_type="least-ttft-joint-handler",le="0.0001"} 1.25038e+06
llm_d_epp_plugin_duration_seconds_bucket{extension_point="ResponseStreaming",plugin_name="least-ttft-joint-handler",plugin_type="least-ttft-joint-handler",le="0.0002"} 1.250449e+06
llm_d_epp_plugin_duration_seconds_bucket{extension_point="ResponseStreaming",plugin_name="least-ttft-joint-handler",plugin_type="least-ttft-joint-handler",le="0.0005"} 1.250469e+06
llm_d_epp_plugin_duration_seconds_bucket{extension_point="ResponseStreaming",plugin_name="least-ttft-joint-handler",plugin_type="least-ttft-joint-handler",le="0.001"} 1.250475e+06
llm_d_epp_plugin_duration_seconds_bucket{extension_point="ResponseStreaming",plugin_name="least-ttft-joint-handler",plugin_type="least-ttft-joint-handler",le="0.002"} 1.250477e+06
llm_d_epp_plugin_duration_seconds_bucket{extension_point="ResponseStreaming",plugin_name="least-ttft-joint-handler",plugin_type="least-ttft-joint-handler",le="0.005"} 1.250477e+06
llm_d_epp_plugin_duration_seconds_bucket{extension_point="ResponseStreaming",plugin_name="least-ttft-joint-handler",plugin_type="least-ttft-joint-handler",le="0.01"} 1.250477e+06
llm_d_epp_plugin_duration_seconds_bucket{extension_point="ResponseStreaming",plugin_name="least-ttft-joint-handler",plugin_type="least-ttft-joint-handler",le="0.02"} 1.250477e+06
llm_d_epp_plugin_duration_seconds_bucket{extension_point="ResponseStreaming",plugin_name="least-ttft-joint-handler",plugin_type="least-ttft-joint-handler",le="0.05"} 1.250477e+06
llm_d_epp_plugin_duration_seconds_bucket{extension_point="ResponseStreaming",plugin_name="least-ttft-joint-handler",plugin_type="least-ttft-joint-handler",le="0.1"} 1.250477e+06
llm_d_epp_plugin_duration_seconds_bucket{extension_point="ResponseStreaming",plugin_name="least-ttft-joint-handler",plugin_type="least-ttft-joint-handler",le="+Inf"} 1.250477e+06
llm_d_epp_plugin_duration_seconds_sum{extension_point="ResponseStreaming",plugin_name="least-ttft-joint-handler",plugin_type="least-ttft-joint-handler"} 1.0881020139999953
llm_d_epp_plugin_duration_seconds_count{extension_point="ResponseStreaming",plugin_name="least-ttft-joint-handler",plugin_type="least-ttft-joint-handler"} 1.250477e+06
# HELP llm_d_epp_prefix_indexer_hit_bytes [ALPHA] Length of the prefix match in number of bytes in the cache lookup.
# TYPE llm_d_epp_prefix_indexer_hit_bytes histogram
llm_d_epp_prefix_indexer_hit_bytes_bucket{plugin_name="approx-prefix-cache-producer",plugin_type="approx-prefix-cache-producer",le="0"} 103
llm_d_epp_prefix_indexer_hit_bytes_bucket{plugin_name="approx-prefix-cache-producer",plugin_type="approx-prefix-cache-producer",le="16"} 103
llm_d_epp_prefix_indexer_hit_bytes_bucket{plugin_name="approx-prefix-cache-producer",plugin_type="approx-prefix-cache-producer",le="32"} 103
llm_d_epp_prefix_indexer_hit_bytes_bucket{plugin_name="approx-prefix-cache-producer",plugin_type="approx-prefix-cache-producer",le="64"} 103
llm_d_epp_prefix_indexer_hit_bytes_bucket{plugin_name="approx-prefix-cache-producer",plugin_type="approx-prefix-cache-producer",le="128"} 103
llm_d_epp_prefix_indexer_hit_bytes_bucket{plugin_name="approx-prefix-cache-producer",plugin_type="approx-prefix-cache-producer",le="256"} 103
llm_d_epp_prefix_indexer_hit_bytes_bucket{plugin_name="approx-prefix-cache-producer",plugin_type="approx-prefix-cache-producer",le="512"} 103
llm_d_epp_prefix_indexer_hit_bytes_bucket{plugin_name="approx-prefix-cache-producer",plugin_type="approx-prefix-cache-producer",le="1024"} 103
llm_d_epp_prefix_indexer_hit_bytes_bucket{plugin_name="approx-prefix-cache-producer",plugin_type="approx-prefix-cache-producer",le="2048"} 338
llm_d_epp_prefix_indexer_hit_bytes_bucket{plugin_name="approx-prefix-cache-producer",plugin_type="approx-prefix-cache-producer",le="4096"} 338
llm_d_epp_prefix_indexer_hit_bytes_bucket{plugin_name="approx-prefix-cache-producer",plugin_type="approx-prefix-cache-producer",le="8192"} 4426
llm_d_epp_prefix_indexer_hit_bytes_bucket{plugin_name="approx-prefix-cache-producer",plugin_type="approx-prefix-cache-producer",le="16384"} 4426
llm_d_epp_prefix_indexer_hit_bytes_bucket{plugin_name="approx-prefix-cache-producer",plugin_type="approx-prefix-cache-producer",le="32768"} 4426
llm_d_epp_prefix_indexer_hit_bytes_bucket{plugin_name="approx-prefix-cache-producer",plugin_type="approx-prefix-cache-producer",le="65536"} 4426
llm_d_epp_prefix_indexer_hit_bytes_bucket{plugin_name="approx-prefix-cache-producer",plugin_type="approx-prefix-cache-producer",le="+Inf"} 4426
llm_d_epp_prefix_indexer_hit_bytes_sum{plugin_name="approx-prefix-cache-producer",plugin_type="approx-prefix-cache-producer"} 2.6838528e+07
llm_d_epp_prefix_indexer_hit_bytes_count{plugin_name="approx-prefix-cache-producer",plugin_type="approx-prefix-cache-producer"} 4426
# HELP llm_d_epp_prefix_indexer_hit_ratio [ALPHA] Ratio of prefix length matched to total prefix length in the cache lookup.
# TYPE llm_d_epp_prefix_indexer_hit_ratio histogram
llm_d_epp_prefix_indexer_hit_ratio_bucket{plugin_name="approx-prefix-cache-producer",plugin_type="approx-prefix-cache-producer",le="0"} 103
llm_d_epp_prefix_indexer_hit_ratio_bucket{plugin_name="approx-prefix-cache-producer",plugin_type="approx-prefix-cache-producer",le="0.1"} 107
llm_d_epp_prefix_indexer_hit_ratio_bucket{plugin_name="approx-prefix-cache-producer",plugin_type="approx-prefix-cache-producer",le="0.2"} 514
llm_d_epp_prefix_indexer_hit_ratio_bucket{plugin_name="approx-prefix-cache-producer",plugin_type="approx-prefix-cache-producer",le="0.3"} 1476
llm_d_epp_prefix_indexer_hit_ratio_bucket{plugin_name="approx-prefix-cache-producer",plugin_type="approx-prefix-cache-producer",le="0.4"} 2522
llm_d_epp_prefix_indexer_hit_ratio_bucket{plugin_name="approx-prefix-cache-producer",plugin_type="approx-prefix-cache-producer",le="0.5"} 3290
llm_d_epp_prefix_indexer_hit_ratio_bucket{plugin_name="approx-prefix-cache-producer",plugin_type="approx-prefix-cache-producer",le="0.6"} 3772
llm_d_epp_prefix_indexer_hit_ratio_bucket{plugin_name="approx-prefix-cache-producer",plugin_type="approx-prefix-cache-producer",le="0.7"} 4013
llm_d_epp_prefix_indexer_hit_ratio_bucket{plugin_name="approx-prefix-cache-producer",plugin_type="approx-prefix-cache-producer",le="0.8"} 4126
llm_d_epp_prefix_indexer_hit_ratio_bucket{plugin_name="approx-prefix-cache-producer",plugin_type="approx-prefix-cache-producer",le="0.9"} 4177
llm_d_epp_prefix_indexer_hit_ratio_bucket{plugin_name="approx-prefix-cache-producer",plugin_type="approx-prefix-cache-producer",le="1"} 4426
llm_d_epp_prefix_indexer_hit_ratio_bucket{plugin_name="approx-prefix-cache-producer",plugin_type="approx-prefix-cache-producer",le="+Inf"} 4426
llm_d_epp_prefix_indexer_hit_ratio_sum{plugin_name="approx-prefix-cache-producer",plugin_type="approx-prefix-cache-producer"} 1813.4458315012625
llm_d_epp_prefix_indexer_hit_ratio_count{plugin_name="approx-prefix-cache-producer",plugin_type="approx-prefix-cache-producer"} 4426
# HELP llm_d_epp_prefix_indexer_size [ALPHA] Size of the prefix indexer.
# TYPE llm_d_epp_prefix_indexer_size gauge
llm_d_epp_prefix_indexer_size{plugin_name="approx-prefix-cache-producer",plugin_type="approx-prefix-cache-producer"} 80061
# HELP llm_d_epp_ready_endpoints [ALPHA] The number of ready endpoints in the inference server pool.
# TYPE llm_d_epp_ready_endpoints gauge
llm_d_epp_ready_endpoints{name="meta-lla-888e33f1-instruct-router"} 3
# HELP llm_d_epp_request_cached_tokens [ALPHA] Distribution of prompt tokens read from cache per request, as reported by the model server in the response.
# TYPE llm_d_epp_request_cached_tokens histogram
llm_d_epp_request_cached_tokens_bucket{fairness_id="interactive-users",model_name="meta-llama/Llama-3.3-70B-Instruct",priority="3",target_model_name="meta-llama/Llama-3.3-70B-Instruct",le="1"} 148360
llm_d_epp_request_cached_tokens_bucket{fairness_id="interactive-users",model_name="meta-llama/Llama-3.3-70B-Instruct",priority="3",target_model_name="meta-llama/Llama-3.3-70B-Instruct",le="8"} 148360
llm_d_epp_request_cached_tokens_bucket{fairness_id="interactive-users",model_name="meta-llama/Llama-3.3-70B-Instruct",priority="3",target_model_name="meta-llama/Llama-3.3-70B-Instruct",le="16"} 148360
llm_d_epp_request_cached_tokens_bucket{fairness_id="interactive-users",model_name="meta-llama/Llama-3.3-70B-Instruct",priority="3",target_model_name="meta-llama/Llama-3.3-70B-Instruct",le="32"} 148360
llm_d_epp_request_cached_tokens_bucket{fairness_id="interactive-users",model_name="meta-llama/Llama-3.3-70B-Instruct",priority="3",target_model_name="meta-llama/Llama-3.3-70B-Instruct",le="64"} 148360
llm_d_epp_request_cached_tokens_bucket{fairness_id="interactive-users",model_name="meta-llama/Llama-3.3-70B-Instruct",priority="3",target_model_name="meta-llama/Llama-3.3-70B-Instruct",le="128"} 148360
llm_d_epp_request_cached_tokens_bucket{fairness_id="interactive-users",model_name="meta-llama/Llama-3.3-70B-Instruct",priority="3",target_model_name="meta-llama/Llama-3.3-70B-Instruct",le="256"} 148360
llm_d_epp_request_cached_tokens_bucket{fairness_id="interactive-users",model_name="meta-llama/Llama-3.3-70B-Instruct",priority="3",target_model_name="meta-llama/Llama-3.3-70B-Instruct",le="512"} 148360
llm_d_epp_request_cached_tokens_bucket{fairness_id="interactive-users",model_name="meta-llama/Llama-3.3-70B-Instruct",priority="3",target_model_name="meta-llama/Llama-3.3-70B-Instruct",le="1024"} 148360
llm_d_epp_request_cached_tokens_bucket{fairness_id="interactive-users",model_name="meta-llama/Llama-3.3-70B-Instruct",priority="3",target_model_name="meta-llama/Llama-3.3-70B-Instruct",le="2048"} 148360
llm_d_epp_request_cached_tokens_bucket{fairness_id="interactive-users",model_name="meta-llama/Llama-3.3-70B-Instruct",priority="3",target_model_name="meta-llama/Llama-3.3-70B-Instruct",le="4096"} 148360
llm_d_epp_request_cached_tokens_bucket{fairness_id="interactive-users",model_name="meta-llama/Llama-3.3-70B-Instruct",priority="3",target_model_name="meta-llama/Llama-3.3-70B-Instruct",le="8192"} 148360
llm_d_epp_request_cached_tokens_bucket{fairness_id="interactive-users",model_name="meta-llama/Llama-3.3-70B-Instruct",priority="3",target_model_name="meta-llama/Llama-3.3-70B-Instruct",le="16384"} 148360
llm_d_epp_request_cached_tokens_bucket{fairness_id="interactive-users",model_name="meta-llama/Llama-3.3-70B-Instruct",priority="3",target_model_name="meta-llama/Llama-3.3-70B-Instruct",le="32778"} 148360
llm_d_epp_request_cached_tokens_bucket{fairness_id="interactive-users",model_name="meta-llama/Llama-3.3-70B-Instruct",priority="3",target_model_name="meta-llama/Llama-3.3-70B-Instruct",le="65536"} 148360
llm_d_epp_request_cached_tokens_bucket{fairness_id="interactive-users",model_name="meta-llama/Llama-3.3-70B-Instruct",priority="3",target_model_name="meta-llama/Llama-3.3-70B-Instruct",le="131072"} 148360
llm_d_epp_request_cached_tokens_bucket{fairness_id="interactive-users",model_name="meta-llama/Llama-3.3-70B-Instruct",priority="3",target_model_name="meta-llama/Llama-3.3-70B-Instruct",le="262144"} 148360
llm_d_epp_request_cached_tokens_bucket{fairness_id="interactive-users",model_name="meta-llama/Llama-3.3-70B-Instruct",priority="3",target_model_name="meta-llama/Llama-3.3-70B-Instruct",le="524288"} 148360
llm_d_epp_request_cached_tokens_bucket{fairness_id="interactive-users",model_name="meta-llama/Llama-3.3-70B-Instruct",priority="3",target_model_name="meta-llama/Llama-3.3-70B-Instruct",le="1.048576e+06"} 148360
llm_d_epp_request_cached_tokens_bucket{fairness_id="interactive-users",model_name="meta-llama/Llama-3.3-70B-Instruct",priority="3",target_model_name="meta-llama/Llama-3.3-70B-Instruct",le="+Inf"} 148360
llm_d_epp_request_cached_tokens_sum{fairness_id="interactive-users",model_name="meta-llama/Llama-3.3-70B-Instruct",priority="3",target_model_name="meta-llama/Llama-3.3-70B-Instruct"} 0
llm_d_epp_request_cached_tokens_count{fairness_id="interactive-users",model_name="meta-llama/Llama-3.3-70B-Instruct",priority="3",target_model_name="meta-llama/Llama-3.3-70B-Instruct"} 148360
# HELP llm_d_epp_request_duration_seconds [ALPHA] End-to-end request latency distribution in seconds.
# TYPE llm_d_epp_request_duration_seconds histogram
llm_d_epp_request_duration_seconds_bucket{fairness_id="default-flow",model_name="",priority="0",target_model_name="",le="0.005"} 2
llm_d_epp_request_duration_seconds_bucket{fairness_id="default-flow",model_name="",priority="0",target_model_name="",le="0.025"} 2
llm_d_epp_request_duration_seconds_bucket{fairness_id="default-flow",model_name="",priority="0",target_model_name="",le="0.05"} 2
llm_d_epp_request_duration_seconds_bucket{fairness_id="default-flow",model_name="",priority="0",target_model_name="",le="0.1"} 2
llm_d_epp_request_duration_seconds_bucket{fairness_id="default-flow",model_name="",priority="0",target_model_name="",le="0.2"} 2
llm_d_epp_request_duration_seconds_bucket{fairness_id="default-flow",model_name="",priority="0",target_model_name="",le="0.4"} 2
llm_d_epp_request_duration_seconds_bucket{fairness_id="default-flow",model_name="",priority="0",target_model_name="",le="0.6"} 2
llm_d_epp_request_duration_seconds_bucket{fairness_id="default-flow",model_name="",priority="0",target_model_name="",le="0.8"} 2
llm_d_epp_request_duration_seconds_bucket{fairness_id="default-flow",model_name="",priority="0",target_model_name="",le="1"} 2
llm_d_epp_request_duration_seconds_bucket{fairness_id="default-flow",model_name="",priority="0",target_model_name="",le="1.25"} 2
llm_d_epp_request_duration_seconds_bucket{fairness_id="default-flow",model_name="",priority="0",target_model_name="",le="1.5"} 2
llm_d_epp_request_duration_seconds_bucket{fairness_id="default-flow",model_name="",priority="0",target_model_name="",le="2"} 2
llm_d_epp_request_duration_seconds_bucket{fairness_id="default-flow",model_name="",priority="0",target_model_name="",le="3"} 2
llm_d_epp_request_duration_seconds_bucket{fairness_id="default-flow",model_name="",priority="0",target_model_name="",le="4"} 2
llm_d_epp_request_duration_seconds_bucket{fairness_id="default-flow",model_name="",priority="0",target_model_name="",le="5"} 2
llm_d_epp_request_duration_seconds_bucket{fairness_id="default-flow",model_name="",priority="0",target_model_name="",le="6"} 2
llm_d_epp_request_duration_seconds_bucket{fairness_id="default-flow",model_name="",priority="0",target_model_name="",le="8"} 2
llm_d_epp_request_duration_seconds_bucket{fairness_id="default-flow",model_name="",priority="0",target_model_name="",le="10"} 2
llm_d_epp_request_duration_seconds_bucket{fairness_id="default-flow",model_name="",priority="0",target_model_name="",le="15"} 2
llm_d_epp_request_duration_seconds_bucket{fairness_id="default-flow",model_name="",priority="0",target_model_name="",le="20"} 2
llm_d_epp_request_duration_seconds_bucket{fairness_id="default-flow",model_name="",priority="0",target_model_name="",le="30"} 2
llm_d_epp_request_duration_seconds_bucket{fairness_id="default-flow",model_name="",priority="0",target_model_name="",le="45"} 2
llm_d_epp_request_duration_seconds_bucket{fairness_id="default-flow",model_name="",priority="0",target_model_name="",le="60"} 2
llm_d_epp_request_duration_seconds_bucket{fairness_id="default-flow",model_name="",priority="0",target_model_name="",le="120"} 2
llm_d_epp_request_duration_seconds_bucket{fairness_id="default-flow",model_name="",priority="0",target_model_name="",le="180"} 2
llm_d_epp_request_duration_seconds_bucket{fairness_id="default-flow",model_name="",priority="0",target_model_name="",le="240"} 2
llm_d_epp_request_duration_seconds_bucket{fairness_id="default-flow",model_name="",priority="0",target_model_name="",le="300"} 2
llm_d_epp_request_duration_seconds_bucket{fairness_id="default-flow",model_name="",priority="0",target_model_name="",le="360"} 2
llm_d_epp_request_duration_seconds_bucket{fairness_id="default-flow",model_name="",priority="0",target_model_name="",le="480"} 2
llm_d_epp_request_duration_seconds_bucket{fairness_id="default-flow",model_name="",priority="0",target_model_name="",le="600"} 2
llm_d_epp_request_duration_seconds_bucket{fairness_id="default-flow",model_name="",priority="0",target_model_name="",le="900"} 2
llm_d_epp_request_duration_seconds_bucket{fairness_id="default-flow",model_name="",priority="0",target_model_name="",le="1200"} 2
llm_d_epp_request_duration_seconds_bucket{fairness_id="default-flow",model_name="",priority="0",target_model_name="",le="1800"} 2
llm_d_epp_request_duration_seconds_bucket{fairness_id="default-flow",model_name="",priority="0",target_model_name="",le="2700"} 2
llm_d_epp_request_duration_seconds_bucket{fairness_id="default-flow",model_name="",priority="0",target_model_name="",le="3600"} 2
llm_d_epp_request_duration_seconds_bucket{fairness_id="default-flow",model_name="",priority="0",target_model_name="",le="+Inf"} 2
llm_d_epp_request_duration_seconds_sum{fairness_id="default-flow",model_name="",priority="0",target_model_name=""} 0.00608502
llm_d_epp_request_duration_seconds_count{fairness_id="default-flow",model_name="",priority="0",target_model_name=""} 2
llm_d_epp_request_duration_seconds_bucket{fairness_id="default-flow",model_name="meta-llama/Llama-3.3-70B-Instruct",priority="0",target_model_name="meta-llama/Llama-3.3-70B-Instruct",le="0.005"} 0
llm_d_epp_request_duration_seconds_bucket{fairness_id="default-flow",model_name="meta-llama/Llama-3.3-70B-Instruct",priority="0",target_model_name="meta-llama/Llama-3.3-70B-Instruct",le="0.025"} 0
llm_d_epp_request_duration_seconds_bucket{fairness_id="default-flow",model_name="meta-llama/Llama-3.3-70B-Instruct",priority="0",target_model_name="meta-llama/Llama-3.3-70B-Instruct",le="0.05"} 1
llm_d_epp_request_duration_seconds_bucket{fairness_id="default-flow",model_name="meta-llama/Llama-3.3-70B-Instruct",priority="0",target_model_name="meta-llama/Llama-3.3-70B-Instruct",le="0.1"} 1
llm_d_epp_request_duration_seconds_bucket{fairness_id="default-flow",model_name="meta-llama/Llama-3.3-70B-Instruct",priority="0",target_model_name="meta-llama/Llama-3.3-70B-Instruct",le="0.2"} 2
llm_d_epp_request_duration_seconds_bucket{fairness_id="default-flow",model_name="meta-llama/Llama-3.3-70B-Instruct",priority="0",target_model_name="meta-llama/Llama-3.3-70B-Instruct",le="0.4"} 2
llm_d_epp_request_duration_seconds_bucket{fairness_id="default-flow",model_name="meta-llama/Llama-3.3-70B-Instruct",priority="0",target_model_name="meta-llama/Llama-3.3-70B-Instruct",le="0.6"} 2
llm_d_epp_request_duration_seconds_bucket{fairness_id="default-flow",model_name="meta-llama/Llama-3.3-70B-Instruct",priority="0",target_model_name="meta-llama/Llama-3.3-70B-Instruct",le="0.8"} 2
llm_d_epp_request_duration_seconds_bucket{fairness_id="default-flow",model_name="meta-llama/Llama-3.3-70B-Instruct",priority="0",target_model_name="meta-llama/Llama-3.3-70B-Instruct",le="1"} 2
llm_d_epp_request_duration_seconds_bucket{fairness_id="default-flow",model_name="meta-llama/Llama-3.3-70B-Instruct",priority="0",target_model_name="meta-llama/Llama-3.3-70B-Instruct",le="1.25"} 238
llm_d_epp_request_duration_seconds_bucket{fairness_id="default-flow",model_name="meta-llama/Llama-3.3-70B-Instruct",priority="0",target_model_name="meta-llama/Llama-3.3-70B-Instruct",le="1.5"} 238
llm_d_epp_request_duration_seconds_bucket{fairness_id="default-flow",model_name="meta-llama/Llama-3.3-70B-Instruct",priority="0",target_model_name="meta-llama/Llama-3.3-70B-Instruct",le="2"} 238
llm_d_epp_request_duration_seconds_bucket{fairness_id="default-flow",model_name="meta-llama/Llama-3.3-70B-Instruct",priority="0",target_model_name="meta-llama/Llama-3.3-70B-Instruct",le="3"} 238
llm_d_epp_request_duration_seconds_bucket{fairness_id="default-flow",model_name="meta-llama/Llama-3.3-70B-Instruct",priority="0",target_model_name="meta-llama/Llama-3.3-70B-Instruct",le="4"} 238
llm_d_epp_request_duration_seconds_bucket{fairness_id="default-flow",model_name="meta-llama/Llama-3.3-70B-Instruct",priority="0",target_model_name="meta-llama/Llama-3.3-70B-Instruct",le="5"} 238
llm_d_epp_request_duration_seconds_bucket{fairness_id="default-flow",model_name="meta-llama/Llama-3.3-70B-Instruct",priority="0",target_model_name="meta-llama/Llama-3.3-70B-Instruct",le="6"} 238
llm_d_epp_request_duration_seconds_bucket{fairness_id="default-flow",model_name="meta-llama/Llama-3.3-70B-Instruct",priority="0",target_model_name="meta-llama/Llama-3.3-70B-Instruct",le="8"} 238
llm_d_epp_request_duration_seconds_bucket{fairness_id="default-flow",model_name="meta-llama/Llama-3.3-70B-Instruct",priority="0",target_model_name="meta-llama/Llama-3.3-70B-Instruct",le="10"} 238
llm_d_epp_request_duration_seconds_bucket{fairness_id="default-flow",model_name="meta-llama/Llama-3.3-70B-Instruct",priority="0",target_model_name="meta-llama/Llama-3.3-70B-Instruct",le="15"} 238
llm_d_epp_request_duration_seconds_bucket{fairness_id="default-flow",model_name="meta-llama/Llama-3.3-70B-Instruct",priority="0",target_model_name="meta-llama/Llama-3.3-70B-Instruct",le="20"} 238
llm_d_epp_request_duration_seconds_bucket{fairness_id="default-flow",model_name="meta-llama/Llama-3.3-70B-Instruct",priority="0",target_model_name="meta-llama/Llama-3.3-70B-Instruct",le="30"} 238
llm_d_epp_request_duration_seconds_bucket{fairness_id="default-flow",model_name="meta-llama/Llama-3.3-70B-Instruct",priority="0",target_model_name="meta-llama/Llama-3.3-70B-Instruct",le="45"} 238
llm_d_epp_request_duration_seconds_bucket{fairness_id="default-flow",model_name="meta-llama/Llama-3.3-70B-Instruct",priority="0",target_model_name="meta-llama/Llama-3.3-70B-Instruct",le="60"} 238
llm_d_epp_request_duration_seconds_bucket{fairness_id="default-flow",model_name="meta-llama/Llama-3.3-70B-Instruct",priority="0",target_model_name="meta-llama/Llama-3.3-70B-Instruct",le="120"} 238
llm_d_epp_request_duration_seconds_bucket{fairness_id="default-flow",model_name="meta-llama/Llama-3.3-70B-Instruct",priority="0",target_model_name="meta-llama/Llama-3.3-70B-Instruct",le="180"} 238
llm_d_epp_request_duration_seconds_bucket{fairness_id="default-flow",model_name="meta-llama/Llama-3.3-70B-Instruct",priority="0",target_model_name="meta-llama/Llama-3.3-70B-Instruct",le="240"} 238
llm_d_epp_request_duration_seconds_bucket{fairness_id="default-flow",model_name="meta-llama/Llama-3.3-70B-Instruct",priority="0",target_model_name="meta-llama/Llama-3.3-70B-Instruct",le="300"} 238
llm_d_epp_request_duration_seconds_bucket{fairness_id="default-flow",model_name="meta-llama/Llama-3.3-70B-Instruct",priority="0",target_model_name="meta-llama/Llama-3.3-70B-Instruct",le="360"} 238
llm_d_epp_request_duration_seconds_bucket{fairness_id="default-flow",model_name="meta-llama/Llama-3.3-70B-Instruct",priority="0",target_model_name="meta-llama/Llama-3.3-70B-Instruct",le="480"} 238
llm_d_epp_request_duration_seconds_bucket{fairness_id="default-flow",model_name="meta-llama/Llama-3.3-70B-Instruct",priority="0",target_model_name="meta-llama/Llama-3.3-70B-Instruct",le="600"} 238
llm_d_epp_request_duration_seconds_bucket{fairness_id="default-flow",model_name="meta-llama/Llama-3.3-70B-Instruct",priority="0",target_model_name="meta-llama/Llama-3.3-70B-Instruct",le="900"} 238
llm_d_epp_request_duration_seconds_bucket{fairness_id="default-flow",model_name="meta-llama/Llama-3.3-70B-Instruct",priority="0",target_model_name="meta-llama/Llama-3.3-70B-Instruct",le="1200"} 238
llm_d_epp_request_duration_seconds_bucket{fairness_id="default-flow",model_name="meta-llama/Llama-3.3-70B-Instruct",priority="0",target_model_name="meta-llama/Llama-3.3-70B-Instruct",le="1800"} 238
llm_d_epp_request_duration_seconds_bucket{fairness_id="default-flow",model_name="meta-llama/Llama-3.3-70B-Instruct",priority="0",target_model_name="meta-llama/Llama-3.3-70B-Instruct",le="2700"} 238
llm_d_epp_request_duration_seconds_bucket{fairness_id="default-flow",model_name="meta-llama/Llama-3.3-70B-Instruct",priority="0",target_model_name="meta-llama/Llama-3.3-70B-Instruct",le="3600"} 238
llm_d_epp_request_duration_seconds_bucket{fairness_id="default-flow",model_name="meta-llama/Llama-3.3-70B-Instruct",priority="0",target_model_name="meta-llama/Llama-3.3-70B-Instruct",le="+Inf"} 238
llm_d_epp_request_duration_seconds_sum{fairness_id="default-flow",model_name="meta-llama/Llama-3.3-70B-Instruct",priority="0",target_model_name="meta-llama/Llama-3.3-70B-Instruct"} 242.47812908299997
llm_d_epp_request_duration_seconds_count{fairness_id="default-flow",model_name="meta-llama/Llama-3.3-70B-Instruct",priority="0",target_model_name="meta-llama/Llama-3.3-70B-Instruct"} 238
llm_d_epp_request_duration_seconds_bucket{fairness_id="interactive-users",model_name="meta-llama/Llama-3.3-70B-Instruct",priority="3",target_model_name="meta-llama/Llama-3.3-70B-Instruct",le="0.005"} 0
llm_d_epp_request_duration_seconds_bucket{fairness_id="interactive-users",model_name="meta-llama/Llama-3.3-70B-Instruct",priority="3",target_model_name="meta-llama/Llama-3.3-70B-Instruct",le="0.025"} 0
llm_d_epp_request_duration_seconds_bucket{fairness_id="interactive-users",model_name="meta-llama/Llama-3.3-70B-Instruct",priority="3",target_model_name="meta-llama/Llama-3.3-70B-Instruct",le="0.05"} 0
llm_d_epp_request_duration_seconds_bucket{fairness_id="interactive-users",model_name="meta-llama/Llama-3.3-70B-Instruct",priority="3",target_model_name="meta-llama/Llama-3.3-70B-Instruct",le="0.1"} 0
llm_d_epp_request_duration_seconds_bucket{fairness_id="interactive-users",model_name="meta-llama/Llama-3.3-70B-Instruct",priority="3",target_model_name="meta-llama/Llama-3.3-70B-Instruct",le="0.2"} 0
llm_d_epp_request_duration_seconds_bucket{fairness_id="interactive-users",model_name="meta-llama/Llama-3.3-70B-Instruct",priority="3",target_model_name="meta-llama/Llama-3.3-70B-Instruct",le="0.4"} 10
llm_d_epp_request_duration_seconds_bucket{fairness_id="interactive-users",model_name="meta-llama/Llama-3.3-70B-Instruct",priority="3",target_model_name="meta-llama/Llama-3.3-70B-Instruct",le="0.6"} 33
llm_d_epp_request_duration_seconds_bucket{fairness_id="interactive-users",model_name="meta-llama/Llama-3.3-70B-Instruct",priority="3",target_model_name="meta-llama/Llama-3.3-70B-Instruct",le="0.8"} 58
llm_d_epp_request_duration_seconds_bucket{fairness_id="interactive-users",model_name="meta-llama/Llama-3.3-70B-Instruct",priority="3",target_model_name="meta-llama/Llama-3.3-70B-Instruct",le="1"} 78
llm_d_epp_request_duration_seconds_bucket{fairness_id="interactive-users",model_name="meta-llama/Llama-3.3-70B-Instruct",priority="3",target_model_name="meta-llama/Llama-3.3-70B-Instruct",le="1.25"} 102
llm_d_epp_request_duration_seconds_bucket{fairness_id="interactive-users",model_name="meta-llama/Llama-3.3-70B-Instruct",priority="3",target_model_name="meta-llama/Llama-3.3-70B-Instruct",le="1.5"} 129
llm_d_epp_request_duration_seconds_bucket{fairness_id="interactive-users",model_name="meta-llama/Llama-3.3-70B-Instruct",priority="3",target_model_name="meta-llama/Llama-3.3-70B-Instruct",le="2"} 164
llm_d_epp_request_duration_seconds_bucket{fairness_id="interactive-users",model_name="meta-llama/Llama-3.3-70B-Instruct",priority="3",target_model_name="meta-llama/Llama-3.3-70B-Instruct",le="3"} 222
llm_d_epp_request_duration_seconds_bucket{fairness_id="interactive-users",model_name="meta-llama/Llama-3.3-70B-Instruct",priority="3",target_model_name="meta-llama/Llama-3.3-70B-Instruct",le="4"} 303
llm_d_epp_request_duration_seconds_bucket{fairness_id="interactive-users",model_name="meta-llama/Llama-3.3-70B-Instruct",priority="3",target_model_name="meta-llama/Llama-3.3-70B-Instruct",le="5"} 394
llm_d_epp_request_duration_seconds_bucket{fairness_id="interactive-users",model_name="meta-llama/Llama-3.3-70B-Instruct",priority="3",target_model_name="meta-llama/Llama-3.3-70B-Instruct",le="6"} 536
llm_d_epp_request_duration_seconds_bucket{fairness_id="interactive-users",model_name="meta-llama/Llama-3.3-70B-Instruct",priority="3",target_model_name="meta-llama/Llama-3.3-70B-Instruct",le="8"} 847
llm_d_epp_request_duration_seconds_bucket{fairness_id="interactive-users",model_name="meta-llama/Llama-3.3-70B-Instruct",priority="3",target_model_name="meta-llama/Llama-3.3-70B-Instruct",le="10"} 1227
llm_d_epp_request_duration_seconds_bucket{fairness_id="interactive-users",model_name="meta-llama/Llama-3.3-70B-Instruct",priority="3",target_model_name="meta-llama/Llama-3.3-70B-Instruct",le="15"} 2351
llm_d_epp_request_duration_seconds_bucket{fairness_id="interactive-users",model_name="meta-llama/Llama-3.3-70B-Instruct",priority="3",target_model_name="meta-llama/Llama-3.3-70B-Instruct",le="20"} 3247
llm_d_epp_request_duration_seconds_bucket{fairness_id="interactive-users",model_name="meta-llama/Llama-3.3-70B-Instruct",priority="3",target_model_name="meta-llama/Llama-3.3-70B-Instruct",le="30"} 4002
llm_d_epp_request_duration_seconds_bucket{fairness_id="interactive-users",model_name="meta-llama/Llama-3.3-70B-Instruct",priority="3",target_model_name="meta-llama/Llama-3.3-70B-Instruct",le="45"} 4119
llm_d_epp_request_duration_seconds_bucket{fairness_id="interactive-users",model_name="meta-llama/Llama-3.3-70B-Instruct",priority="3",target_model_name="meta-llama/Llama-3.3-70B-Instruct",le="60"} 4119
llm_d_epp_request_duration_seconds_bucket{fairness_id="interactive-users",model_name="meta-llama/Llama-3.3-70B-Instruct",priority="3",target_model_name="meta-llama/Llama-3.3-70B-Instruct",le="120"} 4119
llm_d_epp_request_duration_seconds_bucket{fairness_id="interactive-users",model_name="meta-llama/Llama-3.3-70B-Instruct",priority="3",target_model_name="meta-llama/Llama-3.3-70B-Instruct",le="180"} 4119
llm_d_epp_request_duration_seconds_bucket{fairness_id="interactive-users",model_name="meta-llama/Llama-3.3-70B-Instruct",priority="3",target_model_name="meta-llama/Llama-3.3-70B-Instruct",le="240"} 4119
llm_d_epp_request_duration_seconds_bucket{fairness_id="interactive-users",model_name="meta-llama/Llama-3.3-70B-Instruct",priority="3",target_model_name="meta-llama/Llama-3.3-70B-Instruct",le="300"} 4119
llm_d_epp_request_duration_seconds_bucket{fairness_id="interactive-users",model_name="meta-llama/Llama-3.3-70B-Instruct",priority="3",target_model_name="meta-llama/Llama-3.3-70B-Instruct",le="360"} 4119
llm_d_epp_request_duration_seconds_bucket{fairness_id="interactive-users",model_name="meta-llama/Llama-3.3-70B-Instruct",priority="3",target_model_name="meta-llama/Llama-3.3-70B-Instruct",le="480"} 4119
llm_d_epp_request_duration_seconds_bucket{fairness_id="interactive-users",model_name="meta-llama/Llama-3.3-70B-Instruct",priority="3",target_model_name="meta-llama/Llama-3.3-70B-Instruct",le="600"} 4119
llm_d_epp_request_duration_seconds_bucket{fairness_id="interactive-users",model_name="meta-llama/Llama-3.3-70B-Instruct",priority="3",target_model_name="meta-llama/Llama-3.3-70B-Instruct",le="900"} 4119
llm_d_epp_request_duration_seconds_bucket{fairness_id="interactive-users",model_name="meta-llama/Llama-3.3-70B-Instruct",priority="3",target_model_name="meta-llama/Llama-3.3-70B-Instruct",le="1200"} 4119
llm_d_epp_request_duration_seconds_bucket{fairness_id="interactive-users",model_name="meta-llama/Llama-3.3-70B-Instruct",priority="3",target_model_name="meta-llama/Llama-3.3-70B-Instruct",le="1800"} 4119
llm_d_epp_request_duration_seconds_bucket{fairness_id="interactive-users",model_name="meta-llama/Llama-3.3-70B-Instruct",priority="3",target_model_name="meta-llama/Llama-3.3-70B-Instruct",le="2700"} 4119
llm_d_epp_request_duration_seconds_bucket{fairness_id="interactive-users",model_name="meta-llama/Llama-3.3-70B-Instruct",priority="3",target_model_name="meta-llama/Llama-3.3-70B-Instruct",le="3600"} 4119
llm_d_epp_request_duration_seconds_bucket{fairness_id="interactive-users",model_name="meta-llama/Llama-3.3-70B-Instruct",priority="3",target_model_name="meta-llama/Llama-3.3-70B-Instruct",le="+Inf"} 4119
llm_d_epp_request_duration_seconds_sum{fairness_id="interactive-users",model_name="meta-llama/Llama-3.3-70B-Instruct",priority="3",target_model_name="meta-llama/Llama-3.3-70B-Instruct"} 58896.74575766716
llm_d_epp_request_duration_seconds_count{fairness_id="interactive-users",model_name="meta-llama/Llama-3.3-70B-Instruct",priority="3",target_model_name="meta-llama/Llama-3.3-70B-Instruct"} 4119
# HELP llm_d_epp_request_input_tokens [ALPHA] Input token count distribution per request.
# TYPE llm_d_epp_request_input_tokens histogram
llm_d_epp_request_input_tokens_bucket{fairness_id="default-flow",model_name="meta-llama/Llama-3.3-70B-Instruct",priority="0",target_model_name="meta-llama/Llama-3.3-70B-Instruct",le="1"} 0
llm_d_epp_request_input_tokens_bucket{fairness_id="default-flow",model_name="meta-llama/Llama-3.3-70B-Instruct",priority="0",target_model_name="meta-llama/Llama-3.3-70B-Instruct",le="8"} 1
llm_d_epp_request_input_tokens_bucket{fairness_id="default-flow",model_name="meta-llama/Llama-3.3-70B-Instruct",priority="0",target_model_name="meta-llama/Llama-3.3-70B-Instruct",le="16"} 1
llm_d_epp_request_input_tokens_bucket{fairness_id="default-flow",model_name="meta-llama/Llama-3.3-70B-Instruct",priority="0",target_model_name="meta-llama/Llama-3.3-70B-Instruct",le="32"} 1
llm_d_epp_request_input_tokens_bucket{fairness_id="default-flow",model_name="meta-llama/Llama-3.3-70B-Instruct",priority="0",target_model_name="meta-llama/Llama-3.3-70B-Instruct",le="64"} 1
llm_d_epp_request_input_tokens_bucket{fairness_id="default-flow",model_name="meta-llama/Llama-3.3-70B-Instruct",priority="0",target_model_name="meta-llama/Llama-3.3-70B-Instruct",le="128"} 1
llm_d_epp_request_input_tokens_bucket{fairness_id="default-flow",model_name="meta-llama/Llama-3.3-70B-Instruct",priority="0",target_model_name="meta-llama/Llama-3.3-70B-Instruct",le="256"} 2
llm_d_epp_request_input_tokens_bucket{fairness_id="default-flow",model_name="meta-llama/Llama-3.3-70B-Instruct",priority="0",target_model_name="meta-llama/Llama-3.3-70B-Instruct",le="512"} 238
llm_d_epp_request_input_tokens_bucket{fairness_id="default-flow",model_name="meta-llama/Llama-3.3-70B-Instruct",priority="0",target_model_name="meta-llama/Llama-3.3-70B-Instruct",le="1024"} 238
llm_d_epp_request_input_tokens_bucket{fairness_id="default-flow",model_name="meta-llama/Llama-3.3-70B-Instruct",priority="0",target_model_name="meta-llama/Llama-3.3-70B-Instruct",le="2048"} 238
llm_d_epp_request_input_tokens_bucket{fairness_id="default-flow",model_name="meta-llama/Llama-3.3-70B-Instruct",priority="0",target_model_name="meta-llama/Llama-3.3-70B-Instruct",le="4096"} 238
llm_d_epp_request_input_tokens_bucket{fairness_id="default-flow",model_name="meta-llama/Llama-3.3-70B-Instruct",priority="0",target_model_name="meta-llama/Llama-3.3-70B-Instruct",le="8192"} 238
llm_d_epp_request_input_tokens_bucket{fairness_id="default-flow",model_name="meta-llama/Llama-3.3-70B-Instruct",priority="0",target_model_name="meta-llama/Llama-3.3-70B-Instruct",le="16384"} 238
llm_d_epp_request_input_tokens_bucket{fairness_id="default-flow",model_name="meta-llama/Llama-3.3-70B-Instruct",priority="0",target_model_name="meta-llama/Llama-3.3-70B-Instruct",le="32778"} 238
llm_d_epp_request_input_tokens_bucket{fairness_id="default-flow",model_name="meta-llama/Llama-3.3-70B-Instruct",priority="0",target_model_name="meta-llama/Llama-3.3-70B-Instruct",le="65536"} 238
llm_d_epp_request_input_tokens_bucket{fairness_id="default-flow",model_name="meta-llama/Llama-3.3-70B-Instruct",priority="0",target_model_name="meta-llama/Llama-3.3-70B-Instruct",le="131072"} 238
llm_d_epp_request_input_tokens_bucket{fairness_id="default-flow",model_name="meta-llama/Llama-3.3-70B-Instruct",priority="0",target_model_name="meta-llama/Llama-3.3-70B-Instruct",le="262144"} 238
llm_d_epp_request_input_tokens_bucket{fairness_id="default-flow",model_name="meta-llama/Llama-3.3-70B-Instruct",priority="0",target_model_name="meta-llama/Llama-3.3-70B-Instruct",le="524288"} 238
llm_d_epp_request_input_tokens_bucket{fairness_id="default-flow",model_name="meta-llama/Llama-3.3-70B-Instruct",priority="0",target_model_name="meta-llama/Llama-3.3-70B-Instruct",le="1.048576e+06"} 238
llm_d_epp_request_input_tokens_bucket{fairness_id="default-flow",model_name="meta-llama/Llama-3.3-70B-Instruct",priority="0",target_model_name="meta-llama/Llama-3.3-70B-Instruct",le="+Inf"} 238
llm_d_epp_request_input_tokens_sum{fairness_id="default-flow",model_name="meta-llama/Llama-3.3-70B-Instruct",priority="0",target_model_name="meta-llama/Llama-3.3-70B-Instruct"} 61063
llm_d_epp_request_input_tokens_count{fairness_id="default-flow",model_name="meta-llama/Llama-3.3-70B-Instruct",priority="0",target_model_name="meta-llama/Llama-3.3-70B-Instruct"} 238
llm_d_epp_request_input_tokens_bucket{fairness_id="interactive-users",model_name="meta-llama/Llama-3.3-70B-Instruct",priority="3",target_model_name="meta-llama/Llama-3.3-70B-Instruct",le="1"} 0
llm_d_epp_request_input_tokens_bucket{fairness_id="interactive-users",model_name="meta-llama/Llama-3.3-70B-Instruct",priority="3",target_model_name="meta-llama/Llama-3.3-70B-Instruct",le="8"} 0
llm_d_epp_request_input_tokens_bucket{fairness_id="interactive-users",model_name="meta-llama/Llama-3.3-70B-Instruct",priority="3",target_model_name="meta-llama/Llama-3.3-70B-Instruct",le="16"} 0
llm_d_epp_request_input_tokens_bucket{fairness_id="interactive-users",model_name="meta-llama/Llama-3.3-70B-Instruct",priority="3",target_model_name="meta-llama/Llama-3.3-70B-Instruct",le="32"} 0
llm_d_epp_request_input_tokens_bucket{fairness_id="interactive-users",model_name="meta-llama/Llama-3.3-70B-Instruct",priority="3",target_model_name="meta-llama/Llama-3.3-70B-Instruct",le="64"} 0
llm_d_epp_request_input_tokens_bucket{fairness_id="interactive-users",model_name="meta-llama/Llama-3.3-70B-Instruct",priority="3",target_model_name="meta-llama/Llama-3.3-70B-Instruct",le="128"} 0
llm_d_epp_request_input_tokens_bucket{fairness_id="interactive-users",model_name="meta-llama/Llama-3.3-70B-Instruct",priority="3",target_model_name="meta-llama/Llama-3.3-70B-Instruct",le="256"} 0
llm_d_epp_request_input_tokens_bucket{fairness_id="interactive-users",model_name="meta-llama/Llama-3.3-70B-Instruct",priority="3",target_model_name="meta-llama/Llama-3.3-70B-Instruct",le="512"} 0
llm_d_epp_request_input_tokens_bucket{fairness_id="interactive-users",model_name="meta-llama/Llama-3.3-70B-Instruct",priority="3",target_model_name="meta-llama/Llama-3.3-70B-Instruct",le="1024"} 0
llm_d_epp_request_input_tokens_bucket{fairness_id="interactive-users",model_name="meta-llama/Llama-3.3-70B-Instruct",priority="3",target_model_name="meta-llama/Llama-3.3-70B-Instruct",le="2048"} 25689
llm_d_epp_request_input_tokens_bucket{fairness_id="interactive-users",model_name="meta-llama/Llama-3.3-70B-Instruct",priority="3",target_model_name="meta-llama/Llama-3.3-70B-Instruct",le="4096"} 521573
llm_d_epp_request_input_tokens_bucket{fairness_id="interactive-users",model_name="meta-llama/Llama-3.3-70B-Instruct",priority="3",target_model_name="meta-llama/Llama-3.3-70B-Instruct",le="8192"} 1.122031e+06
llm_d_epp_request_input_tokens_bucket{fairness_id="interactive-users",model_name="meta-llama/Llama-3.3-70B-Instruct",priority="3",target_model_name="meta-llama/Llama-3.3-70B-Instruct",le="16384"} 1.246112e+06
llm_d_epp_request_input_tokens_bucket{fairness_id="interactive-users",model_name="meta-llama/Llama-3.3-70B-Instruct",priority="3",target_model_name="meta-llama/Llama-3.3-70B-Instruct",le="32778"} 1.246112e+06
llm_d_epp_request_input_tokens_bucket{fairness_id="interactive-users",model_name="meta-llama/Llama-3.3-70B-Instruct",priority="3",target_model_name="meta-llama/Llama-3.3-70B-Instruct",le="65536"} 1.246112e+06
llm_d_epp_request_input_tokens_bucket{fairness_id="interactive-users",model_name="meta-llama/Llama-3.3-70B-Instruct",priority="3",target_model_name="meta-llama/Llama-3.3-70B-Instruct",le="131072"} 1.246112e+06
llm_d_epp_request_input_tokens_bucket{fairness_id="interactive-users",model_name="meta-llama/Llama-3.3-70B-Instruct",priority="3",target_model_name="meta-llama/Llama-3.3-70B-Instruct",le="262144"} 1.246112e+06
llm_d_epp_request_input_tokens_bucket{fairness_id="interactive-users",model_name="meta-llama/Llama-3.3-70B-Instruct",priority="3",target_model_name="meta-llama/Llama-3.3-70B-Instruct",le="524288"} 1.246112e+06
llm_d_epp_request_input_tokens_bucket{fairness_id="interactive-users",model_name="meta-llama/Llama-3.3-70B-Instruct",priority="3",target_model_name="meta-llama/Llama-3.3-70B-Instruct",le="1.048576e+06"} 1.246112e+06
llm_d_epp_request_input_tokens_bucket{fairness_id="interactive-users",model_name="meta-llama/Llama-3.3-70B-Instruct",priority="3",target_model_name="meta-llama/Llama-3.3-70B-Instruct",le="+Inf"} 1.246112e+06
llm_d_epp_request_input_tokens_sum{fairness_id="interactive-users",model_name="meta-llama/Llama-3.3-70B-Instruct",priority="3",target_model_name="meta-llama/Llama-3.3-70B-Instruct"} 6.301808072e+09
llm_d_epp_request_input_tokens_count{fairness_id="interactive-users",model_name="meta-llama/Llama-3.3-70B-Instruct",priority="3",target_model_name="meta-llama/Llama-3.3-70B-Instruct"} 1.246112e+06
# HELP llm_d_epp_request_ntpot_seconds [ALPHA] Normalized time per output token in seconds (end-to-end latency divided by output token count).
# TYPE llm_d_epp_request_ntpot_seconds histogram
llm_d_epp_request_ntpot_seconds_bucket{fairness_id="default-flow",model_name="meta-llama/Llama-3.3-70B-Instruct",priority="0",target_model_name="meta-llama/Llama-3.3-70B-Instruct",le="0.001"} 0
llm_d_epp_request_ntpot_seconds_bucket{fairness_id="default-flow",model_name="meta-llama/Llama-3.3-70B-Instruct",priority="0",target_model_name="meta-llama/Llama-3.3-70B-Instruct",le="0.002"} 0
llm_d_epp_request_ntpot_seconds_bucket{fairness_id="default-flow",model_name="meta-llama/Llama-3.3-70B-Instruct",priority="0",target_model_name="meta-llama/Llama-3.3-70B-Instruct",le="0.005"} 0
llm_d_epp_request_ntpot_seconds_bucket{fairness_id="default-flow",model_name="meta-llama/Llama-3.3-70B-Instruct",priority="0",target_model_name="meta-llama/Llama-3.3-70B-Instruct",le="0.01"} 0
llm_d_epp_request_ntpot_seconds_bucket{fairness_id="default-flow",model_name="meta-llama/Llama-3.3-70B-Instruct",priority="0",target_model_name="meta-llama/Llama-3.3-70B-Instruct",le="0.02"} 236
llm_d_epp_request_ntpot_seconds_bucket{fairness_id="default-flow",model_name="meta-llama/Llama-3.3-70B-Instruct",priority="0",target_model_name="meta-llama/Llama-3.3-70B-Instruct",le="0.05"} 238
llm_d_epp_request_ntpot_seconds_bucket{fairness_id="default-flow",model_name="meta-llama/Llama-3.3-70B-Instruct",priority="0",target_model_name="meta-llama/Llama-3.3-70B-Instruct",le="0.1"} 238
llm_d_epp_request_ntpot_seconds_bucket{fairness_id="default-flow",model_name="meta-llama/Llama-3.3-70B-Instruct",priority="0",target_model_name="meta-llama/Llama-3.3-70B-Instruct",le="0.2"} 238
llm_d_epp_request_ntpot_seconds_bucket{fairness_id="default-flow",model_name="meta-llama/Llama-3.3-70B-Instruct",priority="0",target_model_name="meta-llama/Llama-3.3-70B-Instruct",le="0.5"} 238
llm_d_epp_request_ntpot_seconds_bucket{fairness_id="default-flow",model_name="meta-llama/Llama-3.3-70B-Instruct",priority="0",target_model_name="meta-llama/Llama-3.3-70B-Instruct",le="1"} 238
llm_d_epp_request_ntpot_seconds_bucket{fairness_id="default-flow",model_name="meta-llama/Llama-3.3-70B-Instruct",priority="0",target_model_name="meta-llama/Llama-3.3-70B-Instruct",le="2"} 238
llm_d_epp_request_ntpot_seconds_bucket{fairness_id="default-flow",model_name="meta-llama/Llama-3.3-70B-Instruct",priority="0",target_model_name="meta-llama/Llama-3.3-70B-Instruct",le="5"} 238
llm_d_epp_request_ntpot_seconds_bucket{fairness_id="default-flow",model_name="meta-llama/Llama-3.3-70B-Instruct",priority="0",target_model_name="meta-llama/Llama-3.3-70B-Instruct",le="10"} 238
llm_d_epp_request_ntpot_seconds_bucket{fairness_id="default-flow",model_name="meta-llama/Llama-3.3-70B-Instruct",priority="0",target_model_name="meta-llama/Llama-3.3-70B-Instruct",le="+Inf"} 238
llm_d_epp_request_ntpot_seconds_sum{fairness_id="default-flow",model_name="meta-llama/Llama-3.3-70B-Instruct",priority="0",target_model_name="meta-llama/Llama-3.3-70B-Instruct"} 3.85031446321875
llm_d_epp_request_ntpot_seconds_count{fairness_id="default-flow",model_name="meta-llama/Llama-3.3-70B-Instruct",priority="0",target_model_name="meta-llama/Llama-3.3-70B-Instruct"} 238
llm_d_epp_request_ntpot_seconds_bucket{fairness_id="interactive-users",model_name="meta-llama/Llama-3.3-70B-Instruct",priority="3",target_model_name="meta-llama/Llama-3.3-70B-Instruct",le="0.001"} 0
llm_d_epp_request_ntpot_seconds_bucket{fairness_id="interactive-users",model_name="meta-llama/Llama-3.3-70B-Instruct",priority="3",target_model_name="meta-llama/Llama-3.3-70B-Instruct",le="0.002"} 0
llm_d_epp_request_ntpot_seconds_bucket{fairness_id="interactive-users",model_name="meta-llama/Llama-3.3-70B-Instruct",priority="3",target_model_name="meta-llama/Llama-3.3-70B-Instruct",le="0.005"} 0
llm_d_epp_request_ntpot_seconds_bucket{fairness_id="interactive-users",model_name="meta-llama/Llama-3.3-70B-Instruct",priority="3",target_model_name="meta-llama/Llama-3.3-70B-Instruct",le="0.01"} 0
llm_d_epp_request_ntpot_seconds_bucket{fairness_id="interactive-users",model_name="meta-llama/Llama-3.3-70B-Instruct",priority="3",target_model_name="meta-llama/Llama-3.3-70B-Instruct",le="0.02"} 0
llm_d_epp_request_ntpot_seconds_bucket{fairness_id="interactive-users",model_name="meta-llama/Llama-3.3-70B-Instruct",priority="3",target_model_name="meta-llama/Llama-3.3-70B-Instruct",le="0.05"} 2474
llm_d_epp_request_ntpot_seconds_bucket{fairness_id="interactive-users",model_name="meta-llama/Llama-3.3-70B-Instruct",priority="3",target_model_name="meta-llama/Llama-3.3-70B-Instruct",le="0.1"} 4055
llm_d_epp_request_ntpot_seconds_bucket{fairness_id="interactive-users",model_name="meta-llama/Llama-3.3-70B-Instruct",priority="3",target_model_name="meta-llama/Llama-3.3-70B-Instruct",le="0.2"} 4112
llm_d_epp_request_ntpot_seconds_bucket{fairness_id="interactive-users",model_name="meta-llama/Llama-3.3-70B-Instruct",priority="3",target_model_name="meta-llama/Llama-3.3-70B-Instruct",le="0.5"} 4118
llm_d_epp_request_ntpot_seconds_bucket{fairness_id="interactive-users",model_name="meta-llama/Llama-3.3-70B-Instruct",priority="3",target_model_name="meta-llama/Llama-3.3-70B-Instruct",le="1"} 4119
llm_d_epp_request_ntpot_seconds_bucket{fairness_id="interactive-users",model_name="meta-llama/Llama-3.3-70B-Instruct",priority="3",target_model_name="meta-llama/Llama-3.3-70B-Instruct",le="2"} 4119
llm_d_epp_request_ntpot_seconds_bucket{fairness_id="interactive-users",model_name="meta-llama/Llama-3.3-70B-Instruct",priority="3",target_model_name="meta-llama/Llama-3.3-70B-Instruct",le="5"} 4119
llm_d_epp_request_ntpot_seconds_bucket{fairness_id="interactive-users",model_name="meta-llama/Llama-3.3-70B-Instruct",priority="3",target_model_name="meta-llama/Llama-3.3-70B-Instruct",le="10"} 4119
llm_d_epp_request_ntpot_seconds_bucket{fairness_id="interactive-users",model_name="meta-llama/Llama-3.3-70B-Instruct",priority="3",target_model_name="meta-llama/Llama-3.3-70B-Instruct",le="+Inf"} 4119
llm_d_epp_request_ntpot_seconds_sum{fairness_id="interactive-users",model_name="meta-llama/Llama-3.3-70B-Instruct",priority="3",target_model_name="meta-llama/Llama-3.3-70B-Instruct"} 205.90089648304422
llm_d_epp_request_ntpot_seconds_count{fairness_id="interactive-users",model_name="meta-llama/Llama-3.3-70B-Instruct",priority="3",target_model_name="meta-llama/Llama-3.3-70B-Instruct"} 4119
# HELP llm_d_epp_request_output_tokens [ALPHA] Output token count distribution per request.
# TYPE llm_d_epp_request_output_tokens histogram
llm_d_epp_request_output_tokens_bucket{fairness_id="default-flow",model_name="meta-llama/Llama-3.3-70B-Instruct",priority="0",target_model_name="meta-llama/Llama-3.3-70B-Instruct",le="1"} 1
llm_d_epp_request_output_tokens_bucket{fairness_id="default-flow",model_name="meta-llama/Llama-3.3-70B-Instruct",priority="0",target_model_name="meta-llama/Llama-3.3-70B-Instruct",le="8"} 2
llm_d_epp_request_output_tokens_bucket{fairness_id="default-flow",model_name="meta-llama/Llama-3.3-70B-Instruct",priority="0",target_model_name="meta-llama/Llama-3.3-70B-Instruct",le="16"} 2
llm_d_epp_request_output_tokens_bucket{fairness_id="default-flow",model_name="meta-llama/Llama-3.3-70B-Instruct",priority="0",target_model_name="meta-llama/Llama-3.3-70B-Instruct",le="32"} 2
llm_d_epp_request_output_tokens_bucket{fairness_id="default-flow",model_name="meta-llama/Llama-3.3-70B-Instruct",priority="0",target_model_name="meta-llama/Llama-3.3-70B-Instruct",le="64"} 238
llm_d_epp_request_output_tokens_bucket{fairness_id="default-flow",model_name="meta-llama/Llama-3.3-70B-Instruct",priority="0",target_model_name="meta-llama/Llama-3.3-70B-Instruct",le="128"} 238
llm_d_epp_request_output_tokens_bucket{fairness_id="default-flow",model_name="meta-llama/Llama-3.3-70B-Instruct",priority="0",target_model_name="meta-llama/Llama-3.3-70B-Instruct",le="256"} 238
llm_d_epp_request_output_tokens_bucket{fairness_id="default-flow",model_name="meta-llama/Llama-3.3-70B-Instruct",priority="0",target_model_name="meta-llama/Llama-3.3-70B-Instruct",le="512"} 238
llm_d_epp_request_output_tokens_bucket{fairness_id="default-flow",model_name="meta-llama/Llama-3.3-70B-Instruct",priority="0",target_model_name="meta-llama/Llama-3.3-70B-Instruct",le="1024"} 238
llm_d_epp_request_output_tokens_bucket{fairness_id="default-flow",model_name="meta-llama/Llama-3.3-70B-Instruct",priority="0",target_model_name="meta-llama/Llama-3.3-70B-Instruct",le="2048"} 238
llm_d_epp_request_output_tokens_bucket{fairness_id="default-flow",model_name="meta-llama/Llama-3.3-70B-Instruct",priority="0",target_model_name="meta-llama/Llama-3.3-70B-Instruct",le="4096"} 238
llm_d_epp_request_output_tokens_bucket{fairness_id="default-flow",model_name="meta-llama/Llama-3.3-70B-Instruct",priority="0",target_model_name="meta-llama/Llama-3.3-70B-Instruct",le="8192"} 238
llm_d_epp_request_output_tokens_bucket{fairness_id="default-flow",model_name="meta-llama/Llama-3.3-70B-Instruct",priority="0",target_model_name="meta-llama/Llama-3.3-70B-Instruct",le="+Inf"} 238
llm_d_epp_request_output_tokens_sum{fairness_id="default-flow",model_name="meta-llama/Llama-3.3-70B-Instruct",priority="0",target_model_name="meta-llama/Llama-3.3-70B-Instruct"} 15110
llm_d_epp_request_output_tokens_count{fairness_id="default-flow",model_name="meta-llama/Llama-3.3-70B-Instruct",priority="0",target_model_name="meta-llama/Llama-3.3-70B-Instruct"} 238
llm_d_epp_request_output_tokens_bucket{fairness_id="interactive-users",model_name="meta-llama/Llama-3.3-70B-Instruct",priority="3",target_model_name="meta-llama/Llama-3.3-70B-Instruct",le="1"} 4184
llm_d_epp_request_output_tokens_bucket{fairness_id="interactive-users",model_name="meta-llama/Llama-3.3-70B-Instruct",priority="3",target_model_name="meta-llama/Llama-3.3-70B-Instruct",le="8"} 33466
llm_d_epp_request_output_tokens_bucket{fairness_id="interactive-users",model_name="meta-llama/Llama-3.3-70B-Instruct",priority="3",target_model_name="meta-llama/Llama-3.3-70B-Instruct",le="16"} 66196
llm_d_epp_request_output_tokens_bucket{fairness_id="interactive-users",model_name="meta-llama/Llama-3.3-70B-Instruct",priority="3",target_model_name="meta-llama/Llama-3.3-70B-Instruct",le="32"} 130699
llm_d_epp_request_output_tokens_bucket{fairness_id="interactive-users",model_name="meta-llama/Llama-3.3-70B-Instruct",priority="3",target_model_name="meta-llama/Llama-3.3-70B-Instruct",le="64"} 257826
llm_d_epp_request_output_tokens_bucket{fairness_id="interactive-users",model_name="meta-llama/Llama-3.3-70B-Instruct",priority="3",target_model_name="meta-llama/Llama-3.3-70B-Instruct",le="128"} 501268
llm_d_epp_request_output_tokens_bucket{fairness_id="interactive-users",model_name="meta-llama/Llama-3.3-70B-Instruct",priority="3",target_model_name="meta-llama/Llama-3.3-70B-Instruct",le="256"} 901001
llm_d_epp_request_output_tokens_bucket{fairness_id="interactive-users",model_name="meta-llama/Llama-3.3-70B-Instruct",priority="3",target_model_name="meta-llama/Llama-3.3-70B-Instruct",le="512"} 1.222691e+06
llm_d_epp_request_output_tokens_bucket{fairness_id="interactive-users",model_name="meta-llama/Llama-3.3-70B-Instruct",priority="3",target_model_name="meta-llama/Llama-3.3-70B-Instruct",le="1024"} 1.246112e+06
llm_d_epp_request_output_tokens_bucket{fairness_id="interactive-users",model_name="meta-llama/Llama-3.3-70B-Instruct",priority="3",target_model_name="meta-llama/Llama-3.3-70B-Instruct",le="2048"} 1.246112e+06
llm_d_epp_request_output_tokens_bucket{fairness_id="interactive-users",model_name="meta-llama/Llama-3.3-70B-Instruct",priority="3",target_model_name="meta-llama/Llama-3.3-70B-Instruct",le="4096"} 1.246112e+06
llm_d_epp_request_output_tokens_bucket{fairness_id="interactive-users",model_name="meta-llama/Llama-3.3-70B-Instruct",priority="3",target_model_name="meta-llama/Llama-3.3-70B-Instruct",le="8192"} 1.246112e+06
llm_d_epp_request_output_tokens_bucket{fairness_id="interactive-users",model_name="meta-llama/Llama-3.3-70B-Instruct",priority="3",target_model_name="meta-llama/Llama-3.3-70B-Instruct",le="+Inf"} 1.246112e+06
llm_d_epp_request_output_tokens_sum{fairness_id="interactive-users",model_name="meta-llama/Llama-3.3-70B-Instruct",priority="3",target_model_name="meta-llama/Llama-3.3-70B-Instruct"} 2.31790583e+08
llm_d_epp_request_output_tokens_count{fairness_id="interactive-users",model_name="meta-llama/Llama-3.3-70B-Instruct",priority="3",target_model_name="meta-llama/Llama-3.3-70B-Instruct"} 1.246112e+06
# HELP llm_d_epp_request_processing_duration_seconds [ALPHA] EPP request processing latency distribution in seconds, from request receipt until the request body has been handled, including admission control.
# TYPE llm_d_epp_request_processing_duration_seconds histogram
llm_d_epp_request_processing_duration_seconds_bucket{le="0.0005"} 0
llm_d_epp_request_processing_duration_seconds_bucket{le="0.001"} 0
llm_d_epp_request_processing_duration_seconds_bucket{le="0.002"} 0
llm_d_epp_request_processing_duration_seconds_bucket{le="0.005"} 128
llm_d_epp_request_processing_duration_seconds_bucket{le="0.01"} 2305
llm_d_epp_request_processing_duration_seconds_bucket{le="0.015"} 3970
llm_d_epp_request_processing_duration_seconds_bucket{le="0.025"} 4401
llm_d_epp_request_processing_duration_seconds_bucket{le="0.04"} 4425
llm_d_epp_request_processing_duration_seconds_bucket{le="0.06"} 4426
llm_d_epp_request_processing_duration_seconds_bucket{le="0.1"} 4426
llm_d_epp_request_processing_duration_seconds_bucket{le="0.25"} 4426
llm_d_epp_request_processing_duration_seconds_bucket{le="0.5"} 4426
llm_d_epp_request_processing_duration_seconds_bucket{le="1"} 4426
llm_d_epp_request_processing_duration_seconds_bucket{le="2.5"} 4426
llm_d_epp_request_processing_duration_seconds_bucket{le="5"} 4426
llm_d_epp_request_processing_duration_seconds_bucket{le="10"} 4426
llm_d_epp_request_processing_duration_seconds_bucket{le="+Inf"} 4426
llm_d_epp_request_processing_duration_seconds_sum 46.65199507899993
llm_d_epp_request_processing_duration_seconds_count 4426
# HELP llm_d_epp_request_running [ALPHA] Current number of active running requests.
# TYPE llm_d_epp_request_running gauge
llm_d_epp_request_running{fairness_id="default-flow",model_name="meta-llama/Llama-3.3-70B-Instruct",priority="0",target_model_name="meta-llama/Llama-3.3-70B-Instruct"} 0
llm_d_epp_request_running{fairness_id="interactive-users",model_name="meta-llama/Llama-3.3-70B-Instruct",priority="3",target_model_name="meta-llama/Llama-3.3-70B-Instruct"} 63
# HELP llm_d_epp_request_size_bytes [ALPHA] Incoming request body size distribution in bytes.
# TYPE llm_d_epp_request_size_bytes histogram
llm_d_epp_request_size_bytes_bucket{fairness_id="default-flow",model_name="meta-llama/Llama-3.3-70B-Instruct",priority="0",target_model_name="meta-llama/Llama-3.3-70B-Instruct",le="64"} 0
llm_d_epp_request_size_bytes_bucket{fairness_id="default-flow",model_name="meta-llama/Llama-3.3-70B-Instruct",priority="0",target_model_name="meta-llama/Llama-3.3-70B-Instruct",le="128"} 1
llm_d_epp_request_size_bytes_bucket{fairness_id="default-flow",model_name="meta-llama/Llama-3.3-70B-Instruct",priority="0",target_model_name="meta-llama/Llama-3.3-70B-Instruct",le="256"} 1
llm_d_epp_request_size_bytes_bucket{fairness_id="default-flow",model_name="meta-llama/Llama-3.3-70B-Instruct",priority="0",target_model_name="meta-llama/Llama-3.3-70B-Instruct",le="512"} 1
llm_d_epp_request_size_bytes_bucket{fairness_id="default-flow",model_name="meta-llama/Llama-3.3-70B-Instruct",priority="0",target_model_name="meta-llama/Llama-3.3-70B-Instruct",le="1024"} 2
llm_d_epp_request_size_bytes_bucket{fairness_id="default-flow",model_name="meta-llama/Llama-3.3-70B-Instruct",priority="0",target_model_name="meta-llama/Llama-3.3-70B-Instruct",le="2048"} 238
llm_d_epp_request_size_bytes_bucket{fairness_id="default-flow",model_name="meta-llama/Llama-3.3-70B-Instruct",priority="0",target_model_name="meta-llama/Llama-3.3-70B-Instruct",le="4096"} 238
llm_d_epp_request_size_bytes_bucket{fairness_id="default-flow",model_name="meta-llama/Llama-3.3-70B-Instruct",priority="0",target_model_name="meta-llama/Llama-3.3-70B-Instruct",le="8192"} 238
llm_d_epp_request_size_bytes_bucket{fairness_id="default-flow",model_name="meta-llama/Llama-3.3-70B-Instruct",priority="0",target_model_name="meta-llama/Llama-3.3-70B-Instruct",le="16384"} 238
llm_d_epp_request_size_bytes_bucket{fairness_id="default-flow",model_name="meta-llama/Llama-3.3-70B-Instruct",priority="0",target_model_name="meta-llama/Llama-3.3-70B-Instruct",le="32768"} 238
llm_d_epp_request_size_bytes_bucket{fairness_id="default-flow",model_name="meta-llama/Llama-3.3-70B-Instruct",priority="0",target_model_name="meta-llama/Llama-3.3-70B-Instruct",le="65536"} 238
llm_d_epp_request_size_bytes_bucket{fairness_id="default-flow",model_name="meta-llama/Llama-3.3-70B-Instruct",priority="0",target_model_name="meta-llama/Llama-3.3-70B-Instruct",le="131072"} 238
llm_d_epp_request_size_bytes_bucket{fairness_id="default-flow",model_name="meta-llama/Llama-3.3-70B-Instruct",priority="0",target_model_name="meta-llama/Llama-3.3-70B-Instruct",le="262144"} 238
llm_d_epp_request_size_bytes_bucket{fairness_id="default-flow",model_name="meta-llama/Llama-3.3-70B-Instruct",priority="0",target_model_name="meta-llama/Llama-3.3-70B-Instruct",le="524288"} 238
llm_d_epp_request_size_bytes_bucket{fairness_id="default-flow",model_name="meta-llama/Llama-3.3-70B-Instruct",priority="0",target_model_name="meta-llama/Llama-3.3-70B-Instruct",le="1.048576e+06"} 238
llm_d_epp_request_size_bytes_bucket{fairness_id="default-flow",model_name="meta-llama/Llama-3.3-70B-Instruct",priority="0",target_model_name="meta-llama/Llama-3.3-70B-Instruct",le="2.097152e+06"} 238
llm_d_epp_request_size_bytes_bucket{fairness_id="default-flow",model_name="meta-llama/Llama-3.3-70B-Instruct",priority="0",target_model_name="meta-llama/Llama-3.3-70B-Instruct",le="4.194304e+06"} 238
llm_d_epp_request_size_bytes_bucket{fairness_id="default-flow",model_name="meta-llama/Llama-3.3-70B-Instruct",priority="0",target_model_name="meta-llama/Llama-3.3-70B-Instruct",le="8.388608e+06"} 238
llm_d_epp_request_size_bytes_bucket{fairness_id="default-flow",model_name="meta-llama/Llama-3.3-70B-Instruct",priority="0",target_model_name="meta-llama/Llama-3.3-70B-Instruct",le="1.6777216e+07"} 238
llm_d_epp_request_size_bytes_bucket{fairness_id="default-flow",model_name="meta-llama/Llama-3.3-70B-Instruct",priority="0",target_model_name="meta-llama/Llama-3.3-70B-Instruct",le="3.3554432e+07"} 238
llm_d_epp_request_size_bytes_bucket{fairness_id="default-flow",model_name="meta-llama/Llama-3.3-70B-Instruct",priority="0",target_model_name="meta-llama/Llama-3.3-70B-Instruct",le="6.7108864e+07"} 238
llm_d_epp_request_size_bytes_bucket{fairness_id="default-flow",model_name="meta-llama/Llama-3.3-70B-Instruct",priority="0",target_model_name="meta-llama/Llama-3.3-70B-Instruct",le="1.34217728e+08"} 238
llm_d_epp_request_size_bytes_bucket{fairness_id="default-flow",model_name="meta-llama/Llama-3.3-70B-Instruct",priority="0",target_model_name="meta-llama/Llama-3.3-70B-Instruct",le="2.68435456e+08"} 238
llm_d_epp_request_size_bytes_bucket{fairness_id="default-flow",model_name="meta-llama/Llama-3.3-70B-Instruct",priority="0",target_model_name="meta-llama/Llama-3.3-70B-Instruct",le="5.36870912e+08"} 238
llm_d_epp_request_size_bytes_bucket{fairness_id="default-flow",model_name="meta-llama/Llama-3.3-70B-Instruct",priority="0",target_model_name="meta-llama/Llama-3.3-70B-Instruct",le="1.073741824e+09"} 238
llm_d_epp_request_size_bytes_bucket{fairness_id="default-flow",model_name="meta-llama/Llama-3.3-70B-Instruct",priority="0",target_model_name="meta-llama/Llama-3.3-70B-Instruct",le="+Inf"} 238
llm_d_epp_request_size_bytes_sum{fairness_id="default-flow",model_name="meta-llama/Llama-3.3-70B-Instruct",priority="0",target_model_name="meta-llama/Llama-3.3-70B-Instruct"} 323664
llm_d_epp_request_size_bytes_count{fairness_id="default-flow",model_name="meta-llama/Llama-3.3-70B-Instruct",priority="0",target_model_name="meta-llama/Llama-3.3-70B-Instruct"} 238
llm_d_epp_request_size_bytes_bucket{fairness_id="interactive-users",model_name="meta-llama/Llama-3.3-70B-Instruct",priority="3",target_model_name="meta-llama/Llama-3.3-70B-Instruct",le="64"} 0
llm_d_epp_request_size_bytes_bucket{fairness_id="interactive-users",model_name="meta-llama/Llama-3.3-70B-Instruct",priority="3",target_model_name="meta-llama/Llama-3.3-70B-Instruct",le="128"} 0
llm_d_epp_request_size_bytes_bucket{fairness_id="interactive-users",model_name="meta-llama/Llama-3.3-70B-Instruct",priority="3",target_model_name="meta-llama/Llama-3.3-70B-Instruct",le="256"} 0
llm_d_epp_request_size_bytes_bucket{fairness_id="interactive-users",model_name="meta-llama/Llama-3.3-70B-Instruct",priority="3",target_model_name="meta-llama/Llama-3.3-70B-Instruct",le="512"} 0
llm_d_epp_request_size_bytes_bucket{fairness_id="interactive-users",model_name="meta-llama/Llama-3.3-70B-Instruct",priority="3",target_model_name="meta-llama/Llama-3.3-70B-Instruct",le="1024"} 0
llm_d_epp_request_size_bytes_bucket{fairness_id="interactive-users",model_name="meta-llama/Llama-3.3-70B-Instruct",priority="3",target_model_name="meta-llama/Llama-3.3-70B-Instruct",le="2048"} 0
llm_d_epp_request_size_bytes_bucket{fairness_id="interactive-users",model_name="meta-llama/Llama-3.3-70B-Instruct",priority="3",target_model_name="meta-llama/Llama-3.3-70B-Instruct",le="4096"} 0
llm_d_epp_request_size_bytes_bucket{fairness_id="interactive-users",model_name="meta-llama/Llama-3.3-70B-Instruct",priority="3",target_model_name="meta-llama/Llama-3.3-70B-Instruct",le="8192"} 143
llm_d_epp_request_size_bytes_bucket{fairness_id="interactive-users",model_name="meta-llama/Llama-3.3-70B-Instruct",priority="3",target_model_name="meta-llama/Llama-3.3-70B-Instruct",le="16384"} 2100
llm_d_epp_request_size_bytes_bucket{fairness_id="interactive-users",model_name="meta-llama/Llama-3.3-70B-Instruct",priority="3",target_model_name="meta-llama/Llama-3.3-70B-Instruct",le="32768"} 3898
llm_d_epp_request_size_bytes_bucket{fairness_id="interactive-users",model_name="meta-llama/Llama-3.3-70B-Instruct",priority="3",target_model_name="meta-llama/Llama-3.3-70B-Instruct",le="65536"} 4188
llm_d_epp_request_size_bytes_bucket{fairness_id="interactive-users",model_name="meta-llama/Llama-3.3-70B-Instruct",priority="3",target_model_name="meta-llama/Llama-3.3-70B-Instruct",le="131072"} 4188
llm_d_epp_request_size_bytes_bucket{fairness_id="interactive-users",model_name="meta-llama/Llama-3.3-70B-Instruct",priority="3",target_model_name="meta-llama/Llama-3.3-70B-Instruct",le="262144"} 4188
llm_d_epp_request_size_bytes_bucket{fairness_id="interactive-users",model_name="meta-llama/Llama-3.3-70B-Instruct",priority="3",target_model_name="meta-llama/Llama-3.3-70B-Instruct",le="524288"} 4188
llm_d_epp_request_size_bytes_bucket{fairness_id="interactive-users",model_name="meta-llama/Llama-3.3-70B-Instruct",priority="3",target_model_name="meta-llama/Llama-3.3-70B-Instruct",le="1.048576e+06"} 4188
llm_d_epp_request_size_bytes_bucket{fairness_id="interactive-users",model_name="meta-llama/Llama-3.3-70B-Instruct",priority="3",target_model_name="meta-llama/Llama-3.3-70B-Instruct",le="2.097152e+06"} 4188
llm_d_epp_request_size_bytes_bucket{fairness_id="interactive-users",model_name="meta-llama/Llama-3.3-70B-Instruct",priority="3",target_model_name="meta-llama/Llama-3.3-70B-Instruct",le="4.194304e+06"} 4188
llm_d_epp_request_size_bytes_bucket{fairness_id="interactive-users",model_name="meta-llama/Llama-3.3-70B-Instruct",priority="3",target_model_name="meta-llama/Llama-3.3-70B-Instruct",le="8.388608e+06"} 4188
llm_d_epp_request_size_bytes_bucket{fairness_id="interactive-users",model_name="meta-llama/Llama-3.3-70B-Instruct",priority="3",target_model_name="meta-llama/Llama-3.3-70B-Instruct",le="1.6777216e+07"} 4188
llm_d_epp_request_size_bytes_bucket{fairness_id="interactive-users",model_name="meta-llama/Llama-3.3-70B-Instruct",priority="3",target_model_name="meta-llama/Llama-3.3-70B-Instruct",le="3.3554432e+07"} 4188
llm_d_epp_request_size_bytes_bucket{fairness_id="interactive-users",model_name="meta-llama/Llama-3.3-70B-Instruct",priority="3",target_model_name="meta-llama/Llama-3.3-70B-Instruct",le="6.7108864e+07"} 4188
llm_d_epp_request_size_bytes_bucket{fairness_id="interactive-users",model_name="meta-llama/Llama-3.3-70B-Instruct",priority="3",target_model_name="meta-llama/Llama-3.3-70B-Instruct",le="1.34217728e+08"} 4188
llm_d_epp_request_size_bytes_bucket{fairness_id="interactive-users",model_name="meta-llama/Llama-3.3-70B-Instruct",priority="3",target_model_name="meta-llama/Llama-3.3-70B-Instruct",le="2.68435456e+08"} 4188
llm_d_epp_request_size_bytes_bucket{fairness_id="interactive-users",model_name="meta-llama/Llama-3.3-70B-Instruct",priority="3",target_model_name="meta-llama/Llama-3.3-70B-Instruct",le="5.36870912e+08"} 4188
llm_d_epp_request_size_bytes_bucket{fairness_id="interactive-users",model_name="meta-llama/Llama-3.3-70B-Instruct",priority="3",target_model_name="meta-llama/Llama-3.3-70B-Instruct",le="1.073741824e+09"} 4188
llm_d_epp_request_size_bytes_bucket{fairness_id="interactive-users",model_name="meta-llama/Llama-3.3-70B-Instruct",priority="3",target_model_name="meta-llama/Llama-3.3-70B-Instruct",le="+Inf"} 4188
llm_d_epp_request_size_bytes_sum{fairness_id="interactive-users",model_name="meta-llama/Llama-3.3-70B-Instruct",priority="3",target_model_name="meta-llama/Llama-3.3-70B-Instruct"} 7.7414524e+07
llm_d_epp_request_size_bytes_count{fairness_id="interactive-users",model_name="meta-llama/Llama-3.3-70B-Instruct",priority="3",target_model_name="meta-llama/Llama-3.3-70B-Instruct"} 4188
# HELP llm_d_epp_request_streaming_itl_seconds [ALPHA] Inter-token latency in seconds for streaming requests, measured as the time between consecutive response body chunks.
# TYPE llm_d_epp_request_streaming_itl_seconds histogram
llm_d_epp_request_streaming_itl_seconds_bucket{fairness_id="interactive-users",model_name="meta-llama/Llama-3.3-70B-Instruct",priority="3",target_model_name="meta-llama/Llama-3.3-70B-Instruct",le="0.001"} 42
llm_d_epp_request_streaming_itl_seconds_bucket{fairness_id="interactive-users",model_name="meta-llama/Llama-3.3-70B-Instruct",priority="3",target_model_name="meta-llama/Llama-3.3-70B-Instruct",le="0.005"} 213
llm_d_epp_request_streaming_itl_seconds_bucket{fairness_id="interactive-users",model_name="meta-llama/Llama-3.3-70B-Instruct",priority="3",target_model_name="meta-llama/Llama-3.3-70B-Instruct",le="0.01"} 1249
llm_d_epp_request_streaming_itl_seconds_bucket{fairness_id="interactive-users",model_name="meta-llama/Llama-3.3-70B-Instruct",priority="3",target_model_name="meta-llama/Llama-3.3-70B-Instruct",le="0.02"} 211426
llm_d_epp_request_streaming_itl_seconds_bucket{fairness_id="interactive-users",model_name="meta-llama/Llama-3.3-70B-Instruct",priority="3",target_model_name="meta-llama/Llama-3.3-70B-Instruct",le="0.04"} 1.128946e+06
llm_d_epp_request_streaming_itl_seconds_bucket{fairness_id="interactive-users",model_name="meta-llama/Llama-3.3-70B-Instruct",priority="3",target_model_name="meta-llama/Llama-3.3-70B-Instruct",le="0.06"} 1.131611e+06
llm_d_epp_request_streaming_itl_seconds_bucket{fairness_id="interactive-users",model_name="meta-llama/Llama-3.3-70B-Instruct",priority="3",target_model_name="meta-llama/Llama-3.3-70B-Instruct",le="0.08"} 1.135465e+06
llm_d_epp_request_streaming_itl_seconds_bucket{fairness_id="interactive-users",model_name="meta-llama/Llama-3.3-70B-Instruct",priority="3",target_model_name="meta-llama/Llama-3.3-70B-Instruct",le="0.1"} 1.139675e+06
llm_d_epp_request_streaming_itl_seconds_bucket{fairness_id="interactive-users",model_name="meta-llama/Llama-3.3-70B-Instruct",priority="3",target_model_name="meta-llama/Llama-3.3-70B-Instruct",le="0.15"} 1.155371e+06
llm_d_epp_request_streaming_itl_seconds_bucket{fairness_id="interactive-users",model_name="meta-llama/Llama-3.3-70B-Instruct",priority="3",target_model_name="meta-llama/Llama-3.3-70B-Instruct",le="0.2"} 1.17073e+06
llm_d_epp_request_streaming_itl_seconds_bucket{fairness_id="interactive-users",model_name="meta-llama/Llama-3.3-70B-Instruct",priority="3",target_model_name="meta-llama/Llama-3.3-70B-Instruct",le="0.3"} 1.199878e+06
llm_d_epp_request_streaming_itl_seconds_bucket{fairness_id="interactive-users",model_name="meta-llama/Llama-3.3-70B-Instruct",priority="3",target_model_name="meta-llama/Llama-3.3-70B-Instruct",le="0.5"} 1.228098e+06
llm_d_epp_request_streaming_itl_seconds_bucket{fairness_id="interactive-users",model_name="meta-llama/Llama-3.3-70B-Instruct",priority="3",target_model_name="meta-llama/Llama-3.3-70B-Instruct",le="0.75"} 1.238391e+06
llm_d_epp_request_streaming_itl_seconds_bucket{fairness_id="interactive-users",model_name="meta-llama/Llama-3.3-70B-Instruct",priority="3",target_model_name="meta-llama/Llama-3.3-70B-Instruct",le="1"} 1.24098e+06
llm_d_epp_request_streaming_itl_seconds_bucket{fairness_id="interactive-users",model_name="meta-llama/Llama-3.3-70B-Instruct",priority="3",target_model_name="meta-llama/Llama-3.3-70B-Instruct",le="2"} 1.24192e+06
llm_d_epp_request_streaming_itl_seconds_bucket{fairness_id="interactive-users",model_name="meta-llama/Llama-3.3-70B-Instruct",priority="3",target_model_name="meta-llama/Llama-3.3-70B-Instruct",le="+Inf"} 1.241927e+06
llm_d_epp_request_streaming_itl_seconds_sum{fairness_id="interactive-users",model_name="meta-llama/Llama-3.3-70B-Instruct",priority="3",target_model_name="meta-llama/Llama-3.3-70B-Instruct"} 57447.8175332631
llm_d_epp_request_streaming_itl_seconds_count{fairness_id="interactive-users",model_name="meta-llama/Llama-3.3-70B-Instruct",priority="3",target_model_name="meta-llama/Llama-3.3-70B-Instruct"} 1.241927e+06
# HELP llm_d_epp_request_streaming_tpot_seconds [ALPHA] Average time per output token in seconds for streaming requests, computed as (e2e - TTFT) / (output_tokens - 1).
# TYPE llm_d_epp_request_streaming_tpot_seconds histogram
llm_d_epp_request_streaming_tpot_seconds_bucket{fairness_id="interactive-users",model_name="meta-llama/Llama-3.3-70B-Instruct",priority="3",target_model_name="meta-llama/Llama-3.3-70B-Instruct",le="0.0005"} 0
llm_d_epp_request_streaming_tpot_seconds_bucket{fairness_id="interactive-users",model_name="meta-llama/Llama-3.3-70B-Instruct",priority="3",target_model_name="meta-llama/Llama-3.3-70B-Instruct",le="0.00205"} 0
llm_d_epp_request_streaming_tpot_seconds_bucket{fairness_id="interactive-users",model_name="meta-llama/Llama-3.3-70B-Instruct",priority="3",target_model_name="meta-llama/Llama-3.3-70B-Instruct",le="0.005"} 0
llm_d_epp_request_streaming_tpot_seconds_bucket{fairness_id="interactive-users",model_name="meta-llama/Llama-3.3-70B-Instruct",priority="3",target_model_name="meta-llama/Llama-3.3-70B-Instruct",le="0.01"} 0
llm_d_epp_request_streaming_tpot_seconds_bucket{fairness_id="interactive-users",model_name="meta-llama/Llama-3.3-70B-Instruct",priority="3",target_model_name="meta-llama/Llama-3.3-70B-Instruct",le="0.02"} 6
llm_d_epp_request_streaming_tpot_seconds_bucket{fairness_id="interactive-users",model_name="meta-llama/Llama-3.3-70B-Instruct",priority="3",target_model_name="meta-llama/Llama-3.3-70B-Instruct",le="0.04"} 1132
llm_d_epp_request_streaming_tpot_seconds_bucket{fairness_id="interactive-users",model_name="meta-llama/Llama-3.3-70B-Instruct",priority="3",target_model_name="meta-llama/Llama-3.3-70B-Instruct",le="0.06"} 3715
llm_d_epp_request_streaming_tpot_seconds_bucket{fairness_id="interactive-users",model_name="meta-llama/Llama-3.3-70B-Instruct",priority="3",target_model_name="meta-llama/Llama-3.3-70B-Instruct",le="0.08"} 4071
llm_d_epp_request_streaming_tpot_seconds_bucket{fairness_id="interactive-users",model_name="meta-llama/Llama-3.3-70B-Instruct",priority="3",target_model_name="meta-llama/Llama-3.3-70B-Instruct",le="0.1"} 4092
llm_d_epp_request_streaming_tpot_seconds_bucket{fairness_id="interactive-users",model_name="meta-llama/Llama-3.3-70B-Instruct",priority="3",target_model_name="meta-llama/Llama-3.3-70B-Instruct",le="0.125"} 4107
llm_d_epp_request_streaming_tpot_seconds_bucket{fairness_id="interactive-users",model_name="meta-llama/Llama-3.3-70B-Instruct",priority="3",target_model_name="meta-llama/Llama-3.3-70B-Instruct",le="0.15"} 4112
llm_d_epp_request_streaming_tpot_seconds_bucket{fairness_id="interactive-users",model_name="meta-llama/Llama-3.3-70B-Instruct",priority="3",target_model_name="meta-llama/Llama-3.3-70B-Instruct",le="0.2"} 4115
llm_d_epp_request_streaming_tpot_seconds_bucket{fairness_id="interactive-users",model_name="meta-llama/Llama-3.3-70B-Instruct",priority="3",target_model_name="meta-llama/Llama-3.3-70B-Instruct",le="0.3"} 4117
llm_d_epp_request_streaming_tpot_seconds_bucket{fairness_id="interactive-users",model_name="meta-llama/Llama-3.3-70B-Instruct",priority="3",target_model_name="meta-llama/Llama-3.3-70B-Instruct",le="0.4"} 4119
llm_d_epp_request_streaming_tpot_seconds_bucket{fairness_id="interactive-users",model_name="meta-llama/Llama-3.3-70B-Instruct",priority="3",target_model_name="meta-llama/Llama-3.3-70B-Instruct",le="0.5"} 4119
llm_d_epp_request_streaming_tpot_seconds_bucket{fairness_id="interactive-users",model_name="meta-llama/Llama-3.3-70B-Instruct",priority="3",target_model_name="meta-llama/Llama-3.3-70B-Instruct",le="0.6"} 4119
llm_d_epp_request_streaming_tpot_seconds_bucket{fairness_id="interactive-users",model_name="meta-llama/Llama-3.3-70B-Instruct",priority="3",target_model_name="meta-llama/Llama-3.3-70B-Instruct",le="0.8"} 4119
llm_d_epp_request_streaming_tpot_seconds_bucket{fairness_id="interactive-users",model_name="meta-llama/Llama-3.3-70B-Instruct",priority="3",target_model_name="meta-llama/Llama-3.3-70B-Instruct",le="1"} 4119
llm_d_epp_request_streaming_tpot_seconds_bucket{fairness_id="interactive-users",model_name="meta-llama/Llama-3.3-70B-Instruct",priority="3",target_model_name="meta-llama/Llama-3.3-70B-Instruct",le="2"} 4119
llm_d_epp_request_streaming_tpot_seconds_bucket{fairness_id="interactive-users",model_name="meta-llama/Llama-3.3-70B-Instruct",priority="3",target_model_name="meta-llama/Llama-3.3-70B-Instruct",le="+Inf"} 4119
llm_d_epp_request_streaming_tpot_seconds_sum{fairness_id="interactive-users",model_name="meta-llama/Llama-3.3-70B-Instruct",priority="3",target_model_name="meta-llama/Llama-3.3-70B-Instruct"} 192.983819889652
llm_d_epp_request_streaming_tpot_seconds_count{fairness_id="interactive-users",model_name="meta-llama/Llama-3.3-70B-Instruct",priority="3",target_model_name="meta-llama/Llama-3.3-70B-Instruct"} 4119
# HELP llm_d_epp_request_total [ALPHA] Total number of processed requests.
# TYPE llm_d_epp_request_total counter
llm_d_epp_request_total{fairness_id="default-flow",model_name="meta-llama/Llama-3.3-70B-Instruct",priority="0",target_model_name="meta-llama/Llama-3.3-70B-Instruct"} 238
llm_d_epp_request_total{fairness_id="interactive-users",model_name="meta-llama/Llama-3.3-70B-Instruct",priority="3",target_model_name="meta-llama/Llama-3.3-70B-Instruct"} 4188
# HELP llm_d_epp_request_ttft_seconds [ALPHA] Time to first token in seconds, measured from request received to first response byte. For non-streaming requests, this equals total request duration.
# TYPE llm_d_epp_request_ttft_seconds histogram
llm_d_epp_request_ttft_seconds_bucket{fairness_id="default-flow",model_name="",priority="0",streaming="false",target_model_name="",le="0.005"} 2
llm_d_epp_request_ttft_seconds_bucket{fairness_id="default-flow",model_name="",priority="0",streaming="false",target_model_name="",le="0.025"} 2
llm_d_epp_request_ttft_seconds_bucket{fairness_id="default-flow",model_name="",priority="0",streaming="false",target_model_name="",le="0.05"} 2
llm_d_epp_request_ttft_seconds_bucket{fairness_id="default-flow",model_name="",priority="0",streaming="false",target_model_name="",le="0.1"} 2
llm_d_epp_request_ttft_seconds_bucket{fairness_id="default-flow",model_name="",priority="0",streaming="false",target_model_name="",le="0.2"} 2
llm_d_epp_request_ttft_seconds_bucket{fairness_id="default-flow",model_name="",priority="0",streaming="false",target_model_name="",le="0.4"} 2
llm_d_epp_request_ttft_seconds_bucket{fairness_id="default-flow",model_name="",priority="0",streaming="false",target_model_name="",le="0.6"} 2
llm_d_epp_request_ttft_seconds_bucket{fairness_id="default-flow",model_name="",priority="0",streaming="false",target_model_name="",le="0.8"} 2
llm_d_epp_request_ttft_seconds_bucket{fairness_id="default-flow",model_name="",priority="0",streaming="false",target_model_name="",le="1"} 2
llm_d_epp_request_ttft_seconds_bucket{fairness_id="default-flow",model_name="",priority="0",streaming="false",target_model_name="",le="1.25"} 2
llm_d_epp_request_ttft_seconds_bucket{fairness_id="default-flow",model_name="",priority="0",streaming="false",target_model_name="",le="1.5"} 2
llm_d_epp_request_ttft_seconds_bucket{fairness_id="default-flow",model_name="",priority="0",streaming="false",target_model_name="",le="2"} 2
llm_d_epp_request_ttft_seconds_bucket{fairness_id="default-flow",model_name="",priority="0",streaming="false",target_model_name="",le="3"} 2
llm_d_epp_request_ttft_seconds_bucket{fairness_id="default-flow",model_name="",priority="0",streaming="false",target_model_name="",le="4"} 2
llm_d_epp_request_ttft_seconds_bucket{fairness_id="default-flow",model_name="",priority="0",streaming="false",target_model_name="",le="5"} 2
llm_d_epp_request_ttft_seconds_bucket{fairness_id="default-flow",model_name="",priority="0",streaming="false",target_model_name="",le="6"} 2
llm_d_epp_request_ttft_seconds_bucket{fairness_id="default-flow",model_name="",priority="0",streaming="false",target_model_name="",le="8"} 2
llm_d_epp_request_ttft_seconds_bucket{fairness_id="default-flow",model_name="",priority="0",streaming="false",target_model_name="",le="10"} 2
llm_d_epp_request_ttft_seconds_bucket{fairness_id="default-flow",model_name="",priority="0",streaming="false",target_model_name="",le="15"} 2
llm_d_epp_request_ttft_seconds_bucket{fairness_id="default-flow",model_name="",priority="0",streaming="false",target_model_name="",le="20"} 2
llm_d_epp_request_ttft_seconds_bucket{fairness_id="default-flow",model_name="",priority="0",streaming="false",target_model_name="",le="30"} 2
llm_d_epp_request_ttft_seconds_bucket{fairness_id="default-flow",model_name="",priority="0",streaming="false",target_model_name="",le="45"} 2
llm_d_epp_request_ttft_seconds_bucket{fairness_id="default-flow",model_name="",priority="0",streaming="false",target_model_name="",le="60"} 2
llm_d_epp_request_ttft_seconds_bucket{fairness_id="default-flow",model_name="",priority="0",streaming="false",target_model_name="",le="120"} 2
llm_d_epp_request_ttft_seconds_bucket{fairness_id="default-flow",model_name="",priority="0",streaming="false",target_model_name="",le="+Inf"} 2
llm_d_epp_request_ttft_seconds_sum{fairness_id="default-flow",model_name="",priority="0",streaming="false",target_model_name=""} 0.006152474
llm_d_epp_request_ttft_seconds_count{fairness_id="default-flow",model_name="",priority="0",streaming="false",target_model_name=""} 2
llm_d_epp_request_ttft_seconds_bucket{fairness_id="default-flow",model_name="meta-llama/Llama-3.3-70B-Instruct",priority="0",streaming="false",target_model_name="meta-llama/Llama-3.3-70B-Instruct",le="0.005"} 0
llm_d_epp_request_ttft_seconds_bucket{fairness_id="default-flow",model_name="meta-llama/Llama-3.3-70B-Instruct",priority="0",streaming="false",target_model_name="meta-llama/Llama-3.3-70B-Instruct",le="0.025"} 0
llm_d_epp_request_ttft_seconds_bucket{fairness_id="default-flow",model_name="meta-llama/Llama-3.3-70B-Instruct",priority="0",streaming="false",target_model_name="meta-llama/Llama-3.3-70B-Instruct",le="0.05"} 1
llm_d_epp_request_ttft_seconds_bucket{fairness_id="default-flow",model_name="meta-llama/Llama-3.3-70B-Instruct",priority="0",streaming="false",target_model_name="meta-llama/Llama-3.3-70B-Instruct",le="0.1"} 1
llm_d_epp_request_ttft_seconds_bucket{fairness_id="default-flow",model_name="meta-llama/Llama-3.3-70B-Instruct",priority="0",streaming="false",target_model_name="meta-llama/Llama-3.3-70B-Instruct",le="0.2"} 2
llm_d_epp_request_ttft_seconds_bucket{fairness_id="default-flow",model_name="meta-llama/Llama-3.3-70B-Instruct",priority="0",streaming="false",target_model_name="meta-llama/Llama-3.3-70B-Instruct",le="0.4"} 2
llm_d_epp_request_ttft_seconds_bucket{fairness_id="default-flow",model_name="meta-llama/Llama-3.3-70B-Instruct",priority="0",streaming="false",target_model_name="meta-llama/Llama-3.3-70B-Instruct",le="0.6"} 2
llm_d_epp_request_ttft_seconds_bucket{fairness_id="default-flow",model_name="meta-llama/Llama-3.3-70B-Instruct",priority="0",streaming="false",target_model_name="meta-llama/Llama-3.3-70B-Instruct",le="0.8"} 2
llm_d_epp_request_ttft_seconds_bucket{fairness_id="default-flow",model_name="meta-llama/Llama-3.3-70B-Instruct",priority="0",streaming="false",target_model_name="meta-llama/Llama-3.3-70B-Instruct",le="1"} 2
llm_d_epp_request_ttft_seconds_bucket{fairness_id="default-flow",model_name="meta-llama/Llama-3.3-70B-Instruct",priority="0",streaming="false",target_model_name="meta-llama/Llama-3.3-70B-Instruct",le="1.25"} 238
llm_d_epp_request_ttft_seconds_bucket{fairness_id="default-flow",model_name="meta-llama/Llama-3.3-70B-Instruct",priority="0",streaming="false",target_model_name="meta-llama/Llama-3.3-70B-Instruct",le="1.5"} 238
llm_d_epp_request_ttft_seconds_bucket{fairness_id="default-flow",model_name="meta-llama/Llama-3.3-70B-Instruct",priority="0",streaming="false",target_model_name="meta-llama/Llama-3.3-70B-Instruct",le="2"} 238
llm_d_epp_request_ttft_seconds_bucket{fairness_id="default-flow",model_name="meta-llama/Llama-3.3-70B-Instruct",priority="0",streaming="false",target_model_name="meta-llama/Llama-3.3-70B-Instruct",le="3"} 238
llm_d_epp_request_ttft_seconds_bucket{fairness_id="default-flow",model_name="meta-llama/Llama-3.3-70B-Instruct",priority="0",streaming="false",target_model_name="meta-llama/Llama-3.3-70B-Instruct",le="4"} 238
llm_d_epp_request_ttft_seconds_bucket{fairness_id="default-flow",model_name="meta-llama/Llama-3.3-70B-Instruct",priority="0",streaming="false",target_model_name="meta-llama/Llama-3.3-70B-Instruct",le="5"} 238
llm_d_epp_request_ttft_seconds_bucket{fairness_id="default-flow",model_name="meta-llama/Llama-3.3-70B-Instruct",priority="0",streaming="false",target_model_name="meta-llama/Llama-3.3-70B-Instruct",le="6"} 238
llm_d_epp_request_ttft_seconds_bucket{fairness_id="default-flow",model_name="meta-llama/Llama-3.3-70B-Instruct",priority="0",streaming="false",target_model_name="meta-llama/Llama-3.3-70B-Instruct",le="8"} 238
llm_d_epp_request_ttft_seconds_bucket{fairness_id="default-flow",model_name="meta-llama/Llama-3.3-70B-Instruct",priority="0",streaming="false",target_model_name="meta-llama/Llama-3.3-70B-Instruct",le="10"} 238
llm_d_epp_request_ttft_seconds_bucket{fairness_id="default-flow",model_name="meta-llama/Llama-3.3-70B-Instruct",priority="0",streaming="false",target_model_name="meta-llama/Llama-3.3-70B-Instruct",le="15"} 238
llm_d_epp_request_ttft_seconds_bucket{fairness_id="default-flow",model_name="meta-llama/Llama-3.3-70B-Instruct",priority="0",streaming="false",target_model_name="meta-llama/Llama-3.3-70B-Instruct",le="20"} 238
llm_d_epp_request_ttft_seconds_bucket{fairness_id="default-flow",model_name="meta-llama/Llama-3.3-70B-Instruct",priority="0",streaming="false",target_model_name="meta-llama/Llama-3.3-70B-Instruct",le="30"} 238
llm_d_epp_request_ttft_seconds_bucket{fairness_id="default-flow",model_name="meta-llama/Llama-3.3-70B-Instruct",priority="0",streaming="false",target_model_name="meta-llama/Llama-3.3-70B-Instruct",le="45"} 238
llm_d_epp_request_ttft_seconds_bucket{fairness_id="default-flow",model_name="meta-llama/Llama-3.3-70B-Instruct",priority="0",streaming="false",target_model_name="meta-llama/Llama-3.3-70B-Instruct",le="60"} 238
llm_d_epp_request_ttft_seconds_bucket{fairness_id="default-flow",model_name="meta-llama/Llama-3.3-70B-Instruct",priority="0",streaming="false",target_model_name="meta-llama/Llama-3.3-70B-Instruct",le="120"} 238
llm_d_epp_request_ttft_seconds_bucket{fairness_id="default-flow",model_name="meta-llama/Llama-3.3-70B-Instruct",priority="0",streaming="false",target_model_name="meta-llama/Llama-3.3-70B-Instruct",le="+Inf"} 238
llm_d_epp_request_ttft_seconds_sum{fairness_id="default-flow",model_name="meta-llama/Llama-3.3-70B-Instruct",priority="0",streaming="false",target_model_name="meta-llama/Llama-3.3-70B-Instruct"} 242.48874796400005
llm_d_epp_request_ttft_seconds_count{fairness_id="default-flow",model_name="meta-llama/Llama-3.3-70B-Instruct",priority="0",streaming="false",target_model_name="meta-llama/Llama-3.3-70B-Instruct"} 238
llm_d_epp_request_ttft_seconds_bucket{fairness_id="interactive-users",model_name="meta-llama/Llama-3.3-70B-Instruct",priority="3",streaming="true",target_model_name="meta-llama/Llama-3.3-70B-Instruct",le="0.005"} 0
llm_d_epp_request_ttft_seconds_bucket{fairness_id="interactive-users",model_name="meta-llama/Llama-3.3-70B-Instruct",priority="3",streaming="true",target_model_name="meta-llama/Llama-3.3-70B-Instruct",le="0.025"} 0
llm_d_epp_request_ttft_seconds_bucket{fairness_id="interactive-users",model_name="meta-llama/Llama-3.3-70B-Instruct",priority="3",streaming="true",target_model_name="meta-llama/Llama-3.3-70B-Instruct",le="0.05"} 0
llm_d_epp_request_ttft_seconds_bucket{fairness_id="interactive-users",model_name="meta-llama/Llama-3.3-70B-Instruct",priority="3",streaming="true",target_model_name="meta-llama/Llama-3.3-70B-Instruct",le="0.1"} 64
llm_d_epp_request_ttft_seconds_bucket{fairness_id="interactive-users",model_name="meta-llama/Llama-3.3-70B-Instruct",priority="3",streaming="true",target_model_name="meta-llama/Llama-3.3-70B-Instruct",le="0.2"} 650
llm_d_epp_request_ttft_seconds_bucket{fairness_id="interactive-users",model_name="meta-llama/Llama-3.3-70B-Instruct",priority="3",streaming="true",target_model_name="meta-llama/Llama-3.3-70B-Instruct",le="0.4"} 2216
llm_d_epp_request_ttft_seconds_bucket{fairness_id="interactive-users",model_name="meta-llama/Llama-3.3-70B-Instruct",priority="3",streaming="true",target_model_name="meta-llama/Llama-3.3-70B-Instruct",le="0.6"} 3100
llm_d_epp_request_ttft_seconds_bucket{fairness_id="interactive-users",model_name="meta-llama/Llama-3.3-70B-Instruct",priority="3",streaming="true",target_model_name="meta-llama/Llama-3.3-70B-Instruct",le="0.8"} 3601
llm_d_epp_request_ttft_seconds_bucket{fairness_id="interactive-users",model_name="meta-llama/Llama-3.3-70B-Instruct",priority="3",streaming="true",target_model_name="meta-llama/Llama-3.3-70B-Instruct",le="1"} 3860
llm_d_epp_request_ttft_seconds_bucket{fairness_id="interactive-users",model_name="meta-llama/Llama-3.3-70B-Instruct",priority="3",streaming="true",target_model_name="meta-llama/Llama-3.3-70B-Instruct",le="1.25"} 4007
llm_d_epp_request_ttft_seconds_bucket{fairness_id="interactive-users",model_name="meta-llama/Llama-3.3-70B-Instruct",priority="3",streaming="true",target_model_name="meta-llama/Llama-3.3-70B-Instruct",le="1.5"} 4084
llm_d_epp_request_ttft_seconds_bucket{fairness_id="interactive-users",model_name="meta-llama/Llama-3.3-70B-Instruct",priority="3",streaming="true",target_model_name="meta-llama/Llama-3.3-70B-Instruct",le="2"} 4107
llm_d_epp_request_ttft_seconds_bucket{fairness_id="interactive-users",model_name="meta-llama/Llama-3.3-70B-Instruct",priority="3",streaming="true",target_model_name="meta-llama/Llama-3.3-70B-Instruct",le="3"} 4117
llm_d_epp_request_ttft_seconds_bucket{fairness_id="interactive-users",model_name="meta-llama/Llama-3.3-70B-Instruct",priority="3",streaming="true",target_model_name="meta-llama/Llama-3.3-70B-Instruct",le="4"} 4118
llm_d_epp_request_ttft_seconds_bucket{fairness_id="interactive-users",model_name="meta-llama/Llama-3.3-70B-Instruct",priority="3",streaming="true",target_model_name="meta-llama/Llama-3.3-70B-Instruct",le="5"} 4118
llm_d_epp_request_ttft_seconds_bucket{fairness_id="interactive-users",model_name="meta-llama/Llama-3.3-70B-Instruct",priority="3",streaming="true",target_model_name="meta-llama/Llama-3.3-70B-Instruct",le="6"} 4118
llm_d_epp_request_ttft_seconds_bucket{fairness_id="interactive-users",model_name="meta-llama/Llama-3.3-70B-Instruct",priority="3",streaming="true",target_model_name="meta-llama/Llama-3.3-70B-Instruct",le="8"} 4119
llm_d_epp_request_ttft_seconds_bucket{fairness_id="interactive-users",model_name="meta-llama/Llama-3.3-70B-Instruct",priority="3",streaming="true",target_model_name="meta-llama/Llama-3.3-70B-Instruct",le="10"} 4119
llm_d_epp_request_ttft_seconds_bucket{fairness_id="interactive-users",model_name="meta-llama/Llama-3.3-70B-Instruct",priority="3",streaming="true",target_model_name="meta-llama/Llama-3.3-70B-Instruct",le="15"} 4119
llm_d_epp_request_ttft_seconds_bucket{fairness_id="interactive-users",model_name="meta-llama/Llama-3.3-70B-Instruct",priority="3",streaming="true",target_model_name="meta-llama/Llama-3.3-70B-Instruct",le="20"} 4119
llm_d_epp_request_ttft_seconds_bucket{fairness_id="interactive-users",model_name="meta-llama/Llama-3.3-70B-Instruct",priority="3",streaming="true",target_model_name="meta-llama/Llama-3.3-70B-Instruct",le="30"} 4119
llm_d_epp_request_ttft_seconds_bucket{fairness_id="interactive-users",model_name="meta-llama/Llama-3.3-70B-Instruct",priority="3",streaming="true",target_model_name="meta-llama/Llama-3.3-70B-Instruct",le="45"} 4119
llm_d_epp_request_ttft_seconds_bucket{fairness_id="interactive-users",model_name="meta-llama/Llama-3.3-70B-Instruct",priority="3",streaming="true",target_model_name="meta-llama/Llama-3.3-70B-Instruct",le="60"} 4119
llm_d_epp_request_ttft_seconds_bucket{fairness_id="interactive-users",model_name="meta-llama/Llama-3.3-70B-Instruct",priority="3",streaming="true",target_model_name="meta-llama/Llama-3.3-70B-Instruct",le="120"} 4119
llm_d_epp_request_ttft_seconds_bucket{fairness_id="interactive-users",model_name="meta-llama/Llama-3.3-70B-Instruct",priority="3",streaming="true",target_model_name="meta-llama/Llama-3.3-70B-Instruct",le="+Inf"} 4119
llm_d_epp_request_ttft_seconds_sum{fairness_id="interactive-users",model_name="meta-llama/Llama-3.3-70B-Instruct",priority="3",streaming="true",target_model_name="meta-llama/Llama-3.3-70B-Instruct"} 1912.207358110998
llm_d_epp_request_ttft_seconds_count{fairness_id="interactive-users",model_name="meta-llama/Llama-3.3-70B-Instruct",priority="3",streaming="true",target_model_name="meta-llama/Llama-3.3-70B-Instruct"} 4119
# HELP llm_d_epp_response_processing_duration_seconds [ALPHA] EPP response processing latency distribution in seconds: the sum of per-chunk handler time for a streamed response, or the interval from response headers to completion for a non-streaming response.
# TYPE llm_d_epp_response_processing_duration_seconds histogram
llm_d_epp_response_processing_duration_seconds_bucket{le="0.0001"} 64
llm_d_epp_response_processing_duration_seconds_bucket{le="0.00025"} 234
llm_d_epp_response_processing_duration_seconds_bucket{le="0.0005"} 296
llm_d_epp_response_processing_duration_seconds_bucket{le="0.001"} 367
llm_d_epp_response_processing_duration_seconds_bucket{le="0.0025"} 451
llm_d_epp_response_processing_duration_seconds_bucket{le="0.005"} 667
llm_d_epp_response_processing_duration_seconds_bucket{le="0.01"} 1491
llm_d_epp_response_processing_duration_seconds_bucket{le="0.025"} 4067
llm_d_epp_response_processing_duration_seconds_bucket{le="0.05"} 4364
llm_d_epp_response_processing_duration_seconds_bucket{le="0.1"} 4366
llm_d_epp_response_processing_duration_seconds_bucket{le="0.25"} 4366
llm_d_epp_response_processing_duration_seconds_bucket{le="0.5"} 4366
llm_d_epp_response_processing_duration_seconds_bucket{le="1"} 4366
llm_d_epp_response_processing_duration_seconds_bucket{le="2.5"} 4366
llm_d_epp_response_processing_duration_seconds_bucket{le="5"} 4366
llm_d_epp_response_processing_duration_seconds_bucket{le="+Inf"} 4366
llm_d_epp_response_processing_duration_seconds_sum 58.345179439000205
llm_d_epp_response_processing_duration_seconds_count 4366
# HELP llm_d_epp_response_size_bytes [ALPHA] Outgoing response body size distribution in bytes.
# TYPE llm_d_epp_response_size_bytes histogram
llm_d_epp_response_size_bytes_bucket{fairness_id="default-flow",model_name="",priority="0",target_model_name="",le="1"} 0
llm_d_epp_response_size_bytes_bucket{fairness_id="default-flow",model_name="",priority="0",target_model_name="",le="8"} 0
llm_d_epp_response_size_bytes_bucket{fairness_id="default-flow",model_name="",priority="0",target_model_name="",le="16"} 0
llm_d_epp_response_size_bytes_bucket{fairness_id="default-flow",model_name="",priority="0",target_model_name="",le="32"} 0
llm_d_epp_response_size_bytes_bucket{fairness_id="default-flow",model_name="",priority="0",target_model_name="",le="64"} 0
llm_d_epp_response_size_bytes_bucket{fairness_id="default-flow",model_name="",priority="0",target_model_name="",le="128"} 0
llm_d_epp_response_size_bytes_bucket{fairness_id="default-flow",model_name="",priority="0",target_model_name="",le="256"} 0
llm_d_epp_response_size_bytes_bucket{fairness_id="default-flow",model_name="",priority="0",target_model_name="",le="512"} 0
llm_d_epp_response_size_bytes_bucket{fairness_id="default-flow",model_name="",priority="0",target_model_name="",le="1024"} 2
llm_d_epp_response_size_bytes_bucket{fairness_id="default-flow",model_name="",priority="0",target_model_name="",le="2048"} 2
llm_d_epp_response_size_bytes_bucket{fairness_id="default-flow",model_name="",priority="0",target_model_name="",le="4096"} 2
llm_d_epp_response_size_bytes_bucket{fairness_id="default-flow",model_name="",priority="0",target_model_name="",le="8192"} 2
llm_d_epp_response_size_bytes_bucket{fairness_id="default-flow",model_name="",priority="0",target_model_name="",le="16384"} 2
llm_d_epp_response_size_bytes_bucket{fairness_id="default-flow",model_name="",priority="0",target_model_name="",le="32778"} 2
llm_d_epp_response_size_bytes_bucket{fairness_id="default-flow",model_name="",priority="0",target_model_name="",le="65536"} 2
llm_d_epp_response_size_bytes_bucket{fairness_id="default-flow",model_name="",priority="0",target_model_name="",le="+Inf"} 2
llm_d_epp_response_size_bytes_sum{fairness_id="default-flow",model_name="",priority="0",target_model_name=""} 1044
llm_d_epp_response_size_bytes_count{fairness_id="default-flow",model_name="",priority="0",target_model_name=""} 2
llm_d_epp_response_size_bytes_bucket{fairness_id="default-flow",model_name="meta-llama/Llama-3.3-70B-Instruct",priority="0",target_model_name="meta-llama/Llama-3.3-70B-Instruct",le="1"} 0
llm_d_epp_response_size_bytes_bucket{fairness_id="default-flow",model_name="meta-llama/Llama-3.3-70B-Instruct",priority="0",target_model_name="meta-llama/Llama-3.3-70B-Instruct",le="8"} 0
llm_d_epp_response_size_bytes_bucket{fairness_id="default-flow",model_name="meta-llama/Llama-3.3-70B-Instruct",priority="0",target_model_name="meta-llama/Llama-3.3-70B-Instruct",le="16"} 0
llm_d_epp_response_size_bytes_bucket{fairness_id="default-flow",model_name="meta-llama/Llama-3.3-70B-Instruct",priority="0",target_model_name="meta-llama/Llama-3.3-70B-Instruct",le="32"} 0
llm_d_epp_response_size_bytes_bucket{fairness_id="default-flow",model_name="meta-llama/Llama-3.3-70B-Instruct",priority="0",target_model_name="meta-llama/Llama-3.3-70B-Instruct",le="64"} 0
llm_d_epp_response_size_bytes_bucket{fairness_id="default-flow",model_name="meta-llama/Llama-3.3-70B-Instruct",priority="0",target_model_name="meta-llama/Llama-3.3-70B-Instruct",le="128"} 0
llm_d_epp_response_size_bytes_bucket{fairness_id="default-flow",model_name="meta-llama/Llama-3.3-70B-Instruct",priority="0",target_model_name="meta-llama/Llama-3.3-70B-Instruct",le="256"} 0
llm_d_epp_response_size_bytes_bucket{fairness_id="default-flow",model_name="meta-llama/Llama-3.3-70B-Instruct",priority="0",target_model_name="meta-llama/Llama-3.3-70B-Instruct",le="512"} 0
llm_d_epp_response_size_bytes_bucket{fairness_id="default-flow",model_name="meta-llama/Llama-3.3-70B-Instruct",priority="0",target_model_name="meta-llama/Llama-3.3-70B-Instruct",le="1024"} 238
llm_d_epp_response_size_bytes_bucket{fairness_id="default-flow",model_name="meta-llama/Llama-3.3-70B-Instruct",priority="0",target_model_name="meta-llama/Llama-3.3-70B-Instruct",le="2048"} 238
llm_d_epp_response_size_bytes_bucket{fairness_id="default-flow",model_name="meta-llama/Llama-3.3-70B-Instruct",priority="0",target_model_name="meta-llama/Llama-3.3-70B-Instruct",le="4096"} 238
llm_d_epp_response_size_bytes_bucket{fairness_id="default-flow",model_name="meta-llama/Llama-3.3-70B-Instruct",priority="0",target_model_name="meta-llama/Llama-3.3-70B-Instruct",le="8192"} 238
llm_d_epp_response_size_bytes_bucket{fairness_id="default-flow",model_name="meta-llama/Llama-3.3-70B-Instruct",priority="0",target_model_name="meta-llama/Llama-3.3-70B-Instruct",le="16384"} 238
llm_d_epp_response_size_bytes_bucket{fairness_id="default-flow",model_name="meta-llama/Llama-3.3-70B-Instruct",priority="0",target_model_name="meta-llama/Llama-3.3-70B-Instruct",le="32778"} 238
llm_d_epp_response_size_bytes_bucket{fairness_id="default-flow",model_name="meta-llama/Llama-3.3-70B-Instruct",priority="0",target_model_name="meta-llama/Llama-3.3-70B-Instruct",le="65536"} 238
llm_d_epp_response_size_bytes_bucket{fairness_id="default-flow",model_name="meta-llama/Llama-3.3-70B-Instruct",priority="0",target_model_name="meta-llama/Llama-3.3-70B-Instruct",le="+Inf"} 238
llm_d_epp_response_size_bytes_sum{fairness_id="default-flow",model_name="meta-llama/Llama-3.3-70B-Instruct",priority="0",target_model_name="meta-llama/Llama-3.3-70B-Instruct"} 203904
llm_d_epp_response_size_bytes_count{fairness_id="default-flow",model_name="meta-llama/Llama-3.3-70B-Instruct",priority="0",target_model_name="meta-llama/Llama-3.3-70B-Instruct"} 238
llm_d_epp_response_size_bytes_bucket{fairness_id="interactive-users",model_name="meta-llama/Llama-3.3-70B-Instruct",priority="3",target_model_name="meta-llama/Llama-3.3-70B-Instruct",le="1"} 0
llm_d_epp_response_size_bytes_bucket{fairness_id="interactive-users",model_name="meta-llama/Llama-3.3-70B-Instruct",priority="3",target_model_name="meta-llama/Llama-3.3-70B-Instruct",le="8"} 0
llm_d_epp_response_size_bytes_bucket{fairness_id="interactive-users",model_name="meta-llama/Llama-3.3-70B-Instruct",priority="3",target_model_name="meta-llama/Llama-3.3-70B-Instruct",le="16"} 0
llm_d_epp_response_size_bytes_bucket{fairness_id="interactive-users",model_name="meta-llama/Llama-3.3-70B-Instruct",priority="3",target_model_name="meta-llama/Llama-3.3-70B-Instruct",le="32"} 0
llm_d_epp_response_size_bytes_bucket{fairness_id="interactive-users",model_name="meta-llama/Llama-3.3-70B-Instruct",priority="3",target_model_name="meta-llama/Llama-3.3-70B-Instruct",le="64"} 0
llm_d_epp_response_size_bytes_bucket{fairness_id="interactive-users",model_name="meta-llama/Llama-3.3-70B-Instruct",priority="3",target_model_name="meta-llama/Llama-3.3-70B-Instruct",le="128"} 0
llm_d_epp_response_size_bytes_bucket{fairness_id="interactive-users",model_name="meta-llama/Llama-3.3-70B-Instruct",priority="3",target_model_name="meta-llama/Llama-3.3-70B-Instruct",le="256"} 0
llm_d_epp_response_size_bytes_bucket{fairness_id="interactive-users",model_name="meta-llama/Llama-3.3-70B-Instruct",priority="3",target_model_name="meta-llama/Llama-3.3-70B-Instruct",le="512"} 0
llm_d_epp_response_size_bytes_bucket{fairness_id="interactive-users",model_name="meta-llama/Llama-3.3-70B-Instruct",priority="3",target_model_name="meta-llama/Llama-3.3-70B-Instruct",le="1024"} 0
llm_d_epp_response_size_bytes_bucket{fairness_id="interactive-users",model_name="meta-llama/Llama-3.3-70B-Instruct",priority="3",target_model_name="meta-llama/Llama-3.3-70B-Instruct",le="2048"} 0
llm_d_epp_response_size_bytes_bucket{fairness_id="interactive-users",model_name="meta-llama/Llama-3.3-70B-Instruct",priority="3",target_model_name="meta-llama/Llama-3.3-70B-Instruct",le="4096"} 95
llm_d_epp_response_size_bytes_bucket{fairness_id="interactive-users",model_name="meta-llama/Llama-3.3-70B-Instruct",priority="3",target_model_name="meta-llama/Llama-3.3-70B-Instruct",le="8192"} 135
llm_d_epp_response_size_bytes_bucket{fairness_id="interactive-users",model_name="meta-llama/Llama-3.3-70B-Instruct",priority="3",target_model_name="meta-llama/Llama-3.3-70B-Instruct",le="16384"} 184
llm_d_epp_response_size_bytes_bucket{fairness_id="interactive-users",model_name="meta-llama/Llama-3.3-70B-Instruct",priority="3",target_model_name="meta-llama/Llama-3.3-70B-Instruct",le="32778"} 318
llm_d_epp_response_size_bytes_bucket{fairness_id="interactive-users",model_name="meta-llama/Llama-3.3-70B-Instruct",priority="3",target_model_name="meta-llama/Llama-3.3-70B-Instruct",le="65536"} 873
llm_d_epp_response_size_bytes_bucket{fairness_id="interactive-users",model_name="meta-llama/Llama-3.3-70B-Instruct",priority="3",target_model_name="meta-llama/Llama-3.3-70B-Instruct",le="+Inf"} 4119
llm_d_epp_response_size_bytes_sum{fairness_id="interactive-users",model_name="meta-llama/Llama-3.3-70B-Instruct",priority="3",target_model_name="meta-llama/Llama-3.3-70B-Instruct"} 4.5162897e+08
llm_d_epp_response_size_bytes_count{fairness_id="interactive-users",model_name="meta-llama/Llama-3.3-70B-Instruct",priority="3",target_model_name="meta-llama/Llama-3.3-70B-Instruct"} 4119
# HELP llm_d_epp_scheduler_attempts_total [ALPHA] Total number of scheduling attempts.
# TYPE llm_d_epp_scheduler_attempts_total counter
llm_d_epp_scheduler_attempts_total{endpoint_name="meta-lla-888e33f1-instruct-decode-558d9f5fd4-gpn7r",namespace="kalantar-0",port="8000",status="success",target_model_name="meta-llama/Llama-3.3-70B-Instruct"} 2314
llm_d_epp_scheduler_attempts_total{endpoint_name="meta-lla-888e33f1-instruct-decode-558d9f5fd4-plptt",namespace="kalantar-0",port="8000",status="success",target_model_name="meta-llama/Llama-3.3-70B-Instruct"} 2112
# HELP llm_d_epp_scheduler_e2e_duration_seconds [ALPHA] End-to-end scheduling latency distribution in seconds.
# TYPE llm_d_epp_scheduler_e2e_duration_seconds histogram
llm_d_epp_scheduler_e2e_duration_seconds_bucket{le="0.0001"} 0
llm_d_epp_scheduler_e2e_duration_seconds_bucket{le="0.0002"} 2
llm_d_epp_scheduler_e2e_duration_seconds_bucket{le="0.0005"} 4178
llm_d_epp_scheduler_e2e_duration_seconds_bucket{le="0.001"} 4364
llm_d_epp_scheduler_e2e_duration_seconds_bucket{le="0.002"} 4397
llm_d_epp_scheduler_e2e_duration_seconds_bucket{le="0.005"} 4424
llm_d_epp_scheduler_e2e_duration_seconds_bucket{le="0.01"} 4426
llm_d_epp_scheduler_e2e_duration_seconds_bucket{le="0.02"} 4426
llm_d_epp_scheduler_e2e_duration_seconds_bucket{le="0.05"} 4426
llm_d_epp_scheduler_e2e_duration_seconds_bucket{le="0.1"} 4426
llm_d_epp_scheduler_e2e_duration_seconds_bucket{le="+Inf"} 4426
llm_d_epp_scheduler_e2e_duration_seconds_sum 1.6738697080000031
llm_d_epp_scheduler_e2e_duration_seconds_count 4426
# HELP llm_d_epp_std_dev_kv_cache_utilization [ALPHA] The standard deviation kv cache utilization for an inference server pool.
# TYPE llm_d_epp_std_dev_kv_cache_utilization gauge
llm_d_epp_std_dev_kv_cache_utilization{name="meta-lla-888e33f1-instruct-router"} 0.14
# HELP llm_d_epp_std_dev_queue_size [ALPHA] The standard deviation number of requests pending in the model server queue.
# TYPE llm_d_epp_std_dev_queue_size gauge
llm_d_epp_std_dev_queue_size{name="meta-lla-888e33f1-instruct-router"} 0
# HELP llm_d_epp_std_dev_running_requests [ALPHA] The standard deviation number of running requests across model servers in the pool.
# TYPE llm_d_epp_std_dev_running_requests gauge
llm_d_epp_std_dev_running_requests{name="meta-lla-888e33f1-instruct-router"} 14
# HELP process_cpu_seconds_total Total user and system CPU time spent in seconds.
# TYPE process_cpu_seconds_total counter
process_cpu_seconds_total 460.78
# HELP process_max_fds Maximum number of open file descriptors.
# TYPE process_max_fds gauge
process_max_fds 1.048576e+06
# HELP process_network_receive_bytes_total Number of bytes received by the process over the network.
# TYPE process_network_receive_bytes_total counter
process_network_receive_bytes_total 6.673885251e+09
# HELP process_network_transmit_bytes_total Number of bytes sent by the process over the network.
# TYPE process_network_transmit_bytes_total counter
process_network_transmit_bytes_total 2.282274506e+09
# HELP process_open_fds Number of open file descriptors.
# TYPE process_open_fds gauge
process_open_fds 25
# HELP process_resident_memory_bytes Resident memory size in bytes.
# TYPE process_resident_memory_bytes gauge
process_resident_memory_bytes 1.33054464e+08
# HELP process_start_time_seconds Start time of the process since unix epoch in seconds.
# TYPE process_start_time_seconds gauge
process_start_time_seconds 1.78893346151e+09
# HELP process_virtual_memory_bytes Virtual memory size in bytes.
# TYPE process_virtual_memory_bytes gauge
process_virtual_memory_bytes 1.594699776e+09
# HELP process_virtual_memory_max_bytes Maximum amount of virtual memory available in bytes.
# TYPE process_virtual_memory_max_bytes gauge
process_virtual_memory_max_bytes 1.8446744073709552e+19
# HELP rest_client_requests_total Number of HTTP requests, partitioned by status code, method, and host.
# TYPE rest_client_requests_total counter
rest_client_requests_total{code="200",host="172.30.0.1:443",method="GET"} 18
rest_client_requests_total{code="201",host="172.30.0.1:443",method="POST"} 19
# HELP workqueue_adds_total Total number of adds handled by workqueue
# TYPE workqueue_adds_total counter
workqueue_adds_total{controller="inferencemodelrewrite",name="inferencemodelrewrite"} 0
workqueue_adds_total{controller="inferenceobjective",name="inferenceobjective"} 1
workqueue_adds_total{controller="inferencepool",name="inferencepool"} 1
workqueue_adds_total{controller="pod",name="pod"} 32
# HELP workqueue_depth Current depth of workqueue by workqueue and priority
# TYPE workqueue_depth gauge
workqueue_depth{controller="inferenceobjective",name="inferenceobjective",priority="-100"} 0
workqueue_depth{controller="inferencepool",name="inferencepool",priority="-100"} 0
workqueue_depth{controller="pod",name="pod",priority="0"} 0
# HELP workqueue_longest_running_processor_seconds How many seconds has the longest running processor for workqueue been running.
# TYPE workqueue_longest_running_processor_seconds gauge
workqueue_longest_running_processor_seconds{controller="inferencemodelrewrite",name="inferencemodelrewrite"} 0
workqueue_longest_running_processor_seconds{controller="inferenceobjective",name="inferenceobjective"} 0
workqueue_longest_running_processor_seconds{controller="inferencepool",name="inferencepool"} 0
workqueue_longest_running_processor_seconds{controller="pod",name="pod"} 0
# HELP workqueue_queue_duration_seconds How long in seconds an item stays in workqueue before being requested
# TYPE workqueue_queue_duration_seconds histogram
workqueue_queue_duration_seconds_bucket{controller="inferencemodelrewrite",name="inferencemodelrewrite",le="1e-08"} 0
workqueue_queue_duration_seconds_bucket{controller="inferencemodelrewrite",name="inferencemodelrewrite",le="1e-07"} 0
workqueue_queue_duration_seconds_bucket{controller="inferencemodelrewrite",name="inferencemodelrewrite",le="1e-06"} 0
workqueue_queue_duration_seconds_bucket{controller="inferencemodelrewrite",name="inferencemodelrewrite",le="9.999999999999999e-06"} 0
workqueue_queue_duration_seconds_bucket{controller="inferencemodelrewrite",name="inferencemodelrewrite",le="9.999999999999999e-05"} 0
workqueue_queue_duration_seconds_bucket{controller="inferencemodelrewrite",name="inferencemodelrewrite",le="0.001"} 0
workqueue_queue_duration_seconds_bucket{controller="inferencemodelrewrite",name="inferencemodelrewrite",le="0.01"} 0
workqueue_queue_duration_seconds_bucket{controller="inferencemodelrewrite",name="inferencemodelrewrite",le="0.1"} 0
workqueue_queue_duration_seconds_bucket{controller="inferencemodelrewrite",name="inferencemodelrewrite",le="1"} 0
workqueue_queue_duration_seconds_bucket{controller="inferencemodelrewrite",name="inferencemodelrewrite",le="10"} 0
workqueue_queue_duration_seconds_bucket{controller="inferencemodelrewrite",name="inferencemodelrewrite",le="100"} 0
workqueue_queue_duration_seconds_bucket{controller="inferencemodelrewrite",name="inferencemodelrewrite",le="1000"} 0
workqueue_queue_duration_seconds_bucket{controller="inferencemodelrewrite",name="inferencemodelrewrite",le="+Inf"} 0
workqueue_queue_duration_seconds_sum{controller="inferencemodelrewrite",name="inferencemodelrewrite"} 0
workqueue_queue_duration_seconds_count{controller="inferencemodelrewrite",name="inferencemodelrewrite"} 0
workqueue_queue_duration_seconds_bucket{controller="inferenceobjective",name="inferenceobjective",le="1e-08"} 0
workqueue_queue_duration_seconds_bucket{controller="inferenceobjective",name="inferenceobjective",le="1e-07"} 0
workqueue_queue_duration_seconds_bucket{controller="inferenceobjective",name="inferenceobjective",le="1e-06"} 0
workqueue_queue_duration_seconds_bucket{controller="inferenceobjective",name="inferenceobjective",le="9.999999999999999e-06"} 0
workqueue_queue_duration_seconds_bucket{controller="inferenceobjective",name="inferenceobjective",le="9.999999999999999e-05"} 0
workqueue_queue_duration_seconds_bucket{controller="inferenceobjective",name="inferenceobjective",le="0.001"} 0
workqueue_queue_duration_seconds_bucket{controller="inferenceobjective",name="inferenceobjective",le="0.01"} 0
workqueue_queue_duration_seconds_bucket{controller="inferenceobjective",name="inferenceobjective",le="0.1"} 0
workqueue_queue_duration_seconds_bucket{controller="inferenceobjective",name="inferenceobjective",le="1"} 1
workqueue_queue_duration_seconds_bucket{controller="inferenceobjective",name="inferenceobjective",le="10"} 1
workqueue_queue_duration_seconds_bucket{controller="inferenceobjective",name="inferenceobjective",le="100"} 1
workqueue_queue_duration_seconds_bucket{controller="inferenceobjective",name="inferenceobjective",le="1000"} 1
workqueue_queue_duration_seconds_bucket{controller="inferenceobjective",name="inferenceobjective",le="+Inf"} 1
workqueue_queue_duration_seconds_sum{controller="inferenceobjective",name="inferenceobjective"} 0.100066195
workqueue_queue_duration_seconds_count{controller="inferenceobjective",name="inferenceobjective"} 1
workqueue_queue_duration_seconds_bucket{controller="inferencepool",name="inferencepool",le="1e-08"} 0
workqueue_queue_duration_seconds_bucket{controller="inferencepool",name="inferencepool",le="1e-07"} 0
workqueue_queue_duration_seconds_bucket{controller="inferencepool",name="inferencepool",le="1e-06"} 0
workqueue_queue_duration_seconds_bucket{controller="inferencepool",name="inferencepool",le="9.999999999999999e-06"} 0
workqueue_queue_duration_seconds_bucket{controller="inferencepool",name="inferencepool",le="9.999999999999999e-05"} 0
workqueue_queue_duration_seconds_bucket{controller="inferencepool",name="inferencepool",le="0.001"} 0
workqueue_queue_duration_seconds_bucket{controller="inferencepool",name="inferencepool",le="0.01"} 0
workqueue_queue_duration_seconds_bucket{controller="inferencepool",name="inferencepool",le="0.1"} 0
workqueue_queue_duration_seconds_bucket{controller="inferencepool",name="inferencepool",le="1"} 1
workqueue_queue_duration_seconds_bucket{controller="inferencepool",name="inferencepool",le="10"} 1
workqueue_queue_duration_seconds_bucket{controller="inferencepool",name="inferencepool",le="100"} 1
workqueue_queue_duration_seconds_bucket{controller="inferencepool",name="inferencepool",le="1000"} 1
workqueue_queue_duration_seconds_bucket{controller="inferencepool",name="inferencepool",le="+Inf"} 1
workqueue_queue_duration_seconds_sum{controller="inferencepool",name="inferencepool"} 0.100687639
workqueue_queue_duration_seconds_count{controller="inferencepool",name="inferencepool"} 1
workqueue_queue_duration_seconds_bucket{controller="pod",name="pod",le="1e-08"} 0
workqueue_queue_duration_seconds_bucket{controller="pod",name="pod",le="1e-07"} 0
workqueue_queue_duration_seconds_bucket{controller="pod",name="pod",le="1e-06"} 0
workqueue_queue_duration_seconds_bucket{controller="pod",name="pod",le="9.999999999999999e-06"} 30
workqueue_queue_duration_seconds_bucket{controller="pod",name="pod",le="9.999999999999999e-05"} 32
workqueue_queue_duration_seconds_bucket{controller="pod",name="pod",le="0.001"} 32
workqueue_queue_duration_seconds_bucket{controller="pod",name="pod",le="0.01"} 32
workqueue_queue_duration_seconds_bucket{controller="pod",name="pod",le="0.1"} 32
workqueue_queue_duration_seconds_bucket{controller="pod",name="pod",le="1"} 32
workqueue_queue_duration_seconds_bucket{controller="pod",name="pod",le="10"} 32
workqueue_queue_duration_seconds_bucket{controller="pod",name="pod",le="100"} 32
workqueue_queue_duration_seconds_bucket{controller="pod",name="pod",le="1000"} 32
workqueue_queue_duration_seconds_bucket{controller="pod",name="pod",le="+Inf"} 32
workqueue_queue_duration_seconds_sum{controller="pod",name="pod"} 0.00020456899999999996
workqueue_queue_duration_seconds_count{controller="pod",name="pod"} 32
# HELP workqueue_retries_total Total number of retries handled by workqueue
# TYPE workqueue_retries_total counter
workqueue_retries_total{controller="inferencemodelrewrite",name="inferencemodelrewrite"} 0
workqueue_retries_total{controller="inferenceobjective",name="inferenceobjective"} 0
workqueue_retries_total{controller="inferencepool",name="inferencepool"} 0
workqueue_retries_total{controller="pod",name="pod"} 0
# HELP workqueue_unfinished_work_seconds How many seconds of work has been done that is in progress and hasn't been observed by work_duration. Large values indicate stuck threads. One can deduce the number of stuck threads by observing the rate at which this increases.
# TYPE workqueue_unfinished_work_seconds gauge
workqueue_unfinished_work_seconds{controller="inferencemodelrewrite",name="inferencemodelrewrite"} 0
workqueue_unfinished_work_seconds{controller="inferenceobjective",name="inferenceobjective"} 0
workqueue_unfinished_work_seconds{controller="inferencepool",name="inferencepool"} 0
workqueue_unfinished_work_seconds{controller="pod",name="pod"} 0
# HELP workqueue_work_duration_seconds How long in seconds processing an item from workqueue takes.
# TYPE workqueue_work_duration_seconds histogram
workqueue_work_duration_seconds_bucket{controller="inferencemodelrewrite",name="inferencemodelrewrite",le="1e-08"} 0
workqueue_work_duration_seconds_bucket{controller="inferencemodelrewrite",name="inferencemodelrewrite",le="1e-07"} 0
workqueue_work_duration_seconds_bucket{controller="inferencemodelrewrite",name="inferencemodelrewrite",le="1e-06"} 0
workqueue_work_duration_seconds_bucket{controller="inferencemodelrewrite",name="inferencemodelrewrite",le="9.999999999999999e-06"} 0
workqueue_work_duration_seconds_bucket{controller="inferencemodelrewrite",name="inferencemodelrewrite",le="9.999999999999999e-05"} 0
workqueue_work_duration_seconds_bucket{controller="inferencemodelrewrite",name="inferencemodelrewrite",le="0.001"} 0
workqueue_work_duration_seconds_bucket{controller="inferencemodelrewrite",name="inferencemodelrewrite",le="0.01"} 0
workqueue_work_duration_seconds_bucket{controller="inferencemodelrewrite",name="inferencemodelrewrite",le="0.1"} 0
workqueue_work_duration_seconds_bucket{controller="inferencemodelrewrite",name="inferencemodelrewrite",le="1"} 0
workqueue_work_duration_seconds_bucket{controller="inferencemodelrewrite",name="inferencemodelrewrite",le="10"} 0
workqueue_work_duration_seconds_bucket{controller="inferencemodelrewrite",name="inferencemodelrewrite",le="100"} 0
workqueue_work_duration_seconds_bucket{controller="inferencemodelrewrite",name="inferencemodelrewrite",le="1000"} 0
workqueue_work_duration_seconds_bucket{controller="inferencemodelrewrite",name="inferencemodelrewrite",le="+Inf"} 0
workqueue_work_duration_seconds_sum{controller="inferencemodelrewrite",name="inferencemodelrewrite"} 0
workqueue_work_duration_seconds_count{controller="inferencemodelrewrite",name="inferencemodelrewrite"} 0
workqueue_work_duration_seconds_bucket{controller="inferenceobjective",name="inferenceobjective",le="1e-08"} 0
workqueue_work_duration_seconds_bucket{controller="inferenceobjective",name="inferenceobjective",le="1e-07"} 0
workqueue_work_duration_seconds_bucket{controller="inferenceobjective",name="inferenceobjective",le="1e-06"} 0
workqueue_work_duration_seconds_bucket{controller="inferenceobjective",name="inferenceobjective",le="9.999999999999999e-06"} 0
workqueue_work_duration_seconds_bucket{controller="inferenceobjective",name="inferenceobjective",le="9.999999999999999e-05"} 0
workqueue_work_duration_seconds_bucket{controller="inferenceobjective",name="inferenceobjective",le="0.001"} 1
workqueue_work_duration_seconds_bucket{controller="inferenceobjective",name="inferenceobjective",le="0.01"} 1
workqueue_work_duration_seconds_bucket{controller="inferenceobjective",name="inferenceobjective",le="0.1"} 1
workqueue_work_duration_seconds_bucket{controller="inferenceobjective",name="inferenceobjective",le="1"} 1
workqueue_work_duration_seconds_bucket{controller="inferenceobjective",name="inferenceobjective",le="10"} 1
workqueue_work_duration_seconds_bucket{controller="inferenceobjective",name="inferenceobjective",le="100"} 1
workqueue_work_duration_seconds_bucket{controller="inferenceobjective",name="inferenceobjective",le="1000"} 1
workqueue_work_duration_seconds_bucket{controller="inferenceobjective",name="inferenceobjective",le="+Inf"} 1
workqueue_work_duration_seconds_sum{controller="inferenceobjective",name="inferenceobjective"} 0.000151915
workqueue_work_duration_seconds_count{controller="inferenceobjective",name="inferenceobjective"} 1
workqueue_work_duration_seconds_bucket{controller="inferencepool",name="inferencepool",le="1e-08"} 0
workqueue_work_duration_seconds_bucket{controller="inferencepool",name="inferencepool",le="1e-07"} 0
workqueue_work_duration_seconds_bucket{controller="inferencepool",name="inferencepool",le="1e-06"} 0
workqueue_work_duration_seconds_bucket{controller="inferencepool",name="inferencepool",le="9.999999999999999e-06"} 0
workqueue_work_duration_seconds_bucket{controller="inferencepool",name="inferencepool",le="9.999999999999999e-05"} 0
workqueue_work_duration_seconds_bucket{controller="inferencepool",name="inferencepool",le="0.001"} 1
workqueue_work_duration_seconds_bucket{controller="inferencepool",name="inferencepool",le="0.01"} 1
workqueue_work_duration_seconds_bucket{controller="inferencepool",name="inferencepool",le="0.1"} 1
workqueue_work_duration_seconds_bucket{controller="inferencepool",name="inferencepool",le="1"} 1
workqueue_work_duration_seconds_bucket{controller="inferencepool",name="inferencepool",le="10"} 1
workqueue_work_duration_seconds_bucket{controller="inferencepool",name="inferencepool",le="100"} 1
workqueue_work_duration_seconds_bucket{controller="inferencepool",name="inferencepool",le="1000"} 1
workqueue_work_duration_seconds_bucket{controller="inferencepool",name="inferencepool",le="+Inf"} 1
workqueue_work_duration_seconds_sum{controller="inferencepool",name="inferencepool"} 0.000279831
workqueue_work_duration_seconds_count{controller="inferencepool",name="inferencepool"} 1
workqueue_work_duration_seconds_bucket{controller="pod",name="pod",le="1e-08"} 0
workqueue_work_duration_seconds_bucket{controller="pod",name="pod",le="1e-07"} 0
workqueue_work_duration_seconds_bucket{controller="pod",name="pod",le="1e-06"} 0
workqueue_work_duration_seconds_bucket{controller="pod",name="pod",le="9.999999999999999e-06"} 0
workqueue_work_duration_seconds_bucket{controller="pod",name="pod",le="9.999999999999999e-05"} 0
workqueue_work_duration_seconds_bucket{controller="pod",name="pod",le="0.001"} 32
workqueue_work_duration_seconds_bucket{controller="pod",name="pod",le="0.01"} 32
workqueue_work_duration_seconds_bucket{controller="pod",name="pod",le="0.1"} 32
workqueue_work_duration_seconds_bucket{controller="pod",name="pod",le="1"} 32
workqueue_work_duration_seconds_bucket{controller="pod",name="pod",le="10"} 32
workqueue_work_duration_seconds_bucket{controller="pod",name="pod",le="100"} 32
workqueue_work_duration_seconds_bucket{controller="pod",name="pod",le="1000"} 32
workqueue_work_duration_seconds_bucket{controller="pod",name="pod",le="+Inf"} 32
workqueue_work_duration_seconds_sum{controller="pod",name="pod"} 0.006872898999999999
workqueue_work_duration_seconds_count{controller="pod",name="pod"} 32

